match_id,match_type,ball_type,status,start_datetime,city_id,city_name,ground_id,ground_name,tournament_id,tournament_name,tournament_category,tournament_round_id,tournament_round_name,team_a_id,team_a_name,team_a_summary,team_b_id,team_b_name,team_b_summary,toss_details,win_by,winning_team,match_result,is_dl,is_super_over,fetched_at
52217,Limited Overs,TENNIS,past,2018-02-05T06:58:00.000Z,3003,Pune,10360,Megapolis Cricket Ground,6622,SQS Premier League 2018,,6140,League Matches,65866,Allianz,50/5,65862,PLM A,54/4,Toss: PLM A opt to field,10 wickets,PLM A,Resulted,0,0,2026-09-01T20:30:29.296971+00:00
53532,Limited Overs,TENNIS,past,2018-02-09T06:51:00.000Z,3003,Pune,10360,Megapolis Cricket Ground,6622,SQS Premier League 2018,,6140,League Matches,65866,Allianz,82/2,65878,SQS SAP B,51/5,Toss: Allianz opt to bat,31 runs,Allianz,Resulted,0,0,2026-09-01T20:30:29.296971+00:00
55925,Limited Overs,TENNIS,past,2018-02-15T06:31:05.000Z,3003,Pune,10360,Megapolis Cricket Ground,6622,SQS Premier League 2018,,6140,League Matches,65866,Allianz,71/3,65940,SQS All Stars,36/6,Toss: SQS All Stars opt to field,35 runs,Allianz,Resulted,0,0,2026-09-01T20:30:29.296971+00:00
58754,Limited Overs,TENNIS,past,2018-02-23T04:43:54.000Z,3003,Pune,10360,Megapolis Cricket Ground,6622,SQS Premier League 2018,,6141,Quarter Final,65866,Allianz,51/4,64988,SQS GG,52/1,Toss: Allianz opt to bat,9 wickets,SQS GG,Resulted,0,0,2026-09-01T20:30:29.296971+00:00
185471,Limited Overs,TENNIS,past,2018-11-24T08:43:04.000Z,3003,Pune,13721,Symbiosis Cricket Ground,26250,T-10 Corporate Cricket League 2018,PREMIUM,37686,League Matches,176363,Expleo,72/7,178754,Fiserv,73/2,Toss: Expleo opt to bat,8 wickets,Fiserv,Resulted,0,0,2026-09-01T20:30:29.296971+00:00
185479,Limited Overs,TENNIS,past,2018-11-25T03:18:34.000Z,3003,Pune,13721,Symbiosis Cricket Ground,26250,T-10 Corporate Cricket League 2018,PREMIUM,37686,League Matches,176363,Expleo,70/7,176365,Wipro Technologies,69/7,Toss: Wipro Technologies opt to field,1 run,Expleo,Resulted,0,0,2026-09-01T20:30:29.296971+00:00
188858,Limited Overs,TENNIS,past,2018-12-02T07:31:13.000Z,3003,Pune,13721,Symbiosis Cricket Ground,26250,T-10 Corporate Cricket League 2018,PREMIUM,37686,League Matches,176363,Expleo,52/4,178755,Calsoft,54/3,Toss: Expleo opt to bat,7 wickets,Calsoft,Resulted,0,0,2026-09-01T20:30:29.296971+00:00
195297,Limited Overs,LEATHER,past,2018-12-08T04:05:38.000Z,3003,Pune,6853,Infinity Cricket Ground,20963,AFC IT-CORPORAT T20 PREMIER LEAGUE 2018,,34096,League Matches,311199,Corporate Willowers Pune,165/6,162407,Syntel Pune,166/7,Toss: Corporate Willowers Pune opt to bat,3 wickets,Syntel Pune,Resulted,0,0,2026-09-01T20:30:29.296971+00:00
205599,Limited Overs,TENNIS,past,2018-12-16T13:05:00.000Z,3003,Pune,13721,Symbiosis Cricket Ground,28507,T-10 Corporate Cricket League (Sponsors) 2018,,41234,League Matches,188485,Windows Group,84/6,188486,Chinmaya Vibhooti,78/3,Toss: Chinmaya Vibhooti opt to field,6 runs,Windows Group,Resulted,0,0,2026-09-01T20:30:29.296971+00:00
239737,Limited Overs,TENNIS,past,2019-02-09T07:01:40.000Z,3003,Pune,40684,Teerth 130X130 Yards,37185,Corporate Cricket Tournament 2019,,55048,League Match Round 1,225517,Globacom Old Monksss,88/5,225994,Infovision,68/4,Toss: Globacom Old Monksss opt to bat,20 runs,Globacom Old Monksss,Resulted,0,0,2026-09-01T20:30:29.296971+00:00
268972,Limited Overs,TENNIS,past,2019-02-10T07:34:17.000Z,3003,Pune,40684,Teerth 130X130 Yards,37185,Corporate Cricket Tournament 2019,,62944,League Match Round 3,225994,Infovision,84/2,225993,Maestrotek,58/10,Toss: Infovision opt to bat,26 runs,Infovision,Resulted,0,0,2026-09-01T20:30:29.296971+00:00
274199,Limited Overs,TENNIS,past,2019-02-16T06:16:00.000Z,3003,Pune,40684,Teerth 130X130 Yards,37185,Corporate Cricket Tournament 2019,,63124,Quarter Final,225994,Infovision,72/5,225987,M3bi,73/4,Toss: M3bi opt to field,7 wickets,M3bi,Resulted,0,0,2026-09-01T20:30:29.296971+00:00
288761,Limited Overs,TENNIS,past,2019-02-26T06:19:34.000Z,3003,Pune,10360,Megapolis Cricket Ground,43435,Expleo Cricket League 2019,,66546,League Matches,65866,Allianz,51/6,274033,VW Ground Floor,57/2,Toss: Allianz opt to bat,8 wickets,VW Ground Floor,Resulted,0,0,2026-09-01T20:30:29.296971+00:00
291423,Limited Overs,TENNIS,past,2019-03-01T05:00:00.000Z,3003,Pune,10360,Megapolis Cricket Ground,43435,Expleo Cricket League 2019,,66546,League Matches,65866,Allianz,83/2,64614,Expleo Corporate,56/2,Toss: Allianz opt to bat,27 runs,Allianz,Resulted,0,0,2026-09-01T20:30:29.296971+00:00
298358,Limited Overs,TENNIS,past,2019-03-07T05:01:00.000Z,3003,Pune,10360,Megapolis Cricket Ground,43435,Expleo Cricket League 2019,,66546,League Matches,64334,Enterprise A,44/4,65866,Allianz,45/0,Toss: Enterprise A opt to bat,10 wickets,Allianz,Resulted,0,0,2026-09-01T20:30:29.296971+00:00
300436,Limited Overs,TENNIS,past,2019-03-09T04:30:00.000Z,3003,Pune,20374,DonBoscoSchool Yerwada,44457,3rd Edition Of Box Cricket 2019,,68635,Round Two,276386,WK Terminators,32/7,276365,Team Mirage,35/3,Toss: Team Mirage opt to field,4 wickets,Team Mirage,Resulted,0,0,2026-09-01T20:30:29.296971+00:00
300902,Limited Overs,TENNIS,past,2019-03-09T08:29:52.000Z,3003,Pune,20374,DonBoscoSchool Yerwada,44457,3rd Edition Of Box Cricket 2019,,68636,Quarter Final,276366,Report Warriors,61/4,276365,Team Mirage,61/5,Toss: Team Mirage opt to field,Super Over,Team Mirage,Resulted,0,0,2026-09-01T20:30:29.296971+00:00
301083,Limited Overs,TENNIS,past,2019-03-09T10:01:17.000Z,3003,Pune,20374,DonBoscoSchool Yerwada,44457,3rd Edition Of Box Cricket 2019,,68637,Semi Final,67215,WK Patriots,27/7,276365,Team Mirage,28/1,Toss: Team Mirage opt to field,6 wickets,Team Mirage,Resulted,0,0,2026-09-01T20:30:29.296971+00:00
301200,Limited Overs,TENNIS,past,2019-03-09T11:23:48.000Z,3003,Pune,20374,DonBoscoSchool Yerwada,44457,3rd Edition Of Box Cricket 2019,,68638,Final,276116,WK Dream 11 Cricket Blast,23/7,276365,Team Mirage,25/1,Toss: Team Mirage opt to field,6 wickets,Team Mirage,Resulted,0,0,2026-09-01T20:30:29.296971+00:00
303891,Limited Overs,TENNIS,past,2019-03-11T05:19:13.000Z,3003,Pune,10360,Megapolis Cricket Ground,43435,Expleo Cricket League 2019,,66546,League Matches,65866,Allianz,108/1,65867,ITS,30/4,Toss: ITS opt to field,78 runs,Allianz,Resulted,0,0,2026-09-01T20:30:29.296971+00:00
305527,Limited Overs,TENNIS,past,2019-03-23T05:21:25.000Z,3003,Pune,8060,Desire Sports Corporation Grounds,45329,Jubilant Premier League - (JPL Season 6),,72341,League Matches,281083,Magarpatta Kings (JPL),51/9,281084,Aakraman -JPL,41/10,Toss: Aakraman -JPL opt to field,10 runs,Magarpatta Kings (JPL),Resulted,0,0,2026-09-01T20:30:29.296971+00:00
307483,Limited Overs,TENNIS,past,2019-03-15T05:09:17.000Z,3003,Pune,10360,Megapolis Cricket Ground,43435,Expleo Cricket League 2019,,72907,Semi Final,273999,Enterprise B,52/7,65866,Allianz,53/2,Toss: Enterprise B opt to bat,8 wickets,Allianz,Resulted,0,0,2026-09-01T20:30:29.296971+00:00
307830,Limited Overs,TENNIS,past,2019-03-16T02:24:10.000Z,3003,Pune,51064,Vittal Nagar,46118,GK Silverland Series,,73031,League Match Round 3,285804,GK Silverland,68/9,289414,Kiwale 11,71/8,Toss: GK Silverland opt to bat,2 wickets,Kiwale 11,Resulted,0,0,2026-09-01T20:30:29.296971+00:00
307832,Limited Overs,TENNIS,past,2019-03-16T03:52:24.000Z,3003,Pune,51064,Vittal Nagar,46118,GK Silverland Series,,73031,League Match Round 3,289414,Kiwale 11,91/8,285804,GK Silverland,91/7,Toss: GK Silverland opt to field,Tie,,Tie,0,0,2026-09-01T20:30:29.296971+00:00
309173,Limited Overs,TENNIS,past,2019-03-17T02:35:06.000Z,3003,Pune,51064,Vittal Nagar,46118,GK Silverland Series,,73029,League Match Round 1,285804,GK Silverland,76/6,289414,Kiwale 11,69/8,Toss: GK Silverland opt to bat,7 runs,GK Silverland,Resulted,0,0,2026-09-01T20:30:29.296971+00:00
311566,Limited Overs,LEATHER,past,2019-03-17T07:50:39.000Z,3003,Pune,46366,Flame University Cricket Ground,41380,FLAME University T20 CCL 4th Edition 2019,,62663,League Matches,258443,ATOS | Syntel Pune,133/3,192263,KPIT PUNE,108/10,Toss: ATOS | Syntel Pune opt to bat,25 runs,ATOS | Syntel Pune,Resulted,0,0,2026-09-01T20:30:29.296971+00:00
313594,Limited Overs,TENNIS,past,2019-03-19T05:10:47.000Z,3003,Pune,10360,Megapolis Cricket Ground,43435,Expleo Cricket League 2019,,73078,Final,65866,Allianz,69/3,274060,A&M Team,54/5,Toss: Allianz opt to bat,15 runs,Allianz,Resulted,0,0,2026-09-01T20:30:29.296971+00:00
318200,Limited Overs,TENNIS,past,2019-03-23T02:20:35.000Z,3003,Pune,51064,Vittal Nagar,46118,GK Silverland Series,,73028,League Matches,289414,Kiwale 11,75/8,285804,GK Silverland,75/7,Toss: Kiwale 11 opt to bat,Tie,,Tie,0,0,2026-09-01T20:30:29.296971+00:00
318428,Limited Overs,TENNIS,past,2019-03-23T04:04:00.000Z,3003,Pune,51064,Vittal Nagar,46118,GK Silverland Series,,73028,League Matches,289414,Kiwale 11,95/5,285804,GK Silverland,89/6,Toss: Kiwale 11 opt to bat,6 runs,Kiwale 11,Resulted,0,0,2026-09-01T20:30:29.296971+00:00
318655,Limited Overs,TENNIS,past,2019-03-23T07:33:19.000Z,3003,Pune,8060,Desire Sports Corporation Grounds,45329,Jubilant Premier League - (JPL Season 6),,73212,Super Knockout,281079,Surgical Strikers (JPL),55/9,281084,Aakraman -JPL,43/7,Toss: Surgical Strikers (JPL) opt to bat,12 runs,Surgical Strikers (JPL),Resulted,0,0,2026-09-01T20:30:29.296971+00:00
319929,Limited Overs,LEATHER,past,2019-03-24T03:46:26.000Z,3003,Pune,46366,Flame University Cricket Ground,41380,FLAME University T20 CCL 4th Edition 2019,,75984,Quarter Final,192262,TCS PUNE,161/8,258443,ATOS | Syntel Pune,101/10,Toss: ATOS | Syntel Pune opt to field,60 runs,TCS PUNE,Resulted,0,0,2026-09-01T20:30:29.296971+00:00
320075,Limited Overs,TENNIS,past,2019-03-24T03:04:19.000Z,3003,Pune,51064,Vittal Nagar,46118,GK Silverland Series,,73028,League Matches,289414,Kiwale 11,137/5,285804,GK Silverland,130/10,Toss: Kiwale 11 opt to bat,7 runs,Kiwale 11,Resulted,0,0,2026-09-01T20:30:29.296971+00:00
323294,Limited Overs,LEATHER,past,2019-03-31T09:25:00.000Z,3003,Pune,104392,Infosys Cricket Ground,48054,Infy Pune-Summer Cup,,75535,League Matches,186109,ATT LIONS2,136/9,297081,ORC RISING STARS,140/3,Toss: ATT LIONS2 opt to bat,7 wickets,ORC RISING STARS,Resulted,0,0,2026-09-01T20:30:29.296971+00:00
337236,Limited Overs,TENNIS,past,2019-04-07T02:16:03.000Z,3003,Pune,51064,Vittal Nagar,46118,GK Silverland Series,,73028,League Matches,289414,Kiwale 11,89/4,285804,GK Silverland,82/5,Toss: Kiwale 11 opt to bat,7 runs,Kiwale 11,Resulted,0,0,2026-09-01T20:30:29.296971+00:00
343615,Limited Overs,TENNIS,past,2019-04-13T03:11:24.000Z,3003,Pune,5062,Vision Cricket Academy Ground,50933,KOMTI CHAMPIONS LEAGUE 2019,,81925,League Matches,315344,Khadki Royals (KCL),51/4,315346,KOMTI WARRIORS (KCL),52/2,Toss: KOMTI WARRIORS (KCL) opt to field,8 wickets,KOMTI WARRIORS (KCL),Resulted,0,0,2026-09-01T20:30:29.296971+00:00
343619,Limited Overs,TENNIS,past,2019-04-13T05:12:56.000Z,3003,Pune,5062,Vision Cricket Academy Ground,50933,KOMTI CHAMPIONS LEAGUE 2019,,81925,League Matches,315344,Khadki Royals (KCL),82/4,315343,Tiger (KCL),56/6,Toss: Khadki Royals (KCL) opt to bat,26 runs,Khadki Royals (KCL),Resulted,0,0,2026-09-01T20:30:29.296971+00:00
343629,Limited Overs,TENNIS,past,2019-04-13T08:06:20.000Z,3003,Pune,5062,Vision Cricket Academy Ground,50933,KOMTI CHAMPIONS LEAGUE 2019,,81925,League Matches,315344,Khadki Royals (KCL),88/2,314683,MAVALA (KCL),68/2,Toss: Khadki Royals (KCL) opt to bat,20 runs,Khadki Royals (KCL),Resulted,0,0,2026-09-01T20:30:29.296971+00:00
343637,Limited Overs,TENNIS,past,2019-04-14T05:29:03.000Z,3003,Pune,5062,Vision Cricket Academy Ground,50933,KOMTI CHAMPIONS LEAGUE 2019,,81925,League Matches,315350,Master blaster (KCL),41/6,315344,Khadki Royals (KCL),42/1,Toss: Master blaster (KCL) opt to bat,9 wickets,Khadki Royals (KCL),Resulted,0,0,2026-09-01T20:30:29.296971+00:00
344455,Limited Overs,TENNIS,past,2019-04-13T03:35:37.000Z,3003,Pune,51064,Vittal Nagar,46118,GK Silverland Series,,73028,League Matches,289414,Kiwale 11,64/7,285804,GK Silverland,68/3,Toss: Kiwale 11 opt to bat,7 wickets,GK Silverland,Resulted,0,0,2026-09-01T20:30:29.296971+00:00
347030,Limited Overs,TENNIS,past,2019-04-14T07:58:00.000Z,3003,Pune,5062,Vision Cricket Academy Ground,50933,KOMTI CHAMPIONS LEAGUE 2019,,82484,Qualifier 1,315350,Master blaster (KCL),59/4,315344,Khadki Royals (KCL),60/2,Toss: Master blaster (KCL) opt to bat,8 wickets,Khadki Royals (KCL),Resulted,0,0,2026-09-01T20:30:29.296971+00:00
347372,Limited Overs,TENNIS,past,2019-04-14T11:28:01.000Z,3003,Pune,5062,Vision Cricket Academy Ground,50933,KOMTI CHAMPIONS LEAGUE 2019,,82577,Final,315344,Khadki Royals (KCL),47/5,315346,KOMTI WARRIORS (KCL),48/4,Toss: Khadki Royals (KCL) opt to bat,6 wickets,KOMTI WARRIORS (KCL),Resulted,0,0,2026-09-01T20:30:29.296971+00:00
407234,Limited Overs,TENNIS,past,2019-06-06T11:00:19.000Z,3235,Bhubaneswar,46448,Infosys Cricket Ground,58187,Infosys SEZ Premier League v3.0,,96517,League Matches,358297,Debadatta Kalia(SEZ Warriors Infosys),88/3,358227,Prakash Ojha(Surgical Strikers),90/0,Toss: Debadatta Kalia(SEZ Warriors Infosys) opt to bat,8 wickets,Prakash Ojha(Surgical Strikers),Resulted,0,0,2026-09-01T20:30:29.296971+00:00
470431,Limited Overs,TENNIS,past,2019-07-23T06:10:01.000Z,3003,Pune,74147,Expleo Sports Arena,67258,Expleo Box Cricket League,,111155,League Matches,400846,EBCL Allianz,33/4,400855,EBCL Elevate,21/4,Toss: EBCL Allianz opt to bat,12 runs,EBCL Allianz,Resulted,0,0,2026-09-01T20:30:29.296971+00:00
471221,Limited Overs,TENNIS,past,2019-07-25T06:37:09.000Z,3003,Pune,74147,Expleo Sports Arena,67258,Expleo Box Cricket League,,111155,League Matches,400852,EBCL VW,9/4,400846,EBCL Allianz,12/0,Toss: EBCL VW opt to bat,4 wickets,EBCL Allianz,Resulted,0,0,2026-09-01T20:30:29.296971+00:00
476454,Limited Overs,TENNIS,past,2019-07-30T05:02:17.000Z,3003,Pune,74147,Expleo Sports Arena,67258,Expleo Box Cricket League,,111155,League Matches,400846,EBCL Allianz,29/3,400848,EBCL Finance,22/4,Toss: EBCL Allianz opt to bat,7 runs,EBCL Allianz,Resulted,0,0,2026-09-01T20:30:29.296971+00:00
482597,Limited Overs,TENNIS,past,2019-08-07T05:14:27.000Z,3003,Pune,74147,Expleo Sports Arena,67258,Expleo Box Cricket League,,111155,League Matches,400857,EBCL Ornua,10/4,400846,EBCL Allianz,13/0,Toss: EBCL Ornua opt to bat,4 wickets,EBCL Allianz,Resulted,0,0,2026-09-01T20:30:29.296971+00:00
492955,Limited Overs,TENNIS,past,2019-08-19T05:44:32.000Z,3003,Pune,74147,Expleo Sports Arena,67258,Expleo Box Cricket League,,111156,Quarter Final,400856,EBCL A&O-A,10/4,400846,EBCL Allianz,11/0,Toss: EBCL A&O-A opt to bat,4 wickets,EBCL Allianz,Resulted,0,0,2026-09-01T20:30:29.296971+00:00
494616,Limited Overs,TENNIS,past,2019-08-22T05:18:39.000Z,3003,Pune,74147,Expleo Sports Arena,67258,Expleo Box Cricket League,,111155,League Matches,400846,EBCL Allianz,14/4,400863,EBCL GG-C,18/3,Toss: EBCL Allianz opt to bat,1 wicket,EBCL GG-C,Resulted,0,0,2026-09-01T20:30:29.296971+00:00
520533,Limited Overs,TENNIS,past,2019-10-25T13:45:40.000Z,3003,Pune,5062,Vision Cricket Academy Ground,74541,IBM Box Cricket League,,123444,Super Knockout,436280,Cognitive Titans (IBM),Yet to bat,436389,TBO Lions (IBM),Yet to bat,Toss: TBO Lions (IBM) opt to field,Abandoned,,Abandoned,0,0,2026-09-01T20:30:29.296971+00:00
564807,Limited Overs,LEATHER,past,2019-11-24T03:30:00.000Z,3003,Pune,5062,Vision Cricket Academy Ground,75930,IDeaS A SAS Company presents 16th Edition of AJM Inter IT Championship Trophy 2019-2020,,125820,League Matches,192267,ATOS PUNE,194/4,258448,Barclays Pune,153/7,Toss: Barclays Pune opt to field,41 runs,ATOS PUNE,Resulted,0,0,2026-09-01T20:30:29.296971+00:00
593344,Limited Overs,LEATHER,past,2019-12-22T03:39:40.000Z,3003,Pune,3943,PYC Hindu Gymkhana,75930,IDeaS A SAS Company presents 16th Edition of AJM Inter IT Championship Trophy 2019-2020,,125820,League Matches,192280,MAERSK PUNE,150/10,192267,ATOS PUNE,145/8,Toss: ATOS PUNE opt to field,5 runs,MAERSK PUNE,Resulted,0,0,2026-09-01T20:30:29.296971+00:00
593363,Limited Overs,LEATHER,past,2019-12-28T03:42:42.000Z,3003,Pune,5062,Vision Cricket Academy Ground,75930,IDeaS A SAS Company presents 16th Edition of AJM Inter IT Championship Trophy 2019-2020,,125820,League Matches,443165,FIS Global Pune,98/8,192258,YARDI PUNE,99/0,Toss: YARDI PUNE opt to field,10 wickets,YARDI PUNE,Resulted,0,0,2026-09-01T20:30:29.296971+00:00
594683,Limited Overs,TENNIS,past,2019-11-16T02:03:58.000Z,3003,Pune,8060,Desire Sports Corporation Grounds,74715,cricWIZARDS Corporate Tournament (Season 1),PREMIUM,123733,League Matches,447082,"United XI, Marunji (cricWIZARDS)",63/8,437154,The Believers (cricWIZARDS),59/8,Toss: The Believers (cricWIZARDS) opt to field,4 runs,"United XI, Marunji (cricWIZARDS)",Resulted,0,0,2026-09-01T20:30:29.296971+00:00
595288,Limited Overs,TENNIS,past,2019-11-16T05:14:00.000Z,3003,Pune,96551,Baner Pune,74715,cricWIZARDS Corporate Tournament (Season 1),PREMIUM,123733,League Matches,447082,"United XI, Marunji (cricWIZARDS)",106/4,147316,Seagull Cricket Club (CricWizards),82/7,Toss: Seagull Cricket Club (CricWizards) opt to field,24 runs,"United XI, Marunji (cricWIZARDS)",Resulted,0,0,2026-09-01T20:30:29.296971+00:00
598271,Limited Overs,TENNIS,past,2019-11-17T05:49:00.000Z,3003,Pune,12453,Desire Sports Corporation Ground.,74715,cricWIZARDS Corporate Tournament (Season 1),PREMIUM,123733,League Matches,447082,"United XI, Marunji (cricWIZARDS)",110/5,441828,Dynamos XI (cricWIZARDS),91/3,"Toss: United XI, Marunji (cricWIZARDS) opt to bat",19 runs,"United XI, Marunji (cricWIZARDS)",Resulted,0,0,2026-09-01T20:30:29.296971+00:00
599010,Limited Overs,TENNIS,past,2019-11-17T09:13:28.000Z,3003,Pune,8060,Desire Sports Corporation Grounds,74715,cricWIZARDS Corporate Tournament (Season 1),PREMIUM,123733,League Matches,447082,"United XI, Marunji (cricWIZARDS)",71/6,440402,Sky Breezers PARI,72/5,Toss: Sky Breezers PARI opt to field,5 wickets,Sky Breezers PARI,Resulted,0,0,2026-09-01T20:30:29.296971+00:00
605720,Limited Overs,TENNIS,past,2019-11-23T02:10:21.000Z,3003,Pune,51064,Vittal Nagar,,,,,,285804,GK Silverland,83/9,337132,Siyona Champions Punawale (cricWIZARDD),68/4,Toss: GK Silverland opt to bat,15 runs,GK Silverland,Resulted,0,0,2026-09-01T20:30:29.296971+00:00
606668,Limited Overs,LEATHER,past,2019-11-23T08:26:55.000Z,3061,Solapur,28645,Walchand College Of Arts And Science,85383,"Punyashlok Ahilyadevi Holkar Solapur University Solapur, Janmejayraje Bhosale Trophy, Intercollegiate Cricket Tournament 2019
-20",,142675,Round One,494697,H.N. C.C Solapur,145/6,494685,Karmyogi Engg. College Pandharpur,101/10,Toss: H.N. C.C Solapur opt to bat,44 runs,H.N. C.C Solapur,Resulted,0,0,2026-09-01T20:30:29.296971+00:00
607998,Limited Overs,TENNIS,past,2019-11-24T02:24:00.000Z,3003,Pune,51064,Vittal Nagar,,,,,,337132,Siyona Champions Punawale (cricWIZARDD),58/8,285804,GK Silverland,59/2,Toss: Siyona Champions Punawale (cricWIZARDD) opt to bat,8 wickets,GK Silverland,Resulted,0,0,2026-09-01T20:30:29.296971+00:00
631340,Limited Overs,TENNIS,past,2019-12-08T02:12:31.000Z,3003,Pune,51064,Vittal Nagar,,,,,,285804,GK Silverland,41/9,337132,Siyona Champions Punawale (cricWIZARDD),45/1,Toss: Siyona Champions Punawale (cricWIZARDD) opt to field,10 wickets,Siyona Champions Punawale (cricWIZARDD),Resulted,0,0,2026-09-01T20:30:29.296971+00:00
639965,Limited Overs,TENNIS,past,2019-12-14T05:29:37.000Z,3003,Pune,13721,Symbiosis Cricket Ground,73906,T-10 Corporate Cricket League 2019,PREMIUM,122350,League Matches,176363,Expleo,67/5,488813,Nuvolo,42/10,Toss: Expleo opt to bat,25 runs,Expleo,Resulted,0,0,2026-09-01T20:30:29.296971+00:00
656505,Limited Overs,TENNIS,past,2019-12-22T07:10:31.000Z,3003,Pune,13721,Symbiosis Cricket Ground,73906,T-10 Corporate Cricket League 2019,PREMIUM,122350,League Matches,176363,Expleo,65/9,178278,ZS Associates,66/3,Toss: Expleo opt to bat,7 wickets,ZS Associates,Resulted,0,0,2026-09-01T20:30:29.296971+00:00
657330,Limited Overs,LEATHER,past,2019-12-22T03:23:53.000Z,3003,Pune,36031,ICG,,,,,,297081,ORC RISING STARS,122/10,186108,IMS PANTHERS,124/4,Toss: IMS PANTHERS opt to field,9 wickets,IMS PANTHERS,Resulted,0,0,2026-09-01T20:30:29.296971+00:00
681196,Limited Overs,TENNIS,past,2020-01-04T13:26:18.000Z,3003,Pune,13721,Symbiosis Cricket Ground,73906,T-10 Corporate Cricket League 2019,PREMIUM,122350,League Matches,488814,JLT India (GC),40/8,176363,Expleo,41/0,Toss: JLT India (GC) opt to bat,10 wickets,Expleo,Resulted,0,0,2026-09-01T20:30:29.296971+00:00
689654,Limited Overs,LEATHER,past,2020-01-04T06:42:32.000Z,3003,Pune,36031,ICG,,,,,,186108,IMS PANTHERS,178/8,186109,ATT LIONS,168/9,Toss: IMS PANTHERS opt to bat,10 runs,IMS PANTHERS,Resulted,0,0,2026-09-01T20:30:29.296971+00:00
690116,Limited Overs,LEATHER,past,2020-01-04T09:19:00.000Z,3003,Pune,128417,Infosys BOX Cricket 2,,,,,,297081,ORC RISING STARS,127/5,199602,FAC Stars (Infosys),128/8,Toss: ORC RISING STARS opt to bat,2 wickets,FAC Stars (Infosys),Resulted,0,0,2026-09-01T20:30:29.296971+00:00
704391,Limited Overs,TENNIS,past,2020-01-11T09:15:42.000Z,3003,Pune,13721,Symbiosis Cricket Ground,73906,T-10 Corporate Cricket League 2019,PREMIUM,122354,Pre Quarter Final,488806,WNS (GC),94/9,176363,Expleo,48/7,Toss: WNS (GC) opt to bat,46 runs,WNS (GC),Resulted,0,0,2026-09-01T20:30:29.296971+00:00
710261,Limited Overs,LEATHER,past,2020-01-12T06:55:34.000Z,3003,Pune,128417,Infosys BOX Cricket 2,,,,,,297081,ORC RISING STARS,143/10,199485,L3 SCORCHERS,144/3,Toss: ORC RISING STARS opt to bat,12 wickets,L3 SCORCHERS,Resulted,0,0,2026-09-01T20:30:29.296971+00:00
717253,Limited Overs,LEATHER,past,2020-01-19T07:50:47.000Z,3003,Pune,128417,Infosys BOX Cricket 2,100256,ASM CUP 2019-20 ( Infosys Pune DC),,170035,League Matches,199485,L3 SCORCHERS,121/6,297081,ORC RISING STARS,119/7,Toss: L3 SCORCHERS opt to bat,2 runs,L3 SCORCHERS,Resulted,0,0,2026-09-01T20:30:29.296971+00:00
721101,Limited Overs,LEATHER,past,2020-01-18T06:59:57.000Z,3003,Pune,3943,PYC Hindu Gymkhana,75930,IDeaS A SAS Company presents 16th Edition of AJM Inter IT Championship Trophy 2019-2020,,171124,Pre Quarter Final,192267,ATOS PUNE,172/6,192258,YARDI PUNE,123/10,Toss: YARDI PUNE opt to field,49 runs,ATOS PUNE,Resulted,0,0,2026-09-01T20:30:29.296971+00:00
722256,Limited Overs,TENNIS,past,2020-01-18T04:13:57.000Z,3003,Pune,2071,Legend Cricket Academy Ground,100143,EPAM Premier League,,168614,League Matches,569798,EPAM Sky Blue,91/3,569797,EPAM Red,64/2,Toss: EPAM Red opt to field,27 runs,EPAM Sky Blue,Resulted,0,0,2026-09-01T20:30:29.296971+00:00
722912,Limited Overs,TENNIS,past,2020-01-18T05:40:29.000Z,3003,Pune,2071,Legend Cricket Academy Ground,100143,EPAM Premier League,,168614,League Matches,569796,Team Mirzapur,77/2,569797,EPAM Red,70/7,Toss: Team Mirzapur opt to bat,7 runs,Team Mirzapur,Resulted,0,0,2026-09-01T20:30:29.296971+00:00
723149,Limited Overs,TENNIS,past,2020-01-18T07:01:58.000Z,3003,Pune,2071,Legend Cricket Academy Ground,100143,EPAM Premier League,,168614,League Matches,569795,Team Badlapur,88/5,569798,EPAM Sky Blue,82/3,Toss: Team Badlapur opt to bat,6 runs,Team Badlapur,Resulted,0,0,2026-09-01T20:30:29.296971+00:00
723568,Limited Overs,TENNIS,past,2020-01-18T09:22:09.000Z,3003,Pune,2071,Legend Cricket Academy Ground,100143,EPAM Premier League,,171183,Final,569798,EPAM Sky Blue,74/7,569796,Team Mirzapur,75/5,Toss: Team Mirzapur opt to field,5 wickets,Team Mirzapur,Resulted,0,0,2026-09-01T20:30:29.296971+00:00
732842,Limited Overs,TENNIS,past,2020-01-25T12:37:13.000Z,3003,Pune,30825,Dhanori Pune,98206,Pro Cricket League By 3Link Sports & More,,165068,League Matches,584191,Hindvi Swarjya(PCL),85/2,580590,Avengers(PCLP),44/3,Toss: Avengers(PCLP) opt to field,41 runs,Hindvi Swarjya(PCL),Resulted,0,0,2026-09-01T20:30:29.296971+00:00
732854,Limited Overs,TENNIS,past,2020-01-26T05:07:08.000Z,3003,Pune,30825,Dhanori Pune,98206,Pro Cricket League By 3Link Sports & More,,165068,League Matches,584191,Hindvi Swarjya(PCL),89/2,580588,DeWalt Hitters,37/4,Toss: DeWalt Hitters opt to field,52 runs,Hindvi Swarjya(PCL),Resulted,0,0,2026-09-01T20:30:29.296971+00:00
732858,Limited Overs,TENNIS,past,2020-01-26T06:55:05.000Z,3003,Pune,30825,Dhanori Pune,98206,Pro Cricket League By 3Link Sports & More,,165068,League Matches,585974,Fitness Mantras 01,81/1,584191,Hindvi Swarjya(PCL),55/4,Toss: Fitness Mantras 01 opt to bat,26 runs,Fitness Mantras 01,Resulted,0,0,2026-09-01T20:30:29.296971+00:00
736055,Limited Overs,LEATHER,past,2020-01-25T07:53:18.000Z,3003,Pune,128417,Infosys BOX Cricket 2,100256,ASM CUP 2019-20 ( Infosys Pune DC),,170035,League Matches,193519,LNFSI BLUE DRAGONS,158/7,297081,ORC RISING STARS,140/3,Toss: ORC RISING STARS opt to field,18 runs,LNFSI BLUE DRAGONS,Resulted,0,0,2026-09-01T20:30:29.296971+00:00
745293,Limited Overs,TENNIS,past,2020-01-26T12:07:04.000Z,3003,Pune,30825,Dhanori Pune,98206,Pro Cricket League By 3Link Sports & More,,174225,Quarter Final,584191,Hindvi Swarjya(PCL),103/3,585979,Fitness Mantras 03,46/3,Toss: Hindvi Swarjya(PCL) opt to bat,57 runs,Hindvi Swarjya(PCL),Resulted,0,0,2026-09-01T20:30:29.296971+00:00
746489,Limited Overs,TENNIS,past,2020-01-26T14:19:58.000Z,3003,Pune,30825,Dhanori Pune,98206,Pro Cricket League By 3Link Sports & More,,177540,Semi Final,584191,Hindvi Swarjya(PCL),87/1,561544,Shambhu Sutaya,59/4,Toss: Hindvi Swarjya(PCL) opt to bat,28 runs,Hindvi Swarjya(PCL),Resulted,0,0,2026-09-01T20:30:29.296971+00:00
746775,Limited Overs,TENNIS,past,2020-01-26T15:05:26.000Z,3003,Pune,30825,Dhanori Pune,98206,Pro Cricket League By 3Link Sports & More,,177639,Final,584191,Hindvi Swarjya(PCL),68/4,583832,Pune Royals(PCLP),27/3,Toss: Hindvi Swarjya(PCL) opt to bat,41 runs,Hindvi Swarjya(PCL),Resulted,0,0,2026-09-01T20:30:29.296971+00:00
756065,Limited Overs,LEATHER,past,2020-02-01T07:49:29.000Z,3003,Pune,128417,Infosys BOX Cricket 2,100256,ASM CUP 2019-20 ( Infosys Pune DC),,170035,League Matches,199584,Team AZ (Infosys),225/5,297081,ORC RISING STARS,160/9,Toss: ORC RISING STARS opt to field,65 runs,Team AZ (Infosys),Resulted,0,0,2026-09-01T20:30:29.296971+00:00
757082,Limited Overs,TENNIS,past,2020-02-01T02:22:10.000Z,3003,Pune,96551,Baner Pune,106321,Mini KPL 2020,,180051,League Matches,315344,Khadki Royals (KCL),71/4,315346,KOMTI WARRIORS (KCL),72/3,Toss: Khadki Royals (KCL) opt to bat,13 wickets,KOMTI WARRIORS (KCL),Resulted,0,0,2026-09-01T20:30:29.296971+00:00
766226,Limited Overs,TENNIS,past,2020-02-08T03:30:00.000Z,3003,Pune,8060,Desire Sports Corporation Grounds,,,,,,610134,AM- Blue Walkers,110/4,610112,AM- Black Mambas,105/7,Toss: AM- Blue Walkers opt to bat,5 runs,AM- Blue Walkers,Resulted,0,0,2026-09-01T20:30:29.296971+00:00
769798,Limited Overs,TENNIS,past,2020-02-06T08:42:50.000Z,3003,Pune,110871,pacific Arena,107708,LTI CITI - Box Premier League,,182618,League Matches,612955,Gaurava Nagar Team,65/6,611667,AML-XI,42/7,Toss: Gaurava Nagar Team opt to bat,23 runs,Gaurava Nagar Team,Resulted,0,0,2026-09-01T20:30:29.296971+00:00
774274,Limited Overs,TENNIS,past,2020-02-10T07:39:09.000Z,3003,Pune,110871,pacific Arena,107708,LTI CITI - Box Premier League,,182618,League Matches,611276,LTI Citi Bajrang Dal,46/7,612955,Gaurava Nagar Team,47/5,Toss: LTI Citi Bajrang Dal opt to bat,2 wickets,Gaurava Nagar Team,Resulted,0,0,2026-09-01T20:30:29.296971+00:00
775964,Limited Overs,TENNIS,past,2020-02-08T06:14:16.000Z,3003,Pune,13721,Symbiosis Cricket Ground,108040,TechMahindra Premier League,,183179,League Matches,612902,TPL JAGUARS 2020,73/3,612901,TPL RHINOS 2020,68/8,Toss: TPL RHINOS 2020 opt to field,5 runs,TPL JAGUARS 2020,Resulted,0,0,2026-09-01T20:30:29.296971+00:00
775977,Limited Overs,TENNIS,past,2020-02-08T12:11:06.000Z,3003,Pune,13721,Symbiosis Cricket Ground,108040,TechMahindra Premier League,,183179,League Matches,612902,TPL JAGUARS 2020,40/8,612895,TPL BULLS 2020,41/3,Toss: TPL BULLS 2020 opt to field,7 wickets,TPL BULLS 2020,Resulted,0,0,2026-09-01T20:30:29.296971+00:00
775985,Limited Overs,TENNIS,past,2020-02-08T14:21:41.000Z,3003,Pune,13721,Symbiosis Cricket Ground,108040,TechMahindra Premier League,,183179,League Matches,612902,TPL JAGUARS 2020,55/5,612903,TPL TUSKERS 2020,56/1,Toss: TPL JAGUARS 2020 opt to bat,9 wickets,TPL TUSKERS 2020,Resulted,0,0,2026-09-01T20:30:29.296971+00:00
777316,Limited Overs,LEATHER,past,2020-02-08T14:33:00.000Z,3003,Pune,6853,Infinity Cricket Ground,100256,ASM CUP 2019-20 ( Infosys Pune DC),,170035,League Matches,297081,ORC RISING STARS,127/6,195761,ECSORC (Infosys),129/5,Toss: ECSORC (Infosys) opt to field,6 wickets,ECSORC (Infosys),Resulted,0,0,2026-09-01T20:30:29.296971+00:00
779140,Limited Overs,TENNIS,past,2020-02-09T02:33:06.000Z,2880,Khadki,120090,Khadki,106321,Mini KPL 2020,,180051,League Matches,315344,Khadki Royals (KCL),63/5,603833,Sinhgad Mavla,65/3,Toss: Khadki Royals (KCL) opt to bat,7 wickets,Sinhgad Mavla,Resulted,0,0,2026-09-01T20:30:29.296971+00:00
781641,Limited Overs,TENNIS,past,2020-02-09T09:20:00.000Z,3003,Pune,13721,Symbiosis Cricket Ground,108040,TechMahindra Premier League,,185909,Warm up Match,612902,TPL JAGUARS 2020,58/5,612900,TPL PANTHERS 2020,62/5,Toss: TPL JAGUARS 2020 opt to bat,5 wickets,TPL PANTHERS 2020,Resulted,0,0,2026-09-01T20:30:29.296971+00:00
783922,Limited Overs,TENNIS,past,2020-02-11T08:43:39.000Z,3003,Pune,110871,pacific Arena,107708,LTI CITI - Box Premier League,,182618,League Matches,612955,Lallantop 11,24/7,611766,Confused XI,25/1,Toss: Lallantop 11 opt to bat,6 wickets,Confused XI,Resulted,0,0,2026-09-01T20:30:29.296971+00:00
789493,Limited Overs,TENNIS,past,2020-02-16T03:47:09.000Z,3003,Pune,96551,Baner Pune,106321,Mini KPL 2020,,180051,League Matches,315350,Master blaster (KCL),70/6,315344,Khadki Royals (KCL),72/0,Toss: Master blaster (KCL) opt to bat,10 wickets,Khadki Royals (KCL),Resulted,0,0,2026-09-01T20:30:29.296971+00:00
789514,Limited Overs,TENNIS,past,2020-02-16T06:00:03.000Z,3003,Pune,96551,Baner Pune,106321,Mini KPL 2020,,180051,League Matches,603262,Komti Titans,79/2,315344,Khadki Royals (KCL),80/1,Toss: Khadki Royals (KCL) opt to field,9 wickets,Khadki Royals (KCL),Resulted,0,0,2026-09-01T20:30:29.296971+00:00
792809,Limited Overs,TENNIS,past,2020-02-14T13:58:41.000Z,3003,Pune,108542,7th Heaven,110757,SNS Box Cricket League,,188332,League Matches,629043,H S Sports (SNS),74/1,629026,Xpansion Warriors (SNS),12/0,Toss: Xpansion Warriors (SNS) opt to field,62 runs,H S Sports (SNS),Resulted,0,0,2026-09-01T20:30:29.296971+00:00
792929,Limited Overs,TENNIS,past,2020-02-14T14:46:40.000Z,3003,Pune,108542,7th Heaven,110757,SNS Box Cricket League,,188332,League Matches,629043,H S Sports (SNS),49/5,629031,GB Smashers(SNS),26/5,Toss: H S Sports (SNS) opt to bat,23 runs,H S Sports (SNS),Resulted,0,0,2026-09-01T20:30:29.296971+00:00
793086,Limited Overs,TENNIS,past,2020-02-14T15:31:51.000Z,3003,Pune,108542,7th Heaven,110757,SNS Box Cricket League,,188332,League Matches,629043,H S Sports (SNS),41/4,629041,Wolves(SNS),20/2,Toss: H S Sports (SNS) opt to bat,21 runs,H S Sports (SNS),Resulted,0,0,2026-09-01T20:30:29.296971+00:00
793248,Limited Overs,TENNIS,past,2020-02-14T16:52:59.000Z,3003,Pune,108542,7th Heaven,110757,SNS Box Cricket League,,188332,League Matches,629039,Iqra Cricket Academy(SNS),33/2,629043,H S Sports (SNS),31/5,Toss: Iqra Cricket Academy(SNS) opt to bat,2 runs,Iqra Cricket Academy(SNS),Resulted,0,0,2026-09-01T20:30:29.296971+00:00
800558,Limited Overs,TENNIS,past,2020-02-16T09:31:00.000Z,3003,Pune,96551,Baner Pune,106321,Mini KPL 2020,,190756,Semi Final,315344,Khadki Royals (KCL),112/1,603833,Sinhgad Mavla,56/8,Toss: Sinhgad Mavla opt to field,56 runs,Khadki Royals (KCL),Resulted,0,0,2026-09-01T20:30:29.296971+00:00
800981,Limited Overs,TENNIS,past,2020-02-16T10:59:36.000Z,3003,Pune,96551,Baner Pune,106321,Mini KPL 2020,,190836,Final,315344,Khadki Royals (KCL),83/5,315346,KOMTI WARRIORS (KCL),88/2,Toss: KOMTI WARRIORS (KCL) opt to field,8 wickets,KOMTI WARRIORS (KCL),Resulted,0,0,2026-09-01T20:30:29.296971+00:00
801353,Limited Overs,TENNIS,past,2020-02-16T12:50:11.000Z,3003,Pune,108542,7th Heaven,110757,SNS Box Cricket League,,190935,Quarter Final,629075,Titans(SNS),36/1,629043,H S Sports (SNS),37/1,Toss: Titans(SNS) opt to bat,4 wickets,H S Sports (SNS),Resulted,0,0,2026-09-01T20:30:29.296971+00:00
801597,Limited Overs,TENNIS,past,2020-02-16T14:48:06.000Z,3003,Pune,108542,7th Heaven,110757,SNS Box Cricket League,,191040,Semi Final,629043,H S Sports (SNS),49/4,629041,Wolves(SNS),30/3,Toss: H S Sports (SNS) opt to bat,19 runs,H S Sports (SNS),Resulted,0,0,2026-09-01T20:30:29.296971+00:00
801798,Limited Overs,TENNIS,past,2020-02-16T16:14:25.000Z,3003,Pune,108542,7th Heaven,110757,SNS Box Cricket League,,191088,Final,629043,H S Sports (SNS),24/5,629078,Jagdamba Pratishthan(SNS),27/1,Toss: Jagdamba Pratishthan(SNS) opt to field,4 wickets,Jagdamba Pratishthan(SNS),Resulted,0,0,2026-09-01T20:30:29.296971+00:00
810847,Limited Overs,LEATHER,past,2020-02-22T06:23:32.000Z,3003,Pune,104392,Infosys Cricket Ground,100256,ASM CUP 2019-20 ( Infosys Pune DC),,170035,League Matches,297081,ORC RISING STARS,162/4,186109,ATT LIONS2,78/10,Toss: ORC RISING STARS opt to bat,84 runs,ORC RISING STARS,Resulted,0,0,2026-09-01T20:30:29.296971+00:00
832131,Limited Overs,LEATHER,past,2020-02-29T07:57:20.000Z,3003,Pune,36031,ICG,100256,ASM CUP 2019-20 ( Infosys Pune DC),,170035,League Matches,186108,IMS PANTHERS,187/5,297081,ORC RISING STARS,171/7,Toss: IMS PANTHERS opt to bat,16 runs,IMS PANTHERS,Resulted,0,0,2026-09-01T20:30:29.296971+00:00
835063,Limited Overs,TENNIS,past,2020-02-29T02:34:00.000Z,3003,Pune,51064,Vittal Nagar,,,,,,289414,Kiwale 11,80/5,285804,GK Silverland,81/3,Toss: Kiwale 11 opt to bat,7 wickets,GK Silverland,Resulted,0,0,2026-09-01T20:30:29.296971+00:00
838416,Limited Overs,TENNIS,past,2020-03-01T06:55:22.000Z,3003,Pune,38544,Silver Sports Club Wakad,114158,SyneSports 2020,,200536,Pre Quarter Final,667847,WTC Xi,138/7,667852,Spartans(Sync),143/4,Toss: WTC Xi opt to bat,6 wickets,Spartans(Sync),Resulted,0,0,2026-09-01T20:30:29.296971+00:00
840581,Limited Overs,TENNIS,past,2020-03-01T08:33:55.000Z,3003,Pune,34750,Papal Seminary,107897,GPB Cricket League 2020,,187062,Semi Final,613771,White Tigers - We are the King,138/3,614845,Royal Strikers (GPB),40/6,Toss: Royal Strikers (GPB) opt to field,98 runs,White Tigers - We are the King,Resulted,0,0,2026-09-01T20:30:29.296971+00:00
841604,Limited Overs,TENNIS,past,2020-03-01T10:02:00.000Z,3003,Pune,34750,Papal Seminary,107897,GPB Cricket League 2020,,187063,Final,613771,White Tigers - We are the King,78/8,608338,Blue Warriors ..,62/6,Toss: Blue Warriors .. opt to field,16 runs,White Tigers - We are the King,Resulted,0,0,2026-09-01T20:30:29.296971+00:00
852835,Limited Overs,LEATHER,past,2020-03-08T08:03:37.000Z,3003,Pune,104392,Infosys Cricket Ground,100256,ASM CUP 2019-20 ( Infosys Pune DC),,170035,League Matches,297081,ORC RISING STARS,127/9,278526,FSI Falcons,109/10,Toss: FSI Falcons opt to field,18 runs,ORC RISING STARS,Resulted,0,0,2026-09-01T20:30:29.296971+00:00
870548,Limited Overs,TENNIS,past,2020-03-13T04:58:00.000Z,3003,Pune,10360,Megapolis Cricket Ground,119387,Expleo Premier League 2020,,204039,League Matches,678603,Expleo Challengers,60/4,656651,Expleo Blasters,53/2,Toss: Expleo Challengers opt to bat,7 runs,Expleo Challengers,Resulted,0,0,2026-09-01T20:30:29.296971+00:00
888578,Limited Overs,TENNIS,past,2020-03-21T02:25:00.000Z,3003,Pune,51064,Vittal Nagar,,,,,,285804,GK Silverland,148/7,289414,Kiwale 11,149/6,Toss: Kiwale 11 opt to field,5 wickets,Kiwale 11,Resulted,0,0,2026-09-01T20:30:29.296971+00:00
1348086,Limited Overs,TENNIS,past,2021-01-07T13:06:46.000Z,2807,Dhule,175576,Powerplay Turf,190871,Royal Premier League,,312073,League Matches,916941,DEVIL 7 Powerplay,72/3,1012846,Purva Mukhi.,52/4,Toss: DEVIL 7 Powerplay opt to bat,20 runs,DEVIL 7 Powerplay,Resulted,0,0,2026-09-01T20:30:29.296971+00:00
1350978,Limited Overs,TENNIS,past,2021-01-08T17:45:26.000Z,2807,Dhule,175576,Powerplay Turf,190871,Royal Premier League,,312073,League Matches,916941,DEVIL 7 Powerplay,44/6,821753,Trimurti FH,45/2,Toss: DEVIL 7 Powerplay opt to bat,4 wickets,Trimurti FH,Resulted,0,0,2026-09-01T20:30:29.296971+00:00
1358216,Limited Overs,TENNIS,past,2021-01-09T14:37:17.000Z,2807,Dhule,175576,Powerplay Turf,190871,Royal Premier League,,312073,League Matches,821752,Lapsii 7 FH,64/6,916941,DEVIL 7 Powerplay,64/4,Toss: Lapsii 7 FH opt to bat,Super Over,Lapsii 7 FH,Resulted,0,0,2026-09-01T20:30:29.296971+00:00
1358615,Limited Overs,TENNIS,past,2021-01-09T16:01:00.000Z,2807,Dhule,175576,Powerplay Turf,190871,Royal Premier League,,312073,League Matches,528748,Agra Rodies,45/5,916941,DEVIL 7 Powerplay,43/3,Toss: Agra Rodies opt to bat,2 runs,Agra Rodies,Resulted,0,0,2026-09-01T20:30:29.296971+00:00
1388408,Limited Overs,TENNIS,past,2021-01-16T04:15:00.000Z,3003,Pune,129412,Viva Ground,192591,Viva Cup,,313722,League Matches,1018179,C3 Viva,76/10,1018177,C1 Viva,74/7,Toss: C1 Viva opt to field,2 runs,C3 Viva,Resulted,0,0,2026-09-01T20:30:29.296971+00:00
1406602,Limited Overs,TENNIS,past,2021-01-19T13:37:52.000Z,2807,Dhule,105816,Free Hit,199970,Freehit turf Box Cricket Tournament Season-2,,326466,League Matches,1054499,Devils FH2,105/1,1056471,JHCC XI FH2,61/4,Toss: JHCC XI FH2 opt to field,44 runs,Devils FH2,Resulted,0,0,2026-09-01T20:30:29.296971+00:00
1409985,Limited Overs,LEATHER,past,2021-01-21T04:43:00.000Z,2964,Nashik,190215,Sayyad Pimpri 1,119086,Hakim Trophy Open B Division 2020,,203496,League Matches,677078,Niwec Cricket Team Hakim2K20,176/10,677077,Sinner A Hakim2K20,81/10,Toss: Niwec Cricket Team Hakim2K20 opt to bat,95 runs,Niwec Cricket Team Hakim2K20,Resulted,0,0,2026-09-01T20:30:29.296971+00:00
1415222,Limited Overs,TENNIS,past,2021-01-21T14:37:58.000Z,2807,Dhule,105816,Free Hit,199970,Freehit turf Box Cricket Tournament Season-2,,326466,League Matches,1056473,Rajmudra FH2,99/3,1054499,Devils FH2,58/5,Toss: Rajmudra FH2 opt to bat,41 runs,Rajmudra FH2,Resulted,0,0,2026-09-01T20:30:29.296971+00:00
1419959,Limited Overs,TENNIS,past,2021-01-22T13:46:00.000Z,2807,Dhule,105816,Free Hit,199970,Freehit turf Box Cricket Tournament Season-2,,326466,League Matches,1056474,Football Boys FH2,107/6,1054499,Devils FH2,108/1,Toss: Football Boys FH2 opt to bat,5 wickets,Devils FH2,Resulted,0,0,2026-09-01T20:30:29.296971+00:00
1426300,Limited Overs,TENNIS,past,2021-01-23T14:19:18.000Z,2807,Dhule,105816,Free Hit,199970,Freehit turf Box Cricket Tournament Season-2,,326466,League Matches,1056475,Super Blasters FH2,110/2,1054499,Devils FH2,113/2,Toss: Super Blasters FH2 opt to bat,4 wickets,Devils FH2,Resulted,0,0,2026-09-01T20:30:29.296971+00:00
1432693,Limited Overs,TENNIS,past,2021-01-24T07:29:39.000Z,3003,Pune,184329,Turf Cricket,187127,Box Cricket (Corporate & Professionals) Tournament,,332416,League Matches,1046078,GLADIATORS -,52/2,1046083,Tandav PCL2021,40/3,Toss: GLADIATORS - opt to bat,12 runs,GLADIATORS -,Resulted,0,0,2026-09-01T20:30:29.296971+00:00
1435033,Limited Overs,TENNIS,past,2021-01-24T11:23:25.000Z,3003,Pune,184329,Turf Cricket,187127,Box Cricket (Corporate & Professionals) Tournament,,332956,Semi Final,1046083,Tandav PCL2021,33/5,1078188,Sanskriti Samashers,34/3,Toss: Sanskriti Samashers opt to field,2 wickets,Sanskriti Samashers,Resulted,0,0,2026-09-01T20:30:29.296971+00:00
1447704,Limited Overs,TENNIS,past,2021-01-26T14:21:38.000Z,2807,Dhule,105816,Free Hit,199970,Freehit turf Box Cricket Tournament Season-2,,334733,Quarter Final,1056463,Absolute Fitness FH 2,111/2,1054499,Devils FH2,92/3,Toss: Absolute Fitness FH 2 opt to bat,19 runs,Absolute Fitness FH 2,Resulted,0,0,2026-09-01T20:30:29.296971+00:00
1451981,Limited Overs,TENNIS,past,2021-01-31T05:34:08.000Z,2000,Nipani,194934,Shrinagar,203626,Shrinagar Premier League Season 2,,331240,League Matches,1073560,AK DeVillier SPL,113/2,1073580,Morya Sports SPL,87/3,Toss: AK DeVillier SPL opt to bat,26 runs,AK DeVillier SPL,Resulted,0,0,2026-09-01T20:30:29.296971+00:00
1452045,Limited Overs,TENNIS,past,2021-01-31T11:49:40.000Z,2000,Nipani,194934,Shrinagar,203626,Shrinagar Premier League Season 2,,331240,League Matches,1073573,Maharana Pratap SPL,94/3,1073580,Morya Sports SPL,63/2,Toss: Maharana Pratap SPL opt to bat,31 runs,Maharana Pratap SPL,Resulted,0,0,2026-09-01T20:30:29.296971+00:00
1452076,Limited Overs,TENNIS,past,2021-02-07T10:09:48.000Z,2000,Nipani,194934,Shrinagar,203626,Shrinagar Premier League Season 2,,331240,League Matches,1073569,Reddy Brothers SPL,86/3,1073580,Morya Sports SPL,87/1,Toss: Reddy Brothers SPL opt to bat,9 wickets,Morya Sports SPL,Resulted,0,0,2026-09-01T20:30:29.296971+00:00
1452116,Limited Overs,TENNIS,past,2021-02-14T10:10:13.000Z,2000,Nipani,194934,Shrinagar,203626,Shrinagar Premier League Season 2,,331240,League Matches,1073564,Krishna Milk SPL,92/1,1073580,Morya Sports SPL,86/2,Toss: Morya Sports SPL opt to field,6 runs,Krishna Milk SPL,Resulted,0,0,2026-09-01T20:30:29.296971+00:00
1452146,Limited Overs,TENNIS,past,2021-02-21T06:57:35.000Z,2000,Nipani,194934,Shrinagar,203626,Shrinagar Premier League Season 2,,331240,League Matches,1073566,Mahavir Icecream SPL,101/4,1073580,Morya Sports SPL,93/5,Toss: Mahavir Icecream SPL opt to bat,8 runs,Mahavir Icecream SPL,Resulted,0,0,2026-09-01T20:30:29.296971+00:00
1452160,Limited Overs,TENNIS,past,2021-02-28T11:07:56.000Z,2000,Nipani,194934,Shrinagar,203626,Shrinagar Premier League Season 2,,331240,League Matches,1073582,Bhimrao Sports SPL,78/3,1073580,Morya Sports SPL,58/8,Toss: Bhimrao Sports SPL opt to bat,20 runs,Bhimrao Sports SPL,Resulted,0,0,2026-09-01T20:30:29.296971+00:00
1452183,Limited Overs,TENNIS,past,2021-02-28T07:56:01.000Z,2000,Nipani,194934,Shrinagar,203626,Shrinagar Premier League Season 2,,331240,League Matches,1073578,Pratik Panthers SPL,82/1,1073580,Morya Sports SPL,83/5,Toss: Morya Sports SPL opt to field,5 wickets,Morya Sports SPL,Resulted,0,0,2026-09-01T20:30:29.296971+00:00
1468869,Limited Overs,LEATHER,past,2021-02-01T04:22:00.000Z,2964,Nashik,884,Mahatma Nagar Cricket Stadium,119086,Hakim Trophy Open B Division 2020,,203496,League Matches,677079,NDCA Morning C Hakim2K20,165/10,677077,Sinner A Hakim2K20,132/9,Toss: NDCA Morning C Hakim2K20 opt to bat,33 runs,NDCA Morning C Hakim2K20,Resulted,0,0,2026-09-01T20:30:29.296971+00:00
1470457,Limited Overs,LEATHER,past,2021-01-31T05:00:02.000Z,3058,Sinnar,43697,SSK CRICKET GROUND,,,,,,483876,Nashik Fighter XI,175/10,1104686,Sinner Open,178/3,Toss: Nashik Fighter XI opt to bat,7 wickets,Sinner Open,Resulted,0,0,2026-09-01T20:30:29.296971+00:00
1481694,Limited Overs,OTHER,past,2021-02-02T11:43:57.000Z,2734,Amravati,199317,Arjun Nagar,209718,Arjun Nagar Premier Leage,,341975,Super Three,1107380,Gurujii11,73/1,1107375,Tantu11,63/3,Toss: Gurujii11 opt to bat,10 runs,Gurujii11,Resulted,0,0,2026-09-01T20:30:29.296971+00:00
1485269,Limited Overs,OTHER,past,2021-02-03T11:16:35.000Z,2734,Amravati,199317,Arjun Nagar,209718,Arjun Nagar Premier Leage,,341975,Super Three,1107380,Gurujii11,69/5,1107375,Tantu11,72/1,Toss: Gurujii11 opt to bat,5 wickets,Tantu11,Resulted,0,0,2026-09-01T20:30:29.296971+00:00
1623168,Limited Overs,TENNIS,past,2021-03-03T12:56:04.000Z,2807,Dhule,175576,Powerplay Turf,227757,Challengers Premier League,,372745,League Matches,943487,Lapsi 7 RUTAM,71/6,1115875,Purvamukhi,72/5,Toss: Lapsi 7 RUTAM opt to bat,1 wicket,Purvamukhi,Resulted,0,0,2026-09-01T20:30:29.296971+00:00
1626601,Limited Overs,TENNIS,past,2021-03-04T12:29:42.000Z,2807,Dhule,175576,Powerplay Turf,227757,Challengers Premier League,,372745,League Matches,1205353,SURYASTMUKHI PRATISTHAN,46/6,1115875,Purvamukhi,40/6,Toss: SURYASTMUKHI PRATISTHAN opt to bat,6 runs,SURYASTMUKHI PRATISTHAN,Resulted,0,0,2026-09-01T20:30:29.296971+00:00
1633934,Limited Overs,TENNIS,past,2021-03-06T03:30:30.000Z,2807,Dhule,175576,Powerplay Turf,227757,Challengers Premier League,,372745,League Matches,1056460,Trimurti FH2,81/4,1115875,Purvamukhi,34/6,Toss: Trimurti FH2 opt to bat,47 runs,Trimurti FH2,Resulted,0,0,2026-09-01T20:30:29.296971+00:00
1634515,Limited Overs,TENNIS,past,2021-03-06T04:54:47.000Z,2807,Dhule,175576,Powerplay Turf,227757,Challengers Premier League,,372745,League Matches,528766,ABSOLUTE FITNESS (PP),44/6,1115875,Purvamukhi,49/4,Toss: ABSOLUTE FITNESS (PP) opt to bat,2 wickets,Purvamukhi,Resulted,0,0,2026-09-01T20:30:29.296971+00:00
1641751,Limited Overs,TENNIS,past,2021-03-07T04:57:59.000Z,3003,Pune,177277,Spark A2 Ground,211704,Royal Cricket League 2021 Season - 3,,345017,League Matches,1138546,Chatrapati Cricket Club 1,150/4,337132,Siyona Champions Punawale (cricWIZARDD),97/6,Toss: Chatrapati Cricket Club 1 opt to bat,53 runs,Chatrapati Cricket Club 1,Resulted,0,0,2026-09-01T20:30:29.296971+00:00
1653701,Limited Overs,TENNIS,past,2021-03-20T10:38:00.000Z,3003,Pune,177277,Spark A2 Ground,211704,Royal Cricket League 2021 Season - 3,,345017,League Matches,1210685,Pebbles Vikings,95/6,337132,Siyona Champions Punawale (cricWIZARDD),96/5,Toss: Siyona Champions Punawale (cricWIZARDD) opt to field,5 wickets,Siyona Champions Punawale (cricWIZARDD),Resulted,0,0,2026-09-01T20:30:29.296971+00:00
1694437,Limited Overs,LEATHER,past,2021-03-18T04:16:00.000Z,2964,Nashik,190215,Sayyad Pimpri 1,235700,T- 20  BHAU MALUSARE TROPHY  2020-  21,,387649,League Matches,1250805,Ekta Cricket Academy C ( M),129/10,1251023,Sinner Cricket Club A ( M),130/5,Toss: Ekta Cricket Academy C ( M) opt to bat,5 wickets,Sinner Cricket Club A ( M),Resulted,0,0,2026-09-01T20:30:29.296971+00:00
1729645,Limited Overs,LEATHER,past,2021-03-25T04:30:19.000Z,2964,Nashik,78834,SSK PUBLIC SCHOOL,235700,T- 20  BHAU MALUSARE TROPHY  2020-  21,,387649,League Matches,1250808,Panchvati Cricket Club B ( M),111/10,1251023,Sinner Cricket Club A ( M),112/3,Toss: Sinner Cricket Club A ( M) opt to field,7 wickets,Sinner Cricket Club A ( M),Resulted,0,0,2026-09-01T20:30:29.296971+00:00
1745580,Limited Overs,TENNIS,past,2021-03-28T02:22:29.000Z,3003,Pune,220546,GK Silverland Residency,242735,Bura Na Mano Holi Hai,,399023,League Matches,1285547,Pichkari,66/4,1285519,Gulaal,63/7,Toss: Gulaal opt to field,3 runs,Pichkari,Resulted,0,0,2026-09-01T20:30:29.296971+00:00
1746196,Limited Overs,TENNIS,past,2021-03-28T02:56:26.000Z,3003,Pune,220546,GK Silverland Residency,242735,Bura Na Mano Holi Hai,,399023,League Matches,1285528,Rang Barse,59/6,1285547,Pichkari,51/6,Toss: Pichkari opt to field,8 runs,Rang Barse,Resulted,0,0,2026-09-01T20:30:29.296971+00:00
1746661,Limited Overs,TENNIS,past,2021-03-28T03:31:31.000Z,3003,Pune,220546,GK Silverland Residency,242735,Bura Na Mano Holi Hai,,399023,League Matches,1285563,Rangile,64/7,1285519,Gulaal,24/7,Toss: Gulaal opt to field,40 runs,Rangile,Resulted,0,0,2026-09-01T20:30:29.296971+00:00
1747167,Limited Overs,TENNIS,past,2021-03-28T04:14:31.000Z,3003,Pune,220546,GK Silverland Residency,242735,Bura Na Mano Holi Hai,,399023,League Matches,1285519,Gulaal,64/5,1285528,Rang Barse,47/5,Toss: Rang Barse opt to field,17 runs,Gulaal,Resulted,0,0,2026-09-01T20:30:29.296971+00:00
1747486,Limited Overs,TENNIS,past,2021-03-28T04:45:11.000Z,3003,Pune,220546,GK Silverland Residency,242735,Bura Na Mano Holi Hai,,399023,League Matches,1285547,Pichkari,69/3,1285563,Rangile,56/4,Toss: Rangile opt to field,13 runs,Pichkari,Resulted,0,0,2026-09-01T20:30:29.296971+00:00
1747918,Limited Overs,TENNIS,past,2021-03-28T05:26:09.000Z,3003,Pune,220546,GK Silverland Residency,242735,Bura Na Mano Holi Hai,,399023,League Matches,1285528,Rang Barse,73/4,1285547,Pichkari,43/7,Toss: Pichkari opt to field,30 runs,Rang Barse,Resulted,0,0,2026-09-01T20:30:29.296971+00:00
1748361,Limited Overs,TENNIS,past,2021-03-28T06:01:12.000Z,3003,Pune,220546,GK Silverland Residency,242735,Bura Na Mano Holi Hai,,399023,League Matches,1285547,Pichkari,36/7,1285528,Rang Barse,39/2,Toss: Pichkari opt to bat,5 wickets,Rang Barse,Resulted,0,0,2026-09-01T20:30:29.296971+00:00
1985168,Limited Overs,LEATHER,past,2021-06-27T04:44:00.000Z,3058,Sinnar,140315,GMD College,,,,,,483876,Nashik Fighter XI,90/10,1251023,Sinner Cricket Club A ( M),91/6,Toss: Nashik Fighter XI opt to bat,4 wickets,Sinner Cricket Club A ( M),Resulted,0,0,2026-09-01T20:30:29.296971+00:00
2028565,Limited Overs,TENNIS,past,2021-07-11T02:23:00.000Z,3003,Pune,241005,THOSAR GROUND KHADI MACHINE,272787,kondhwa premiere league,,453065,Quarter Final,1446960,Y.C.C Kondhwa,56/4,1443811,DATTA VIHAR CC,49/9,Toss: Y.C.C Kondhwa opt to bat,7 runs,Y.C.C Kondhwa,Resulted,0,0,2026-09-01T20:30:29.296971+00:00
2030383,Limited Overs,LEATHER,past,2021-07-11T06:44:35.000Z,3058,Sinnar,140315,GMD College,,,,,,483876,Nashik Fighter XI,155/10,1251023,Sinner Cricket Club A ( M),159/6,Toss: Nashik Fighter XI opt to bat,4 wickets,Sinner Cricket Club A ( M),Resulted,0,0,2026-09-01T20:30:29.296971+00:00
2207540,Limited Overs,LEATHER,past,2021-09-05T10:44:06.000Z,3058,Sinnar,140315,GMD College,,,,,,1251023,Sinner Cricket Club A ( M),157/10,483876,Nashik Fighter XI,133/10,Toss: Sinner Cricket Club A ( M) opt to bat,24 runs,Sinner Cricket Club A ( M),Resulted,0,0,2026-09-01T20:30:29.296971+00:00
2336645,Limited Overs,TENNIS,past,2021-10-15T05:30:44.000Z,3003,Pune,185934,Gk Silverland Reaidency,298225,Dussehra Special Series Test,,502421,League Matches,1521709,GK Golden Bulls,71/5,1521770,Vanvashi Boys,49/6,Toss: Vanvashi Boys opt to field,22 runs,GK Golden Bulls,Resulted,0,0,2026-09-01T20:30:29.296971+00:00
2336655,Limited Overs,TENNIS,past,2021-10-15T04:09:56.000Z,3003,Pune,185934,Gk Silverland Reaidency,298225,Dussehra Special Series,,502421,League Matches,1628304,R@mBharose,41/3,1521770,Vanvashi Boys,42/4,Toss: Vanvashi Boys opt to field,3 wickets,Vanvashi Boys,Resulted,0,0,2026-09-01T20:30:29.296971+00:00
2384124,Limited Overs,LEATHER,past,2021-10-24T06:01:00.000Z,3058,Sinnar,43697,SSK CRICKET GROUND,,,,,,483876,Nashik Fighter XI,194/10,1627841,Cricket Club Of Sinnar 11 Open,195/4,Toss: Nashik Fighter XI opt to bat,6 wickets,Cricket Club Of Sinnar 11 Open,Resulted,0,0,2026-09-01T20:30:29.296971+00:00
2464431,Limited Overs,LEATHER,past,2021-11-11T04:52:25.000Z,2964,Nashik,78834,SSK PUBLIC SCHOOL,,,,,,1712490,Sw Cricket Academy11,135/10,1627841,Cricket Club Of Sinnar 11 Open,116/10,Toss: Sw Cricket Academy11 opt to bat,19 runs,Sw Cricket Academy11,Resulted,0,0,2026-09-01T20:30:29.296971+00:00
2500848,Limited Overs,TENNIS,past,2021-11-18T15:54:03.000Z,2807,Dhule,175576,Powerplay Turf,312810,Purvamukhi Premiere Legue,,529588,League Matches,528675,FCC PPT,42/6,1730405,Rana Warriors7,43/2,Toss: FCC PPT opt to bat,4 wickets,Rana Warriors7,Resulted,0,0,2026-09-01T20:30:29.296971+00:00
2506182,Limited Overs,TENNIS,past,2021-11-20T05:01:05.000Z,3003,Pune,170794,"Gera Ground, Opp. Gera Parkview",312445,SPF Championship 2021,,529651,League Matches,1730996,Alcon Raiders,97/5,1730730,Prasun Loreto,81/5,Toss: Prasun Loreto opt to field,16 runs,Alcon Raiders,Resulted,0,0,2026-09-01T20:30:29.296971+00:00
2525287,Limited Overs,TENNIS,past,2021-11-27T04:02:53.000Z,3003,Pune,170794,"Gera Ground, Opp. Gera Parkview",312445,SPF Championship 2021,,529651,League Matches,1730730,Prasun Loreto,26/10,1731083,Greensville Panthers -SPF,27/0,Toss: Prasun Loreto opt to bat,10 wickets,Greensville Panthers -SPF,Resulted,0,0,2026-09-01T20:30:29.296971+00:00
2546917,Limited Overs,TENNIS,past,2021-11-28T04:12:29.000Z,3003,Pune,6495,Techm Hinjewadi Phase 3,,,,,,285804,GK Silverland,110/8,652403,Hcc Hinjewadi,108/6,Toss: GK Silverland opt to bat,2 runs,GK Silverland,Resulted,0,0,2026-09-01T20:30:29.296971+00:00
2579783,Limited Overs,TENNIS,past,2021-12-11T01:43:24.000Z,3003,Pune,170794,"Gera Ground, Opp. Gera Parkview",312445,SPF Championship 2021,,529651,League Matches,944887,Gera Titans,69/6,1730730,Prasun Loreto,67/7,Toss: Gera Titans opt to bat,2 runs,Gera Titans,Resulted,0,0,2026-09-01T20:30:29.296971+00:00
2607190,Limited Overs,TENNIS,past,2021-12-11T09:55:59.000Z,3003,Pune,170794,"Gera Ground, Opp. Gera Parkview",312445,SPF Championship 2021,,529651,League Matches,951209,Gulmohar City Challengers,58/6,1730730,Prasun Loreto,59/1,Toss: Gulmohar City Challengers opt to bat,9 wickets,Prasun Loreto,Resulted,0,0,2026-09-01T20:30:29.296971+00:00
2607256,Limited Overs,TENNIS,past,2021-12-12T06:10:36.000Z,3003,Pune,170794,"Gera Ground, Opp. Gera Parkview",312445,SPF Championship 2021,,529651,League Matches,1730730,Prasun Loreto,105/3,1733112,Bricktown Knights,65/5,Toss: Bricktown Knights opt to field,40 runs,Prasun Loreto,Resulted,0,0,2026-09-01T20:30:29.296971+00:00
2692983,Limited Overs,TENNIS,past,2021-12-25T04:13:43.000Z,2964,Nashik,261655,Big Bounce Turf,332281,UNITED WE STAND CHAMPIONSHIP,,566033,League Matches,1880791,Lokmanya Tilak Legends,79/1,1880705,Subhas Chandra Bose Fighters,78/1,Toss: Lokmanya Tilak Legends opt to bat,1 run,Lokmanya Tilak Legends,Resulted,0,0,2026-09-01T20:30:29.296971+00:00
2693002,Limited Overs,TENNIS,past,2021-12-25T05:45:37.000Z,2964,Nashik,261655,Big Bounce Turf,332281,UNITED WE STAND CHAMPIONSHIP,,566033,League Matches,1880791,Lokmanya Tilak Legends,41/5,1880674,Bhagat Singh Warriors,42/2,Toss: Lokmanya Tilak Legends opt to bat,5 wickets,Bhagat Singh Warriors,Resulted,0,0,2026-09-01T20:30:29.296971+00:00
2693015,Limited Overs,TENNIS,past,2021-12-25T06:41:52.000Z,2964,Nashik,261655,Big Bounce Turf,332281,UNITED WE STAND CHAMPIONSHIP,,566033,League Matches,1880791,Lokmanya Tilak Legends,39/5,1880754,Veer Savarkar Sena,37/5,Toss: Lokmanya Tilak Legends opt to bat,2 runs,Lokmanya Tilak Legends,Resulted,0,0,2026-09-01T20:30:29.296971+00:00
2693031,Limited Overs,TENNIS,past,2021-12-25T07:49:02.000Z,2964,Nashik,261655,Big Bounce Turf,332281,UNITED WE STAND CHAMPIONSHIP,,566033,League Matches,1880791,Lokmanya Tilak Legends,57/3,1880825,Chandra Shekhar Azaz Sixers,61/2,Toss: Lokmanya Tilak Legends opt to bat,5 wickets,Chandra Shekhar Azaz Sixers,Resulted,0,0,2026-09-01T20:30:29.296971+00:00
2693041,Limited Overs,TENNIS,past,2021-12-25T08:45:09.000Z,2964,Nashik,261655,Big Bounce Turf,332281,UNITED WE STAND CHAMPIONSHIP,,566033,League Matches,1880620,Sardar Patel Champions,64/4 & 7/2,1880791,Lokmanya Tilak Legends,64/6 & 8/2,Toss: Lokmanya Tilak Legends opt to field,Match Tied (Lokmanya Tilak Legends won the super over),Lokmanya Tilak Legends,Resulted,0,1,2026-09-01T20:30:29.296971+00:00
2701447,Limited Overs,TENNIS,past,2021-12-25T14:57:38.000Z,2964,Nashik,261655,Big Bounce Turf,332281,UNITED WE STAND CHAMPIONSHIP,,567276,Semi Final,1880620,Sardar Patel Champions,81/3,1880791,Lokmanya Tilak Legends,41/7,Toss: Lokmanya Tilak Legends opt to field,40 runs,Sardar Patel Champions,Resulted,0,0,2026-09-01T20:30:29.296971+00:00
2742707,Limited Overs,TENNIS,past,2022-01-01T02:54:05.000Z,3003,Pune,17534,mcg,,,,,,285804,Silverland SuperGiants,64/7,652403,Hcc Hinjewadi,68/2,Toss: Silverland SuperGiants opt to bat,8 wickets,Hcc Hinjewadi,Resulted,0,0,2026-09-01T20:30:29.296971+00:00
2743407,Limited Overs,TENNIS,past,2022-01-01T04:22:34.000Z,3003,Pune,17534,mcg,,,,,,652403,Hcc Hinjewadi,75/9,285804,Silverland SuperGiants,76/6,Toss: Silverland SuperGiants opt to field,4 wickets,Silverland SuperGiants,Resulted,0,0,2026-09-01T20:30:29.296971+00:00
2748450,Limited Overs,TENNIS,past,2022-01-02T07:53:46.000Z,2000,Nipani,287103,Shrinagar cricket ground,338202,Shrinagar Premier League Season 3,,576761,League Matches,1922917,Sarvesh Sports SPL3,61/5,1922803,Kalpavriksha Restaurant SPL3,64/3,Toss: Kalpavriksha Restaurant SPL3 opt to field,7 wickets,Kalpavriksha Restaurant SPL3,Resulted,0,0,2026-09-01T20:30:29.296971+00:00
2781976,Limited Overs,TENNIS,past,2022-01-08T08:48:44.000Z,2000,Nipani,287103,Shrinagar cricket ground,338202,Shrinagar Premier League Season 3,,576761,League Matches,1922888,Sarthak Sports SPL3,99/4,1922917,Sarvesh Sports SPL3,100/2,Toss: Sarvesh Sports SPL3 opt to field,8 wickets,Sarvesh Sports SPL3,Resulted,0,0,2026-09-01T20:30:29.296971+00:00
2821740,Limited Overs,TENNIS,past,2022-01-14T12:35:54.000Z,2000,Nipani,287103,Shrinagar cricket ground,338202,Shrinagar Premier League Season 3,,576761,League Matches,1922858,Avi Powar Sports SPL3,85/5,1922917,Sarvesh Sports SPL3,87/2,Toss: Sarvesh Sports SPL3 opt to field,8 wickets,Sarvesh Sports SPL3,Resulted,0,0,2026-09-01T20:30:29.296971+00:00
2821756,Limited Overs,TENNIS,past,2022-01-14T07:38:38.000Z,2000,Nipani,287103,Shrinagar cricket ground,338202,Shrinagar Premier League Season 3,,576761,League Matches,1922933,Pranita Warriors SPL3,111/5,1922917,Sarvesh Sports SPL3,103/4,Toss: Sarvesh Sports SPL3 opt to field,8 runs,Pranita Warriors SPL3,Resulted,0,0,2026-09-01T20:30:29.296971+00:00
2829976,Limited Overs,TENNIS,past,2022-01-15T03:53:15.000Z,3003,Pune,185934,Gk Silverland Reaidency,346283,Silverland Premier League,,592017,League Matches,1013726,The Killers,36/5,2007674,Spartaannss,39/1,Toss: Spartaannss opt to field,6 wickets,Spartaannss,Resulted,0,0,2026-09-01T20:30:29.296971+00:00
2829986,Limited Overs,TENNIS,past,2022-01-15T04:22:02.000Z,3003,Pune,185934,Gk Silverland Reaidency,346283,Silverland Premier League,,592017,League Matches,1027560,SuperGiant,68/5,1013726,The Killers,23/7,Toss: The Killers opt to field,45 runs,SuperGiant,Resulted,0,0,2026-09-01T20:30:29.296971+00:00
2830008,Limited Overs,TENNIS,past,2022-01-15T06:30:45.000Z,3003,Pune,185934,Gk Silverland Reaidency,346283,Silverland Premier League,,592017,League Matches,2007674,Spartaannss,53/6,1027560,SuperGiant,55/2,Toss: SuperGiant opt to field,5 wickets,SuperGiant,Resulted,0,0,2026-09-01T20:30:29.296971+00:00
2830024,Limited Overs,TENNIS,past,2022-01-15T09:12:27.000Z,3003,Pune,185934,Gk Silverland Reaidency,346283,Silverland Premier League,,592017,League Matches,2007674,Spartaannss,54/7,1027560,SuperGiant,57/5,Toss: SuperGiant opt to field,2 wickets,SuperGiant,Resulted,0,0,2026-09-01T20:30:29.296971+00:00
2830082,Limited Overs,TENNIS,past,2022-01-15T10:31:25.000Z,3003,Pune,185934,Gk Silverland Reaidency,346283,Silverland Premier League,,592017,League Matches,2007674,Spartaannss,61/6,1013726,The Killers,63/2,Toss: The Killers opt to field,5 wickets,The Killers,Resulted,0,0,2026-09-01T20:30:29.296971+00:00
2830100,Limited Overs,TENNIS,past,2022-01-16T02:45:22.000Z,3003,Pune,185934,Gk Silverland Reaidency,346283,Silverland Premier League,,592017,League Matches,1013726,The Killers,60/3,1027560,SuperGiant,61/2,Toss: SuperGiant opt to field,5 wickets,SuperGiant,Resulted,0,0,2026-09-01T20:30:29.296971+00:00
2830108,Limited Overs,TENNIS,past,2022-01-16T04:20:26.000Z,3003,Pune,185934,Gk Silverland Reaidency,346283,Silverland Premier League,,592017,League Matches,1013726,The Killers,53/6,1027560,SuperGiant,54/0,Toss: SuperGiant opt to field,7 wickets,SuperGiant,Resulted,0,0,2026-09-01T20:30:29.296971+00:00
2830113,Limited Overs,TENNIS,past,2022-01-16T05:40:19.000Z,3003,Pune,185934,Gk Silverland Reaidency,346283,Silverland Premier League,,592017,League Matches,1027560,SuperGiant,45/7,2007674,Spartaannss,49/6,Toss: Spartaannss opt to field,1 wicket,Spartaannss,Resulted,0,0,2026-09-01T20:30:29.296971+00:00
2830123,Limited Overs,TENNIS,past,2022-01-16T06:55:37.000Z,3003,Pune,185934,Gk Silverland Reaidency,346283,Silverland Premier League,,592017,League Matches,2007674,Spartaannss,57/4,1013726,The Killers,59/2,Toss: The Killers opt to field,5 wickets,The Killers,Resulted,0,0,2026-09-01T20:30:29.296971+00:00
2845553,Limited Overs,TENNIS,past,2022-01-16T09:51:00.000Z,3003,Pune,185934,Gk Silverland Reaidency,346283,Silverland Premier League,,594991,Final,1027560,SuperGiant,64/1,1013726,The Killers,66/4,Toss: The Killers opt to field,3 wickets,The Killers,Resulted,0,0,2026-09-01T20:30:29.296971+00:00
2845569,Limited Overs,TENNIS,past,2022-01-16T10:51:01.000Z,3003,Pune,185934,Gk Silverland Reaidency,346283,Silverland Premier League,,594991,Final,1013726,The Killers,51/7,1027560,SuperGiant,47/7,Toss: SuperGiant opt to field,4 runs,The Killers,Resulted,0,0,2026-09-01T20:30:29.296971+00:00
2865888,Limited Overs,TENNIS,past,2022-01-21T08:46:45.000Z,2000,Nipani,287103,Shrinagar cricket ground,338202,Shrinagar Premier League Season 3,,576761,League Matches,1922958,Ananya Sports SPL3,116/3,1922917,Sarvesh Sports SPL3,88/6,Toss: Sarvesh Sports SPL3 opt to field,28 runs,Ananya Sports SPL3,Resulted,0,0,2026-09-01T20:30:29.296971+00:00
2865900,Limited Overs,TENNIS,past,2022-01-21T10:55:13.000Z,2000,Nipani,287103,Shrinagar cricket ground,338202,Shrinagar Premier League Season 3,,576761,League Matches,1922917,Sarvesh Sports SPL3,92/3,1922768,Pratik Panthers SPL3,95/5,Toss: Pratik Panthers SPL3 opt to field,5 wickets,Pratik Panthers SPL3,Resulted,0,0,2026-09-01T20:30:29.296971+00:00
2979552,Limited Overs,TENNIS,past,2022-02-06T02:33:56.000Z,3003,Pune,42688,Jolly Ground,,,,,,285804,Silverland SuperGiants,55/8,882803,Rejoin,57/6,Toss: Rejoin opt to field,4 wickets,Rejoin,Resulted,0,0,2026-09-01T20:30:29.296971+00:00
2981544,Limited Overs,TENNIS,past,2022-02-06T04:06:15.000Z,3003,Pune,42688,Jolly Ground,,,,,,882803,Rejoin,89/6,285804,Silverland SuperGiants,93/2,Toss: Silverland SuperGiants opt to field,8 wickets,Silverland SuperGiants,Resulted,0,0,2026-09-01T20:30:29.296971+00:00
2987780,Limited Overs,TENNIS,past,2022-02-06T10:25:02.000Z,3003,Pune,220546,GK Silverland Residency,,,,,,2007644,Tigerrr,109/3,285804,Silverland SuperGiants,62/8,Toss: Silverland SuperGiants opt to field,47 runs,Tigerrr,Resulted,0,0,2026-09-01T20:30:29.296971+00:00
2988222,Limited Overs,TENNIS,past,2022-02-06T11:07:00.000Z,3003,Pune,220546,GK Silverland Residency,,,,,,285804,Silverland SuperGiants,52/7,2007644,Tigerrr,54/2,Toss: Tigerrr opt to field,6 wickets,Tigerrr,Resulted,0,0,2026-09-01T20:30:29.296971+00:00
3025550,Limited Overs,TENNIS,past,2022-02-13T02:15:26.000Z,3003,Pune,2838,VDR Cricket Academy Ground,,,,,,426391,SMASHERS (DCPL),156/10,285804,Silverland SuperGiants,157/6,Toss: Silverland SuperGiants opt to field,4 wickets,Silverland SuperGiants,Resulted,0,0,2026-09-01T20:30:29.296971+00:00
3048139,Limited Overs,TENNIS,past,2022-02-26T18:19:25.000Z,3003,Pune,221429,Maidan turf,369115,SSG Cricket Tournament-1,,635326,League Matches,2167204,C-Deepesh,40/7,2167203,B-Kumar,41/1,Toss: C-Deepesh opt to bat,7 wickets,B-Kumar,Resulted,0,0,2026-09-01T20:30:29.296971+00:00
3048145,Limited Overs,TENNIS,past,2022-02-26T18:53:19.000Z,3003,Pune,221429,Maidan turf,369115,SSG Cricket Tournament-1,,635326,League Matches,2167204,C-Deepesh,51/7,2167200,A-Paras,52/2,Toss: A-Paras opt to field,6 wickets,A-Paras,Resulted,0,0,2026-09-01T20:30:29.296971+00:00
3056900,Limited Overs,LEATHER,past,2022-04-10T04:16:00.000Z,3003,Pune,59337,Sportsage Cricket Ground,365853,Sportsage Cup-Pink Ball,,633275,League Matches,457440,STAR XI (ICL),177/3,886871,STARGAZERS UNITED(ICL),181/5,Toss: STARGAZERS UNITED(ICL) opt to field,5 wickets,STARGAZERS UNITED(ICL),Resulted,0,0,2026-09-01T20:30:29.296971+00:00
3112717,Limited Overs,TENNIS,past,2022-02-26T02:06:18.000Z,3003,Pune,2838,VDR Cricket Academy Ground,,,,,,285804,Silverland SuperGiants,155/9,2214571,Enjoy 11 Mamurdi,158/2,Toss: Enjoy 11 Mamurdi opt to field,7 wickets,Enjoy 11 Mamurdi,Resulted,0,0,2026-09-01T20:30:29.296971+00:00
3145969,Limited Overs,TENNIS,past,2022-03-06T01:35:40.000Z,3003,Pune,5062,Vision Cricket Academy Ground,380016,Sinhagad Mavla VS KhadkiRoyals,,,,315344,Khadki Royals (KCL),81/7,603833,Sinhagad Mavla,85/2,Toss: Khadki Royals (KCL) opt to bat,8 wickets,Sinhagad Mavla,Resulted,0,0,2026-09-01T20:30:29.296971+00:00
3177076,Limited Overs,TENNIS,past,2022-03-06T02:43:59.000Z,3003,Pune,5062,Vision Cricket Academy Ground,380016,Sinhagad Mavla VS KhadkiRoyals,,,,603833,Sinhagad Mavla,70/2,315344,Khadki Royals (KCL),71/4,Toss: Sinhagad Mavla opt to bat,6 wickets,Khadki Royals (KCL),Resulted,0,0,2026-09-01T20:30:29.296971+00:00
3210483,Limited Overs,TENNIS,past,2022-03-11T10:39:43.000Z,2964,Nashik,287293,Wembley,386181,BRAHMAN BOX CRICKET LEAGUE -2022,,666530,League Matches,2284747,RMJ PALTAN (BBCL-22),28/5,2284741,SAGAR MOTORS (BBCL-22),32/2,Toss: SAGAR MOTORS (BBCL-22) opt to field,5 wickets,SAGAR MOTORS (BBCL-22),Resulted,0,0,2026-09-01T20:30:29.296971+00:00
3210517,Limited Overs,TENNIS,past,2022-03-11T12:28:37.000Z,2964,Nashik,212039,Lords,386181,BRAHMAN BOX CRICKET LEAGUE -2022,,666530,League Matches,2284741,SAGAR MOTORS (BBCL-22),52/7,2284721,RG INVADERS (BBCL-22),53/0,Toss: RG INVADERS (BBCL-22) opt to field,7 wickets,RG INVADERS (BBCL-22),Resulted,0,0,2026-09-01T20:30:29.296971+00:00
3210584,Limited Overs,TENNIS,past,2022-03-11T16:45:56.000Z,2964,Nashik,287293,Wembley,386181,BRAHMAN BOX CRICKET LEAGUE -2022,,666530,League Matches,2284744,AGASTYA PATRIOTS (BBCL-22),17/7,2284741,SAGAR MOTORS (BBCL-22),22/2,Toss: SAGAR MOTORS (BBCL-22) opt to field,5 wickets,SAGAR MOTORS (BBCL-22),Resulted,0,0,2026-09-01T20:30:29.296971+00:00
3214342,Limited Overs,TENNIS,past,2022-03-12T03:23:40.000Z,2964,Nashik,212039,Lords,386181,BRAHMAN BOX CRICKET LEAGUE -2022,,666530,League Matches,2284750,SHREE WARRIORS (BBCL-22),79/3,2284741,SAGAR MOTORS (BBCL-22),80/2,Toss: SAGAR MOTORS (BBCL-22) opt to field,5 wickets,SAGAR MOTORS (BBCL-22),Resulted,0,0,2026-09-01T20:30:29.296971+00:00
3221590,Limited Overs,TENNIS,past,2022-03-12T05:36:16.000Z,2964,Nashik,287293,Wembley,386181,BRAHMAN BOX CRICKET LEAGUE -2022,,666530,League Matches,2284763,WARM BREWS (BBCL-22),92/0,2284741,SAGAR MOTORS (BBCL-22),62/2,Toss: SAGAR MOTORS (BBCL-22) opt to field,30 runs,WARM BREWS (BBCL-22),Resulted,0,0,2026-09-01T20:30:29.296971+00:00
3221671,Limited Overs,TENNIS,past,2022-03-12T09:51:09.000Z,2964,Nashik,287293,Wembley,386181,BRAHMAN BOX CRICKET LEAGUE -2022,,666530,League Matches,2284732,Y NOTS (BBCL-22),74/3,2284741,SAGAR MOTORS (BBCL-22),77/2,Toss: SAGAR MOTORS (BBCL-22) opt to field,5 wickets,SAGAR MOTORS (BBCL-22),Resulted,0,0,2026-09-01T20:30:29.296971+00:00
3221739,Limited Overs,TENNIS,past,2022-03-12T14:43:36.000Z,2964,Nashik,287293,Wembley,386181,BRAHMAN BOX CRICKET LEAGUE -2022,,666530,League Matches,2284741,SAGAR MOTORS (BBCL-22),66/2,2284723,MAVERICKS (BBCL-22),71/3,Toss: MAVERICKS (BBCL-22) opt to field,4 wickets,MAVERICKS (BBCL-22),Resulted,0,0,2026-09-01T20:30:29.296971+00:00
3221764,Limited Overs,TENNIS,past,2022-03-12T16:27:22.000Z,2964,Nashik,287293,Wembley,386181,BRAHMAN BOX CRICKET LEAGUE -2022,,666530,League Matches,2284741,SAGAR MOTORS (BBCL-22),75/2,2284730,KLASIC KULKARNIS (BBCL-22),68/5,Toss: KLASIC KULKARNIS (BBCL-22) opt to field,7 runs,SAGAR MOTORS (BBCL-22),Resulted,0,0,2026-09-01T20:30:29.296971+00:00
3221837,Limited Overs,TENNIS,past,2022-03-12T07:58:46.000Z,2964,Nashik,212039,Lords,386181,BRAHMAN BOX CRICKET LEAGUE -2022,,666530,League Matches,2284737,ALL STARS (BBCL-22),43/6,2284741,SAGAR MOTORS (BBCL-22),9/7,Toss: SAGAR MOTORS (BBCL-22) opt to field,34 runs,ALL STARS (BBCL-22),Resulted,0,0,2026-09-01T20:30:29.296971+00:00
3221864,Limited Overs,TENNIS,past,2022-03-13T04:33:16.000Z,2964,Nashik,287293,Wembley,386181,BRAHMAN BOX CRICKET LEAGUE -2022,,666530,League Matches,2284741,SAGAR MOTORS (BBCL-22),51/5,2284739,SP PESHWAS (BBCL-22),53/4,Toss: SP PESHWAS (BBCL-22) opt to field,3 wickets,SP PESHWAS (BBCL-22),Resulted,0,0,2026-09-01T20:30:29.296971+00:00
3221913,Limited Overs,TENNIS,past,2022-03-13T08:15:05.000Z,2964,Nashik,287293,Wembley,386181,BRAHMAN BOX CRICKET LEAGUE -2022,,666530,League Matches,2284741,SAGAR MOTORS (BBCL-22),74/4,2284770,PPA (BBCL-22),60/4,Toss: SAGAR MOTORS (BBCL-22) opt to bat,14 runs,SAGAR MOTORS (BBCL-22),Resulted,0,0,2026-09-01T20:30:29.296971+00:00
3221950,Limited Overs,TENNIS,past,2022-03-12T12:44:08.000Z,2964,Nashik,212039,Lords,386181,BRAHMAN BOX CRICKET LEAGUE -2022,,666530,League Matches,2284727,CONNECT INDIA KINGS (BBCL-22),87/2,2284741,SAGAR MOTORS (BBCL-22),62/4,Toss: SAGAR MOTORS (BBCL-22) opt to field,25 runs,CONNECT INDIA KINGS (BBCL-22),Resulted,0,0,2026-09-01T20:30:29.296971+00:00
3222032,Limited Overs,TENNIS,past,2022-03-13T03:41:39.000Z,2964,Nashik,212039,Lords,386181,BRAHMAN BOX CRICKET LEAGUE -2022,,666530,League Matches,2284741,SAGAR MOTORS (BBCL-22),56/5,2284734,MAK STRIKERS (BBCL-22),57/2,Toss: SAGAR MOTORS (BBCL-22) opt to bat,5 wickets,MAK STRIKERS (BBCL-22),Resulted,0,0,2026-09-01T20:30:29.296971+00:00
3238222,Limited Overs,TENNIS,past,2022-03-13T07:10:05.000Z,2964,Nashik,212039,Lords,386181,BRAHMAN BOX CRICKET LEAGUE -2022,,666530,League Matches,2284765,NOVEL (BBCL-22),93/5,2284741,SAGAR MOTORS (BBCL-22),50/7,Toss: SAGAR MOTORS (BBCL-22) opt to field,43 runs,NOVEL (BBCL-22),Resulted,0,0,2026-09-01T20:30:29.296971+00:00
3239729,Limited Overs,TENNIS,past,2022-03-13T08:56:38.000Z,2782,Chinchwad,309440,Dange Chowk Ground C,381735,Dange Chowk T-20 League - 03,,657858,League Matches,2233845,MPF PCMC (DCTL03),84/10,285804,Silverland SuperGiants,85/3,Toss: Silverland SuperGiants opt to field,7 wickets,Silverland SuperGiants,Resulted,0,0,2026-09-01T20:30:29.296971+00:00
3241143,Limited Overs,TENNIS,past,2022-03-13T10:05:58.000Z,2964,Nashik,212039,Lords,386181,BRAHMAN BOX CRICKET LEAGUE -2022,,666530,League Matches,2284741,SAGAR MOTORS (BBCL-22),47/4,2284761,PRANAH (BBCL-22),48/2,Toss: SAGAR MOTORS (BBCL-22) opt to bat,5 wickets,PRANAH (BBCL-22),Resulted,0,0,2026-09-01T20:30:29.296971+00:00
3264087,Limited Overs,LEATHER,past,2022-03-17T04:09:19.000Z,2964,Nashik,7519,Golf Club G2,322312,LATE. BHAU MALUSURE T-20 TROPHY  ( B DIVISION) -2021-22,,547473,League Matches,159422,Mothe Baba Dapur (LSBM2019),111/10,1809638,Panchavati Champion,112/6,Toss: Mothe Baba Dapur (LSBM2019) opt to bat,4 wickets,Panchavati Champion,Resulted,0,0,2026-09-01T20:30:29.296971+00:00
3278030,Limited Overs,TENNIS,past,2022-03-19T02:11:50.000Z,3003,Pune,252239,AFK Cricket Ground Khadki,392918,KhadkiRoyals VS AllStars,,,,315344,Khadki Royals (KCL),86/4,2238751,All Stars (KCL),74/8,Toss: Khadki Royals (KCL) opt to bat,12 runs,Khadki Royals (KCL),Resulted,0,0,2026-09-01T20:30:29.296971+00:00
3279069,Limited Overs,TENNIS,past,2022-03-19T02:07:56.000Z,3003,Pune,34645,Dange Chowk,381735,Dange Chowk T-20 League - 03,,657858,League Matches,312591,The Titans (DCTL),148/9,285804,Silverland SuperGiants,105/10,Toss: Silverland SuperGiants opt to field,43 runs,The Titans (DCTL),Resulted,0,0,2026-09-01T20:30:29.296971+00:00
3280018,Limited Overs,TENNIS,past,2022-03-19T03:29:17.000Z,3003,Pune,252239,AFK Cricket Ground Khadki,392918,KhadkiRoyals VS AllStars,,,,2238751,All Stars (KCL),86/4,315344,Khadki Royals (KCL),87/3,Toss: Khadki Royals (KCL) opt to field,7 wickets,Khadki Royals (KCL),Resulted,0,0,2026-09-01T20:30:29.296971+00:00
3293410,Limited Overs,TENNIS,past,2022-03-20T05:35:52.000Z,3003,Pune,34645,Dange Chowk,381735,Dange Chowk T-20 League - 03,,657858,League Matches,886570,Thergaon XI (TCC),127/10,285804,Silverland SuperGiants,129/9,Toss: Thergaon XI (TCC) opt to bat,1 wicket,Silverland SuperGiants,Resulted,0,0,2026-09-01T20:30:29.296971+00:00
3331132,Limited Overs,TENNIS,past,2022-03-26T12:35:55.000Z,3003,Pune,277682,Akshar Elemnta,392006,Elementa Premier League 2.0,,684141,League Matches,1823541,Mumbai Mavericks (EPL),78/5,1823946,Kolkata Vikings,43/6,Toss: Kolkata Vikings opt to field,35 runs,Mumbai Mavericks (EPL),Resulted,0,0,2026-09-01T20:30:29.296971+00:00
3331833,Limited Overs,TENNIS,past,2022-03-25T16:28:54.000Z,3003,Pune,277682,Akshar Elemnta,,,,,,2373426,Chairman VIII,114/4,2373738,Secretary 11,103/6,Toss: Chairman VIII opt to bat,11 runs,Chairman VIII,Resulted,0,0,2026-09-01T20:30:29.296971+00:00
3333119,Limited Overs,TENNIS,past,2022-03-26T03:23:51.000Z,3003,Pune,23514,Varroc Cricket Academy Ground,397516,KOMTI CHAMPIONS LEAGUE -2,,688819,League Matches,2374566,KAHDKI ROYALS,73/7,2374589,SINGHAD MAVLA,65/7,Toss: SINGHAD MAVLA opt to field,8 runs,KAHDKI ROYALS,Resulted,0,0,2026-09-01T20:30:29.296971+00:00
3333137,Limited Overs,TENNIS,past,2022-03-26T08:27:46.000Z,3003,Pune,23514,Varroc Cricket Academy Ground,397516,KOMTI CHAMPIONS LEAGUE -2,,688819,League Matches,2374559,RUCHA TITANS,72/4,2374566,KAHDKI ROYALS,55/9,Toss: RUCHA TITANS opt to bat,17 runs,RUCHA TITANS,Resulted,0,0,2026-09-01T20:30:29.296971+00:00
3333157,Limited Overs,TENNIS,past,2022-03-27T04:16:58.000Z,3003,Pune,23514,Varroc Cricket Academy Ground,397516,KOMTI CHAMPIONS LEAGUE -2,,688819,League Matches,2374574,KCL MASTER BLASTER,66/4,2374566,KAHDKI ROYALS,65/8,Toss: KCL MASTER BLASTER opt to bat,1 run,KCL MASTER BLASTER,Resulted,0,0,2026-09-01T20:30:29.296971+00:00
3335308,Limited Overs,TENNIS,past,2022-03-26T02:21:39.000Z,3003,Pune,34645,Dange Chowk,381735,Dange Chowk T-20 League - 03,,657858,League Matches,1958320,Haranai Cricket Club(HCC-T20),179/6,285804,Silverland SuperGiants,148/9,Toss: Haranai Cricket Club(HCC-T20) opt to bat,31 runs,Haranai Cricket Club(HCC-T20),Resulted,0,0,2026-09-01T20:30:29.296971+00:00
3378947,Limited Overs,LEATHER,past,2022-04-03T08:23:56.000Z,5506,Howrah,215015,HIT Ground Dumurjala,399954,Howrah DSA 1st Division T-20 Tournament (21-22),,694404,League Matches,2395134,CENTRAL PARK C.C.C,130/9,2395125,PROGATISIL SANGHA,99/9,Toss: CENTRAL PARK C.C.C opt to bat,31 runs,CENTRAL PARK C.C.C,Resulted,0,0,2026-09-01T20:30:29.296971+00:00
3386624,Limited Overs,TENNIS,past,2022-04-02T13:20:56.000Z,3003,Pune,277682,Akshar Elemnta,392006,Elementa Premier League 2.0,,684141,League Matches,1823946,Kolkata Vikings,53/5,1822606,Bengaluru-Warriors,54/1,Toss: Bengaluru-Warriors opt to field,5 wickets,Bengaluru-Warriors,Resulted,0,0,2026-09-01T20:30:29.296971+00:00
3388607,Limited Overs,TENNIS,past,2022-04-03T12:06:23.000Z,3003,Pune,277682,Akshar Elemnta,392006,Elementa Premier League 2.0,,684141,League Matches,1823946,Kolkata Vikings,75/4,1823700,Goan Sharks,81/4,Toss: Goan Sharks opt to field,2 wickets,Goan Sharks,Resulted,0,0,2026-09-01T20:30:29.296971+00:00
3398141,Limited Overs,TENNIS,past,2022-04-03T02:04:34.000Z,3003,Pune,34645,Dange Chowk,381735,Dange Chowk T-20 League - 03,,657858,League Matches,285804,Silverland SuperGiants,177/9,2175128,PCMC YODDHA 1,24/10,Toss: Silverland SuperGiants opt to bat,153 runs,Silverland SuperGiants,Resulted,0,0,2026-09-01T20:30:29.296971+00:00
3430954,Limited Overs,TENNIS,past,2022-04-09T04:54:20.000Z,3003,Pune,218236,Symbiosis University GROUND Lavale,405367,Alacritas-2022,,705480,League Matches,2439406,Expleo,80/1,2439409,Exela,70/4,Toss: Expleo opt to bat,10 runs,Expleo,Resulted,0,0,2026-09-01T20:30:29.296971+00:00
3430960,Limited Overs,TENNIS,past,2022-04-09T07:24:13.000Z,3003,Pune,218236,Symbiosis University GROUND Lavale,405367,Alacritas-2022,,705480,League Matches,2439406,Expleo,55/7,2439405,Amdocs,58/4,Toss: Expleo opt to bat,6 wickets,Amdocs,Resulted,0,0,2026-09-01T20:30:29.296971+00:00
3430968,Limited Overs,TENNIS,past,2022-04-09T08:44:46.000Z,3003,Pune,218236,Symbiosis University GROUND Lavale,405367,Alacritas-2022,,705480,League Matches,2439406,Expleo,64/6,2439400,WNS,60/9,Toss: WNS opt to field,4 runs,Expleo,Resulted,0,0,2026-09-01T20:30:29.296971+00:00
3484091,Limited Overs,TENNIS,past,2022-04-17T01:46:32.000Z,3003,Pune,59980,Gliding Centre Ground,,,,,,2090433,Super Strikers Pune,77/9,2473949,Fantastic 11,63/7,Toss: Super Strikers Pune opt to bat,14 runs,Super Strikers Pune,Resulted,0,0,2026-09-01T20:30:29.296971+00:00
3520496,Limited Overs,TENNIS,past,2022-04-23T08:48:01.000Z,3000,Pimpri,155957,Dange Chowk,381735,Dange Chowk T-20 League - 03,,657858,League Matches,285804,Silverland SuperGiants,174/8,2210454,Smashers XI,178/8,Toss: Silverland SuperGiants opt to bat,2 wickets,Smashers XI,Resulted,0,0,2026-09-01T20:30:29.296971+00:00
3543420,Limited Overs,LEATHER,past,2022-05-01T06:50:29.000Z,3003,Pune,23514,Varroc Cricket Academy Ground,411864,White Ball Open Championship Season 7,,718670,League Matches,1738998,Josh Software,111/10,1015422,SKS Elevenn,115/2,Toss: Josh Software opt to bat,8 wickets,SKS Elevenn,Resulted,0,0,2026-09-01T20:30:29.296971+00:00
3565714,Limited Overs,TENNIS,past,2022-04-30T10:53:58.000Z,3003,Pune,114039,Club Chrysallis,,,,,,2529243,Holtec Asia 11,169/7,2342107,LR Panthers,173/7,Toss: LR Panthers opt to field,4 wickets,LR Panthers,Resulted,0,0,2026-09-01T20:30:29.296971+00:00
3570002,Limited Overs,TENNIS,past,2022-05-01T01:30:00.000Z,2796,Dehu Road,312530,VDR 4,409959,T20 Maitri Chashak-1 May 2022,,715684,League Matches,285804,Silverland SuperGiants,134/10,2485560,Enjoy Group,105/9,Toss: Enjoy Group opt to field,29 runs,Silverland SuperGiants,Resulted,0,0,2026-09-01T20:30:29.296971+00:00
3585905,Limited Overs,TENNIS,past,2022-05-03T01:48:54.000Z,3003,Pune,114039,Club Chrysallis,,,,,,2342107,LR Panthers,194/4,2135992,AREZO KINGS,195/2,Toss: AREZO KINGS opt to field,8 wickets,AREZO KINGS,Resulted,0,0,2026-09-01T20:30:29.296971+00:00
3596238,Limited Overs,TENNIS,past,2022-05-07T01:13:51.000Z,3003,Pune,177277,Spark A2 Ground,,,,,,2135992,AREZO KINGS,71/10,2119658,Meadows Warriors XI,74/1,Toss: Meadows Warriors XI opt to field,9 wickets,Meadows Warriors XI,Resulted,0,0,2026-09-01T20:30:29.296971+00:00
3609477,Limited Overs,TENNIS,past,2022-05-07T01:27:00.000Z,3003,Pune,42688,Jolly Ground,409959,T20 Maitri Chashak-1 May 2022,,715684,League Matches,285804,Silverland SuperGiants,166/5,2484115,Rising 11,149/10,Toss: Silverland SuperGiants opt to bat,17 runs,Silverland SuperGiants,Resulted,0,0,2026-09-01T20:30:29.296971+00:00
3619162,Limited Overs,TENNIS,past,2022-05-08T01:28:51.000Z,2796,Dehu Road,222750,Vdr 4,409959,T20 Maitri Chashak-1 May 2022,,715684,League Matches,882803,Rejoin Cricket Club,172/9,285804,Silverland SuperGiants,144/9,Toss: Silverland SuperGiants opt to field,28 runs,Rejoin Cricket Club,Resulted,0,0,2026-09-01T20:30:29.296971+00:00
3656515,Limited Overs,OTHER,past,2022-05-14T01:29:10.000Z,3003,Pune,5062,Vision Cricket Academy Ground,,,,,,1658243,Rallyshire,92/4,315344,Khadki Royals (KCL),32/5,Toss: Rallyshire opt to bat,60 runs,Rallyshire,Resulted,0,0,2026-09-01T20:30:29.296971+00:00
3657573,Limited Overs,TENNIS,past,2022-05-14T02:51:15.000Z,3003,Pune,5062,Vision Cricket Academy Ground,,,,,,1658243,Rallyshire,Yet to bat,315344,Khadki Royals (KCL),Yet to bat,Toss: Rallyshire opt to bat,Abandoned,,Abandoned,0,0,2026-09-01T20:30:29.296971+00:00
3668829,Limited Overs,LEATHER,past,2022-05-15T04:20:55.000Z,3003,Pune,205595,PIOC CRICKET GROUND PUNE,406284,NM Sports Foundation T-20 Corporate Tournament,,707470,League Matches,1111585,Royal Kings Cricket Club,164/6,2598331,Kharadi Lions,115/10,Toss: Royal Kings Cricket Club opt to bat,49 runs,Royal Kings Cricket Club,Resulted,0,0,2026-09-01T20:30:29.296971+00:00
3669557,Limited Overs,TENNIS,past,2022-05-15T05:15:00.000Z,3003,Pune,222750,Vdr 4,409959,T20 Maitri Chashak-1 May 2022,,715684,League Matches,285804,Silverland SuperGiants,203/7,2525881,SUNDAY CRICKET CLUB,135/9,Toss: Silverland SuperGiants opt to bat,68 runs,Silverland SuperGiants,Resulted,0,0,2026-09-01T20:30:29.296971+00:00
3670618,Limited Overs,LEATHER,past,2022-05-15T06:44:00.000Z,3003,Pune,20889,Verock,,,,,,2453797,Team Dabangs (Practice),128/10,1738998,Josh Software,132/5,Toss: Team Dabangs (Practice) opt to bat,5 wickets,Josh Software,Resulted,0,0,2026-09-01T20:30:29.296971+00:00
3691705,Limited Overs,LEATHER,past,2022-05-21T02:30:00.000Z,3003,Pune,23514,Varroc Cricket Academy Ground,411864,White Ball Open Championship Season 7,,718670,League Matches,1156282,Sunday Cricket Club (SCC),187/7,1738998,Josh Software,193/3,Toss: Sunday Cricket Club (SCC) opt to bat,7 wickets,Josh Software,Resulted,0,0,2026-09-01T20:30:29.296971+00:00
3705685,Limited Overs,TENNIS,past,2022-05-21T01:26:49.000Z,3003,Pune,347005,Gawli,,,,,,285804,Silverland SuperGiants,99/5,1027678,Teatteamgowin2,77/7,Toss: Silverland SuperGiants opt to bat,22 runs,Silverland SuperGiants,Resulted,0,0,2026-09-01T20:30:29.296971+00:00
3706576,Limited Overs,LEATHER,past,2022-05-21T02:55:00.000Z,3003,Pune,96252,Jambe Sparke Cricket Club,385860,Challenger Cup 2022,,665402,League Matches,1111585,Royal Kings Cricket Club,101/10,1123700,Pune Hurricanes,102/2,Toss: Pune Hurricanes opt to field,8 wickets,Pune Hurricanes,Resulted,0,0,2026-09-01T20:30:29.296971+00:00
3706770,Limited Overs,TENNIS,past,2022-05-21T02:54:35.000Z,3003,Pune,347005,Gawli,,,,,,285804,Silverland SuperGiants,90/5,1027678,Teatteamgowin2,93/4,Toss: Teatteamgowin2 opt to field,6 wickets,Teatteamgowin2,Resulted,0,0,2026-09-01T20:30:29.296971+00:00
3714856,Limited Overs,TENNIS,past,2022-05-22T01:22:14.000Z,3003,Pune,347005,Gawli,,,,,,1027678,Teatteamgowin2,126/0,285804,Silverland SuperGiants,127/1,Toss: Teatteamgowin2 opt to bat,6 wickets,Silverland SuperGiants,Resulted,0,0,2026-09-01T20:30:29.296971+00:00
3716991,Limited Overs,TENNIS,past,2022-05-22T02:43:14.000Z,3003,Pune,347005,Gawli,,,,,,1027678,Teatteamgowin2,84/2,285804,Silverland SuperGiants,90/3,Toss: Teatteamgowin2 opt to bat,4 wickets,Silverland SuperGiants,Resulted,0,0,2026-09-01T20:30:29.296971+00:00
3755908,Limited Overs,TENNIS,past,2022-05-28T01:21:00.000Z,3003,Pune,347005,Gawli,,,,,,1027678,Teatteamgowin2,191/6,2659517,Miro Warriors,135/6,Toss: Miro Warriors opt to field,56 runs,Teatteamgowin2,Resulted,0,0,2026-09-01T20:30:29.296971+00:00
3770255,Limited Overs,TENNIS,past,2022-05-29T04:42:50.000Z,3003,Pune,222750,Vdr 4,409959,T20 Maitri Chashak-1 May 2022,,715684,League Matches,285804,Silverland SuperGiants,176/10,2540457,Axisa Winners...!,65/10,Toss: Axisa Winners...! opt to field,111 runs,Silverland SuperGiants,Resulted,0,0,2026-09-01T20:30:29.296971+00:00
3793098,Limited Overs,LEATHER,past,2022-06-05T06:12:37.000Z,3003,Pune,14476,Silver Sports Club Chikhali,411864,White Ball Open Championship Season 7,,718670,League Matches,2063358,AISSMS CC,181/4,1738998,Josh Software,120/8,Toss: AISSMS CC opt to bat,61 runs,AISSMS CC,Resulted,0,0,2026-09-01T20:30:29.296971+00:00
3810032,Limited Overs,TENNIS,past,2022-06-04T01:34:41.000Z,3003,Pune,42688,Jolly Ground,,,,,,285804,Silverland SuperGiants,72/5,1027678,Teatteamgowin2,47/6,Toss: Silverland SuperGiants opt to bat,25 runs,Silverland SuperGiants,Resulted,0,0,2026-09-01T20:30:29.296971+00:00
3815647,Limited Overs,TENNIS,past,2022-06-04T11:43:47.000Z,3003,Pune,265576,Navle,,,,,,2704238,Royal Cricketer,51/4,2704278,Royal Challengers,57/1,Toss: Royal Challengers opt to field,7 wickets,Royal Challengers,Resulted,0,0,2026-09-01T20:30:29.296971+00:00
3824120,Limited Overs,TENNIS,past,2022-06-05T04:27:00.000Z,3003,Pune,222750,Vdr 4,409959,T20 Maitri Chashak-1 May 2022,,715684,League Matches,285804,Silverland SuperGiants,120/10,438876,Ruston Royals (cricWIZARDS),126/6,Toss: Ruston Royals (cricWIZARDS) opt to field,4 wickets,Ruston Royals (cricWIZARDS),Resulted,0,0,2026-09-01T20:30:29.296971+00:00
3857600,Limited Overs,TENNIS,past,2022-06-11T05:57:59.000Z,3003,Pune,5062,Vision Cricket Academy Ground,410451,Friendship Cup 2022,,756778,League Matches,2681274,Khadki Royals,83/10,1658243,Rallyshire,77/9,Toss: Rallyshire opt to field,6 runs,Khadki Royals,Resulted,0,0,2026-09-01T20:30:29.296971+00:00
3857650,Limited Overs,TENNIS,past,2022-06-11T10:49:28.000Z,3003,Pune,5062,Vision Cricket Academy Ground,410451,Friendship Cup 2022,,756778,League Matches,2681274,Khadki Royals,94/5,315350,Master blaster (KCL),85/8,Toss: Khadki Royals opt to bat,9 runs,Khadki Royals,Resulted,0,0,2026-09-01T20:30:29.296971+00:00
3862528,Limited Overs,TENNIS,past,2022-06-11T01:22:00.000Z,3003,Pune,42688,Jolly Ground,,,,,,2537539,Pinch Hitters,88/7,285804,Silverland SuperGiants,92/1,Toss: Pinch Hitters opt to bat,9 wickets,Silverland SuperGiants,Resulted,0,0,2026-09-01T20:30:29.296971+00:00
3863754,Limited Overs,TENNIS,past,2022-06-11T02:57:00.000Z,3003,Pune,42688,Jolly Ground,,,,,,285804,Silverland SuperGiants,102/10,2537539,Pinch Hitters,103/6,Toss: Silverland SuperGiants opt to bat,4 wickets,Pinch Hitters,Resulted,0,0,2026-09-01T20:30:29.296971+00:00
3869024,Limited Overs,TENNIS,past,2022-06-12T05:03:20.000Z,3003,Pune,5062,Vision Cricket Academy Ground,410451,Friendship Cup 2022,,756778,League Matches,2681274,Khadki Royals,97/5,1825028,PSRDA PANTHERS,88/5,Toss: Khadki Royals opt to bat,9 runs,Khadki Royals,Resulted,0,0,2026-09-01T20:30:29.296971+00:00
3869050,Limited Overs,TENNIS,past,2022-06-12T07:29:31.000Z,3003,Pune,5062,Vision Cricket Academy Ground,410451,Friendship Cup 2022,,756778,League Matches,2681274,Khadki Royals,81/7,603833,Sinhagad Mavla,82/6,Toss: Khadki Royals opt to bat,4 wickets,Sinhagad Mavla,Resulted,0,0,2026-09-01T20:30:29.296971+00:00
3876279,Limited Overs,TENNIS,past,2022-06-12T04:35:00.000Z,3003,Pune,222750,Vdr 4,409959,T20 Maitri Chashak-1 May 2022,,715684,League Matches,2210454,Smashers XI,156/10,285804,Silverland SuperGiants,158/3,Toss: Smashers XI opt to bat,7 wickets,Silverland SuperGiants,Resulted,0,0,2026-09-01T20:30:29.296971+00:00
3880872,Limited Overs,TENNIS,past,2022-06-12T10:30:00.000Z,3003,Pune,5062,Vision Cricket Academy Ground,410451,Friendship Cup 2022,,756779,Final,1825028,PSRDA PANTHERS,85/4,2681274,Khadki Royals,86/1,Toss: PSRDA PANTHERS opt to bat,9 wickets,Khadki Royals,Resulted,0,0,2026-09-01T20:30:29.296971+00:00
3918743,Limited Overs,TENNIS,past,2022-06-19T01:45:49.000Z,3003,Pune,42688,Jolly Ground,409959,T20 Maitri Chashak-1 May 2022,,784157,Quarter Final,285804,Silverland SuperGiants,131/7,882803,Rejoin Cricket Club,126/10,Toss: Rejoin Cricket Club opt to field,5 runs,Silverland SuperGiants,Resulted,0,0,2026-09-01T20:30:29.296971+00:00
3953852,Limited Overs,TENNIS,past,2022-06-25T01:45:42.000Z,3003,Pune,42688,Jolly Ground,,,,,,2484115,Rising 11,81/6,285804,Silverland SuperGiants,82/3,Toss: Rising 11 opt to bat,7 wickets,Silverland SuperGiants,Resulted,0,0,2026-09-01T20:30:29.296971+00:00
3969145,Limited Overs,TENNIS,past,2022-06-26T08:50:10.000Z,3003,Pune,222750,Vdr 4,409959,T20 Maitri Chashak-1 May 2022,,791373,Final,285804,Silverland SuperGiants,159/9,882803,Rejoin Cricket Club,160/7,Toss: Rejoin Cricket Club opt to field,3 wickets,Rejoin Cricket Club,Resulted,0,0,2026-09-01T20:30:29.296971+00:00
3994455,Limited Overs,TENNIS,past,2022-07-02T02:12:00.000Z,3003,Pune,114875,Kolte Patil Ground,447484,Punewale Tournament,,789487,League Matches,2659517,Miro Warriors,96/7,285804,Silverland SuperGiants,65/8,Toss: Miro Warriors opt to bat,31 runs,Miro Warriors,Resulted,0,0,2026-09-01T20:30:29.296971+00:00
3995118,Limited Overs,TENNIS,past,2022-07-02T03:55:28.000Z,3003,Pune,114875,Kolte Patil Ground,,,,,,2659517,Miro Warriors,121/2,285804,Silverland SuperGiants,109/5,Toss: Miro Warriors opt to bat,12 runs,Miro Warriors,Resulted,0,0,2026-09-01T20:30:29.296971+00:00
4119613,Limited Overs,TENNIS,past,2022-07-30T02:01:56.000Z,3003,Pune,114875,Kolte Patil Ground,447484,Punewale Tournament,,789487,League Matches,2659517,Miro Warriors,78/7,285804,Silverland SuperGiants,79/7,Toss: Miro Warriors opt to bat,3 wickets,Silverland SuperGiants,Resulted,0,0,2026-09-01T20:30:29.296971+00:00
4125790,Limited Overs,TENNIS,past,2022-07-31T02:03:26.000Z,3003,Pune,114875,Kolte Patil Ground,447484,Punewale Tournament,,789487,League Matches,2739253,GK Rose Aster,97/5,285804,Silverland SuperGiants,86/4,Toss: GK Rose Aster opt to bat,11 runs,GK Rose Aster,Resulted,0,0,2026-09-01T20:30:29.296971+00:00
4127444,Limited Overs,TENNIS,past,2022-07-31T03:53:28.000Z,3003,Pune,114875,Kolte Patil Ground,447484,Punewale Tournament,,789487,League Matches,285804,Silverland SuperGiants,125/1,2739253,GK Rose Aster,80/8,Toss: Silverland SuperGiants opt to bat,45 runs,Silverland SuperGiants,Resulted,0,0,2026-09-01T20:30:29.296971+00:00
4205867,Limited Overs,TENNIS,past,2022-08-15T06:02:52.000Z,3003,Pune,188404,GK Silverland Residency PHASE 1,464816,Silverland Independence Day Series Phase 1,,823817,League Matches,2934808,Azad Parindey,93/1,2934845,Azad Darindey,75/5,Toss: Azad Darindey opt to field,18 runs,Azad Parindey,Resulted,0,0,2026-09-01T20:30:29.296971+00:00
4205869,Limited Overs,TENNIS,past,2022-08-15T07:59:07.000Z,3003,Pune,188404,GK Silverland Residency PHASE 1,464816,Silverland Independence Day Series Phase 1,,823817,League Matches,2934836,Tiranga,68/3,2934845,Azad Darindey,70/3,Toss: Azad Darindey opt to field,3 wickets,Azad Darindey,Resulted,0,0,2026-09-01T20:30:29.296971+00:00
4205873,Limited Overs,TENNIS,past,2022-08-15T08:44:54.000Z,3003,Pune,188404,GK Silverland Residency PHASE 1,464816,Silverland Independence Day Series Phase 1,,823817,League Matches,2934795,Azad Hind Sena,87/0,2934845,Azad Darindey,59/6,Toss: Azad Hind Sena opt to bat,28 runs,Azad Hind Sena,Resulted,0,0,2026-09-01T20:30:29.296971+00:00
4226239,Limited Overs,TENNIS,past,2022-08-20T04:31:45.000Z,3003,Pune,259511,suyash club Bavdhan,467143,EPAM Box Cricket League 2022,,829048,League Matches,2952287,EPAM Avengers,57/2,2952022,Silent Killers,41/7,Toss: Silent Killers opt to field,16 runs,EPAM Avengers,Resulted,0,0,2026-09-01T20:30:29.296971+00:00
4226259,Limited Overs,TENNIS,past,2022-08-20T07:41:53.000Z,3003,Pune,259511,suyash club Bavdhan,467143,EPAM Box Cricket League 2022,,829048,League Matches,2952287,EPAM Avengers,43/5,2951520,EPAM Daredevils,37/4,Toss: EPAM Daredevils opt to field,6 runs,EPAM Avengers,Resulted,0,0,2026-09-01T20:30:29.296971+00:00
4226271,Limited Overs,TENNIS,past,2022-08-20T06:01:45.000Z,3003,Pune,259511,suyash club Bavdhan,467143,EPAM Box Cricket League 2022,,829048,League Matches,2952438,EPAM Thunderbolts,20/7,2951520,EPAM Daredevils,22/0,Toss: EPAM Thunderbolts opt to bat,7 wickets,EPAM Daredevils,Resulted,0,0,2026-09-01T20:30:29.296971+00:00
4226274,Limited Overs,TENNIS,past,2022-08-20T09:43:29.000Z,3003,Pune,259511,suyash club Bavdhan,467143,EPAM Box Cricket League 2022,,829048,League Matches,2952438,EPAM Thunderbolts,21/5,2952287,EPAM Avengers,25/1,Toss: EPAM Thunderbolts opt to bat,6 wickets,EPAM Avengers,Resulted,0,0,2026-09-01T20:30:29.296971+00:00
4226330,Limited Overs,TENNIS,past,2022-08-20T03:49:42.000Z,3003,Pune,259511,suyash club Bavdhan,467143,EPAM Box Cricket League 2022,,829048,League Matches,2952575,Puneri Paltan,35/6,2951536,EPAM INDIANS,42/2,Toss: Puneri Paltan opt to bat,5 wickets,EPAM INDIANS,Resulted,0,0,2026-09-01T20:30:29.296971+00:00
4226333,Limited Overs,TENNIS,past,2022-08-20T05:17:25.000Z,3003,Pune,259511,suyash club Bavdhan,467143,EPAM Box Cricket League 2022,,829048,League Matches,2951571,EPAM Riders,53/2,2951536,EPAM INDIANS,58/2,Toss: EPAM INDIANS opt to field,5 wickets,EPAM INDIANS,Resulted,0,0,2026-09-01T20:30:29.296971+00:00
4226335,Limited Overs,TENNIS,past,2022-08-20T06:23:51.000Z,3003,Pune,259511,suyash club Bavdhan,467143,EPAM Box Cricket League 2022,,829048,League Matches,2952522,EPAM Rangers,27/7,2951536,EPAM INDIANS,28/3,Toss: EPAM INDIANS opt to field,4 wickets,EPAM INDIANS,Resulted,0,0,2026-09-01T20:30:29.296971+00:00
4226341,Limited Overs,TENNIS,past,2022-08-20T08:24:23.000Z,3003,Pune,259511,suyash club Bavdhan,467143,EPAM Box Cricket League 2022,,829048,League Matches,2951571,EPAM Riders,48/4,2952575,Puneri Paltan,28/5,Toss: EPAM Riders opt to bat,20 runs,EPAM Riders,Resulted,0,0,2026-09-01T20:30:29.296971+00:00
4226344,Limited Overs,TENNIS,past,2022-08-20T09:09:43.000Z,3003,Pune,259511,suyash club Bavdhan,467143,EPAM Box Cricket League 2022,,829048,League Matches,2952575,Puneri Paltan,44/5,2952522,EPAM Rangers,32/4,Toss: EPAM Rangers opt to field,12 runs,Puneri Paltan,Resulted,0,0,2026-09-01T20:30:29.296971+00:00
4226350,Limited Overs,TENNIS,past,2022-08-20T10:07:02.000Z,3003,Pune,259511,suyash club Bavdhan,467143,EPAM Box Cricket League 2022,,829048,League Matches,2951571,EPAM Riders,43/6,2952522,EPAM Rangers,31/6,Toss: EPAM Riders opt to bat,12 runs,EPAM Riders,Resulted,0,0,2026-09-01T20:30:29.296971+00:00
4233454,Limited Overs,TENNIS,past,2022-08-20T10:54:27.000Z,3003,Pune,259511,suyash club Bavdhan,467143,EPAM Box Cricket League 2022,,830022,Semi Final,2952022,Silent Killers,34/6,2951536,EPAM INDIANS,35/3,Toss: Silent Killers opt to bat,4 wickets,EPAM INDIANS,Resulted,0,0,2026-09-01T20:30:29.296971+00:00
4233456,Limited Overs,TENNIS,past,2022-08-20T11:29:55.000Z,3003,Pune,259511,suyash club Bavdhan,467143,EPAM Box Cricket League 2022,,830022,Semi Final,2951571,EPAM Riders,25/4,2952287,EPAM Avengers,9/7,Toss: EPAM Avengers opt to field,16 runs,EPAM Riders,Resulted,0,0,2026-09-01T20:30:29.296971+00:00
4233871,Limited Overs,TENNIS,past,2022-08-20T12:12:00.000Z,3003,Pune,259511,suyash club Bavdhan,467143,EPAM Box Cricket League 2022,,830063,Final,2951571,EPAM Riders,45/6,2951536,EPAM INDIANS,22/7,Toss: EPAM INDIANS opt to field,23 runs,EPAM Riders,Resulted,0,0,2026-09-01T20:30:29.296971+00:00
4311085,Limited Overs,TENNIS,past,2022-09-04T02:20:00.000Z,2796,Dehu Road,94172,jolly,473529,Maitri Chashak 2,,841251,League Matches,285804,Silverland SuperGiants,72/8,882803,Rejoin Cricket Club,73/2,Toss: Rejoin Cricket Club opt to field,8 wickets,Rejoin Cricket Club,Resulted,0,0,2026-09-01T20:30:29.296971+00:00
4314533,Limited Overs,TENNIS,past,2022-09-04T05:23:17.000Z,2796,Dehu Road,94172,jolly,473529,Maitri Chashak 2,,841251,League Matches,2996706,Axisa Winners,41/6,285804,Silverland SuperGiants,44/1,Toss: Axisa Winners opt to bat,9 wickets,Silverland SuperGiants,Resulted,0,0,2026-09-01T20:30:29.296971+00:00
4347730,Limited Overs,TENNIS,past,2022-09-11T02:18:42.000Z,3003,Pune,347005,Gawli,,,,,,337132,Siyona Champions Punawale (cricWIZARDD),67/2,285804,Silverland SuperGiants,68/3,Toss: Siyona Champions Punawale (cricWIZARDD) opt to bat,7 wickets,Silverland SuperGiants,Resulted,0,0,2026-09-01T20:30:29.296971+00:00
4349626,Limited Overs,TENNIS,past,2022-09-11T03:44:52.000Z,3003,Pune,382156,Gauli,,,,,,285804,Silverland SuperGiants,90/5,337132,Siyona Champions Punawale (cricWIZARDD),70/10,Toss: Silverland SuperGiants opt to bat,20 runs,Silverland SuperGiants,Resulted,0,0,2026-09-01T20:30:29.296971+00:00
4459518,Limited Overs,TENNIS,past,2022-10-02T02:44:18.000Z,3003,Pune,188404,GK Silverland Residency PHASE 1,481937,Navratri Series,,863656,League Matches,3069454,Kashi K Vanvashi,98/4,3069461,Dandiya Warriors,55/6,Toss: Dandiya Warriors opt to field,43 runs,Kashi K Vanvashi,Resulted,0,0,2026-09-01T20:30:29.296971+00:00
4459526,Limited Overs,TENNIS,past,2022-10-02T04:14:34.000Z,3003,Pune,188404,GK Silverland Residency PHASE 1,481937,Navratri Series,,863656,League Matches,3069461,Dandiya Warriors,69/3 & 69/3,3069438,Khadgaketaka stars,71/1 & 71/1,Toss: Khadgaketaka stars opt to field,5 wickets,Khadgaketaka stars,Resulted,0,0,2026-09-01T20:30:29.296971+00:00
4459534,Limited Overs,TENNIS,past,2022-10-02T06:11:39.000Z,3003,Pune,188404,GK Silverland Residency PHASE 1,481937,Navratri Series,,863656,League Matches,3069461,Dandiya Warriors,63/6,3069429,Jagrata Champions,45/6,Toss: Jagrata Champions opt to field,18 runs,Dandiya Warriors,Resulted,0,0,2026-09-01T20:30:29.296971+00:00
4498108,Limited Overs,TENNIS,past,2022-10-05T02:06:22.000Z,3003,Pune,42688,Jolly Ground,,,,,,2153550,GK ROSE ASTER,74/7,285804,Silverland SuperGiants,75/7,Toss: GK ROSE ASTER opt to bat,3 wickets,Silverland SuperGiants,Resulted,0,0,2026-09-01T20:30:29.296971+00:00
4724926,Limited Overs,TENNIS,past,2022-11-06T01:42:44.000Z,3003,Pune,19790,DNC,500761,CORPORATE PREMIER LEAGUE,,893031,League Matches,3191453,Pitch Smashers,110/6,3191433,Ferocious,79/9,Toss: Pitch Smashers opt to bat,31 runs,Pitch Smashers,Resulted,0,0,2026-09-01T20:30:29.296971+00:00
4726583,Limited Overs,TENNIS,past,2022-11-05T15:17:37.000Z,2730,Ambajogai,11300,Yogeshwari College Ground,,,,,,3241788,India Legends,27/2,3242160,Bharat Legends,31/1,Toss: India Legends opt to bat,9 wickets,Bharat Legends,Resulted,0,0,2026-09-01T20:30:29.296971+00:00
4728582,Limited Overs,TENNIS,past,2022-11-06T01:12:29.000Z,2730,Ambajogai,11300,Yogeshwari College Ground,,,,,,3242160,Bharat Legends,63/9,3241788,India Legends,54/7,Toss: Bharat Legends opt to bat,9 runs,Bharat Legends,Resulted,0,0,2026-09-01T20:30:29.296971+00:00
4730299,Limited Overs,TENNIS,past,2022-11-06T02:29:06.000Z,2730,Ambajogai,11300,Yogeshwari College Ground,,,,,,3241788,India Legends,42/6,3242160,Bharat Legends,44/1,Toss: India Legends opt to bat,9 wickets,Bharat Legends,Resulted,0,0,2026-09-01T20:30:29.296971+00:00
4742313,Limited Overs,TENNIS,past,2022-11-07T01:09:45.000Z,2730,Ambajogai,11300,Yogeshwari College Ground,,,,,,3241788,India Legends,59/6,3242160,Bharat Legends,60/7,Toss: India Legends opt to bat,3 wickets,Bharat Legends,Resulted,0,0,2026-09-01T20:30:29.296971+00:00
4747535,Limited Overs,TENNIS,past,2022-11-08T01:14:53.000Z,2730,Ambajogai,11300,Yogeshwari College Ground,,,,,,3242160,Bharat Legends,63/10,3241788,India Legends,64/6,Toss: Bharat Legends opt to bat,4 wickets,India Legends,Resulted,0,0,2026-09-01T20:30:29.296971+00:00
4754481,Limited Overs,TENNIS,past,2022-11-09T01:18:25.000Z,986,New Delhi,214518,Yog Aastha Cricket Academy,,,,,,3242160,Bharat Legends,79/7,3241788,India Legends,68/6,Toss: Bharat Legends opt to bat,11 runs,Bharat Legends,Resulted,0,0,2026-09-01T20:30:29.296971+00:00
4759530,Limited Overs,TENNIS,past,2022-11-10T01:24:22.000Z,2730,Ambajogai,11300,Yogeshwari College Ground,,,,,,3241788,India Legends,61/9,3242160,Bharat Legends,63/6,Toss: India Legends opt to bat,4 wickets,Bharat Legends,Resulted,0,0,2026-09-01T20:30:29.296971+00:00
4764297,Limited Overs,TENNIS,past,2022-11-13T05:37:30.000Z,3003,Pune,8060,Desire Sports Corporation Grounds,474837,Champions cricket League Season 5,,900185,League Matches,3204050,SUMANIC SECURITY,68/8,3161138,Dominators,56/10,Toss: SUMANIC SECURITY opt to bat,12 runs,SUMANIC SECURITY,Resulted,0,0,2026-09-01T20:30:29.296971+00:00
4772316,Limited Overs,TENNIS,past,2022-11-12T01:18:00.000Z,2730,Ambajogai,11300,Yogeshwari College Ground,,,,,,3241788,India Legends,66/8,3242160,Bharat Legends,70/5,Toss: India Legends opt to bat,5 wickets,Bharat Legends,Resulted,0,0,2026-09-01T20:30:29.296971+00:00
4772808,Limited Overs,TENNIS,past,2022-11-12T02:05:00.000Z,3003,Pune,22428,Dhobi Graund dehuroad,491873,Rising 11 Friendship Cup,,913534,League Matches,285804,Silverland SuperGiants,81/5,2484115,Rising 11,50/10,Toss: Rising 11 opt to field,31 runs,Silverland SuperGiants,Resulted,0,0,2026-09-01T20:30:29.296971+00:00
4776760,Limited Overs,TENNIS,past,2022-11-12T07:37:23.000Z,3003,Pune,22428,Dhobi Graund dehuroad,491873,Rising 11 Friendship Cup,,913534,League Matches,2917765,Suraj Bhau Shivale Sports Foundation,94/2,285804,Silverland SuperGiants,81/5,Toss: Silverland SuperGiants opt to field,13 runs,Suraj Bhau Shivale Sports Foundation,Resulted,0,0,2026-09-01T20:30:29.296971+00:00
4777646,Limited Overs,TENNIS,past,2022-11-12T09:05:45.000Z,3003,Pune,22428,Dhobi Graund dehuroad,491873,Rising 11 Friendship Cup,,913534,League Matches,3126571,DCC Warriors,88/5,285804,Silverland SuperGiants,89/3,Toss: Silverland SuperGiants opt to field,7 wickets,Silverland SuperGiants,Resulted,0,0,2026-09-01T20:30:29.296971+00:00
4778470,Limited Overs,TENNIS,past,2022-11-12T10:38:00.000Z,3003,Pune,22428,Dhobi Graund dehuroad,491873,Rising 11 Friendship Cup,,913534,League Matches,2917765,Suraj Bhau Shivale Sports Foundation,109/3,285804,Silverland SuperGiants,20/10,Toss: Suraj Bhau Shivale Sports Foundation opt to bat,89 runs,Suraj Bhau Shivale Sports Foundation,Resulted,0,0,2026-09-01T20:30:29.296971+00:00
4782562,Limited Overs,TENNIS,past,2022-11-13T01:16:52.000Z,2730,Ambajogai,11300,Yogeshwari College Ground,,,,,,3242160,Bharat Legends,84/9,3241788,India Legends,73/5,Toss: Bharat Legends opt to bat,11 runs,Bharat Legends,Resulted,0,0,2026-09-01T20:30:29.296971+00:00
4801991,Limited Overs,TENNIS,past,2022-11-15T01:28:50.000Z,2730,Ambajogai,11300,Yogeshwari College Ground,,,,,,3242160,Bharat Legends,98/6,3241788,India Legends,77/5,Toss: Bharat Legends opt to bat,21 runs,Bharat Legends,Resulted,0,0,2026-09-01T20:30:29.296971+00:00
4807772,Limited Overs,TENNIS,past,2022-11-16T01:22:08.000Z,2730,Ambajogai,11300,Yogeshwari College Ground,,,,,,3242160,Bharat Legends,85/5,3241788,India Legends,64/7,Toss: Bharat Legends opt to bat,21 runs,Bharat Legends,Resulted,0,0,2026-09-01T20:30:29.296971+00:00
4820310,Limited Overs,TENNIS,past,2022-11-18T01:33:02.000Z,2730,Ambajogai,11300,Yogeshwari College Ground,,,,,,3242160,Bharat Legends,63/5,3241788,India Legends,49/8,Toss: Bharat Legends opt to bat,14 runs,Bharat Legends,Resulted,0,0,2026-09-01T20:30:29.296971+00:00
4821548,Limited Overs,TENNIS,past,2022-12-04T06:14:16.000Z,3003,Pune,277682,Akshar Elemnta,508837,Elementa Premiere League 3.0,,909249,League Matches,3253257,Bengaluru Challengers,78/6,3253134,Raipur Rangers,80/3,Toss: Raipur Rangers opt to field,3 wickets,Raipur Rangers,Resulted,0,0,2026-09-01T20:30:29.296971+00:00
4821556,Limited Overs,TENNIS,past,2022-12-10T11:46:30.000Z,3003,Pune,277682,Akshar Elemnta,508837,Elementa Premiere League 3.0,,909249,League Matches,3253209,Mumbai Mavericks,99/4,3253257,Bengaluru Challengers,65/5,Toss: Mumbai Mavericks opt to bat,34 runs,Mumbai Mavericks,Resulted,0,0,2026-09-01T20:30:29.296971+00:00
4821564,Limited Overs,TENNIS,past,2022-11-20T15:45:14.000Z,3003,Pune,277682,Akshar Elemnta,508837,Elementa Premiere League 3.0,,909249,League Matches,3253427,Jaipur Panthers,63/5,3253257,Bengaluru Challengers,50/3,Toss: Bengaluru Challengers opt to field,13 runs,Jaipur Panthers,Resulted,0,0,2026-09-01T20:30:29.296971+00:00
4828448,Limited Overs,TENNIS,past,2022-11-19T01:35:50.000Z,2730,Ambajogai,11300,Yogeshwari College Ground,,,,,,3241788,India Legends,77/5,3242160,Bharat Legends,78/2,Toss: India Legends opt to bat,8 wickets,Bharat Legends,Resulted,0,0,2026-09-01T20:30:29.296971+00:00
4840469,Limited Overs,TENNIS,past,2022-11-20T01:42:00.000Z,2730,Ambajogai,11300,Yogeshwari College Ground,,,,,,3242160,Bharat Legends,71/6,3241788,India Legends,58/8,Toss: Bharat Legends opt to bat,13 runs,Bharat Legends,Resulted,0,0,2026-09-01T20:30:29.296971+00:00
4847819,Limited Overs,TENNIS,past,2022-11-20T06:42:12.000Z,3003,Pune,12485,Mulshi Cricket Ground,509392,NeoSOFT Champions league 2022,,925108,Quarter Final,3257543,NeoSOFT PHP Pune,72/5,1756202,NeoSoft fake XI,55/5,Toss: NeoSOFT PHP Pune opt to bat,17 runs,NeoSOFT PHP Pune,Resulted,0,0,2026-09-01T20:30:29.296971+00:00
4865151,Limited Overs,TENNIS,past,2022-11-27T01:43:00.000Z,3003,Pune,277103,Barne Cricket Ground Done Maval,,,,,,3157367,R1 TITANS,150/9,2135992,AREZO KINGS,118/10,Toss: R1 TITANS opt to bat,32 runs (Arezo all out),R1 TITANS,Resulted,0,0,2026-09-01T20:30:29.296971+00:00
4869695,Limited Overs,TENNIS,past,2022-11-23T04:00:40.000Z,2730,Ambajogai,11300,Yogeshwari College Ground,,,,,,3242160,India Warriors,Yet to bat & 10/0,3241788,India Legends,Yet to bat & 10/0,Toss: India Warriors opt to bat,Tie,,Tie,0,1,2026-09-01T20:30:29.296971+00:00
4875189,Limited Overs,TENNIS,past,2022-11-24T01:32:52.000Z,2730,Ambajogai,11300,Yogeshwari College Ground,,,,,,3242160,India Warriors,38/10,3241788,India Legends,40/5,Toss: India Warriors opt to bat,5 wickets,India Legends,Resulted,0,0,2026-09-01T20:30:29.296971+00:00
4877697,Limited Overs,TENNIS,past,2022-12-04T04:47:30.000Z,3003,Pune,12485,Mulshi Cricket Ground,510802,EPAM premiere league season 4 Pune,,919363,League Matches,3293106,EPAM Hitters,104/10,3293103,EPAM Indians,107/3,Toss: EPAM Indians opt to field,7 wickets,EPAM Indians,Resulted,0,0,2026-09-01T20:30:29.296971+00:00
4877698,Limited Overs,TENNIS,past,2022-12-04T08:10:27.000Z,3003,Pune,12485,Mulshi Cricket Ground,510802,EPAM premiere league season 4 Pune,,919363,League Matches,3293109,EPAM Royals,117/9,3293107,Elite Epamers,115/5,Toss: Elite Epamers opt to field,2 runs,EPAM Royals,Resulted,0,0,2026-09-01T20:30:29.296971+00:00
4881468,Limited Overs,TENNIS,past,2022-11-25T01:38:26.000Z,2730,Ambajogai,11300,Yogeshwari College Ground,,,,,,3241788,India Legends,87/6,3242160,India Warriors,77/9,Toss: India Legends opt to bat,10 runs,India Legends,Resulted,0,0,2026-09-01T20:30:29.296971+00:00
4882168,Limited Overs,TENNIS,past,2022-11-26T01:31:34.000Z,2730,Ambajogai,11300,Yogeshwari College Ground,,,,,,3241788,India Legends,95/6,3242160,India Warriors,65/7,Toss: India Legends opt to bat,30 runs,India Legends,Resulted,0,0,2026-09-01T20:30:29.296971+00:00
4887128,Limited Overs,TENNIS,past,2022-11-26T03:35:39.000Z,3003,Pune,8060,Desire Sports Corporation Grounds,474837,Champions cricket League Season 5,,900185,League Matches,3636749,CricMasters,68/6,3161138,Dominators,72/3,Toss: CricMasters opt to bat,7 wickets,Dominators,Resulted,0,0,2026-09-01T20:30:29.296971+00:00
4888828,Limited Overs,TENNIS,past,2022-11-27T12:13:04.000Z,2000,Nipani,194934,Shrinagar,520917,Shrinagar Premier League Season 5,,932558,League Matches,3345347,DC Hawks,68/5,3345340,Pratik Panthers,69/2,Toss: DC Hawks opt to bat,8 wickets,Pratik Panthers,Resulted,0,0,2026-09-01T20:30:29.296971+00:00
4888847,Limited Overs,TENNIS,past,2022-11-27T12:51:03.000Z,2000,Nipani,194934,Shrinagar,520917,Shrinagar Premier League Season 5,,932558,League Matches,3345347,DC Hawks,91/4,3345343,Hotel Suraj,55/9,Toss: Hotel Suraj opt to field,36 runs (All down),DC Hawks,Resulted,0,0,2026-09-01T20:30:29.296971+00:00
4888855,Limited Overs,TENNIS,past,2022-12-04T03:45:51.000Z,2000,Nipani,194934,Shrinagar,520917,Shrinagar Premier League Season 5,,932558,League Matches,3345347,DC Hawks,84/3,3345342,Kole Strikers,77/3,Toss: Kole Strikers opt to field,7 runs,DC Hawks,Resulted,0,0,2026-09-01T20:30:29.296971+00:00
4895910,Limited Overs,TENNIS,past,2022-11-26T09:41:27.000Z,2946,Mulshi,410024,Club Chrysalis,,,,,,2135992,AREZO KINGS,160/8,3309872,Star 11,162/4,Toss: AREZO KINGS opt to bat,6 wickets,Star 11,Resulted,0,0,2026-09-01T20:30:29.296971+00:00
4902970,Limited Overs,TENNIS,past,2022-11-27T10:00:00.000Z,3003,Pune,8060,Desire Sports Corporation Grounds,474837,Champions cricket League Season 5,,900185,League Matches,3124102,Abhinav Ccl 5,122/6,3161138,Dominators,95/5,Toss: Abhinav Ccl 5 opt to bat,27 runs,Abhinav Ccl 5,Resulted,0,0,2026-09-01T20:30:29.296971+00:00
4905092,Limited Overs,TENNIS,past,2022-11-27T03:41:42.000Z,19989,Gurugram ( Gurgaon ),262242,Ninex,,,,,,1624203,We Scorpions,24/7,1623937,Dangerous Rock,27/1,Toss: Dangerous Rock opt to field,6 wickets,Dangerous Rock,Resulted,0,0,2026-09-01T20:30:29.296971+00:00
4910383,Limited Overs,TENNIS,past,2022-11-27T07:28:35.000Z,3000,Pimpri,401507,kaveri nagar police line,495175,WAKAD PREMIER LEAGUE (WPL) - Season 6,,909022,Super Knockout,3226733,Sahyadri VD II,101/3,3226870,NA Warriors,60/5,Toss: NA Warriors opt to field,41 runs,Sahyadri VD II,Resulted,0,0,2026-09-01T20:30:29.296971+00:00
4918087,Limited Overs,TENNIS,past,2022-11-28T01:41:02.000Z,2730,Ambajogai,11300,Yogeshwari College Ground,,,,,,3242160,India Warriors,71/8,3241788,India Legends,72/3,Toss: India Warriors opt to bat,7 wickets,India Legends,Resulted,0,0,2026-09-01T20:30:29.296971+00:00
4930505,Limited Overs,TENNIS,past,2022-11-30T01:41:09.000Z,2730,Ambajogai,11300,Yogeshwari College Ground,,,,,,3241788,India Legends,128/2,3242160,India Warriors,90/5,Toss: India Legends opt to bat,38 runs,India Legends,Resulted,0,0,2026-09-01T20:30:29.296971+00:00
4946878,Limited Overs,TENNIS,past,2022-12-03T01:43:41.000Z,3003,Pune,19790,DNC,500761,CORPORATE PREMIER LEAGUE,,893031,League Matches,3191431,Aria Strikers,114/5,3374184,Impact XI,82/10,Toss: Aria Strikers opt to bat,32 runs,Aria Strikers,Resulted,0,0,2026-09-01T20:30:29.296971+00:00
4958024,Limited Overs,TENNIS,past,2022-12-03T09:37:00.000Z,3003,Pune,114039,Club Chrysallis,,,,,,2135992,AREZO KINGS,119/10,3069797,RA Challengers,120/7,Toss: AREZO KINGS opt to bat,3 wickets,RA Challengers,Resulted,0,0,2026-09-01T20:30:29.296971+00:00
4962843,Limited Overs,TENNIS,past,2022-12-04T07:37:12.000Z,2000,Nipani,194934,Shrinagar,520917,Shrinagar Premier League Season 5,,932558,League Matches,3345352,Xtream No 1,78/4,3345347,DC Hawks,63/7,Toss: DC Hawks opt to field,15 runs,Xtream No 1,Resulted,0,0,2026-09-01T20:30:29.296971+00:00
4962856,Limited Overs,TENNIS,past,2022-12-06T12:39:29.000Z,2000,Nipani,194934,Shrinagar,520917,Shrinagar Premier League Season 5,,932558,League Matches,3345349,Space Wood Furniture,66/7,3345347,DC Hawks,67/0,Toss: Space Wood Furniture opt to bat,10 wickets,DC Hawks,Resulted,0,0,2026-09-01T20:30:29.296971+00:00
4982960,Limited Overs,TENNIS,past,2022-12-17T04:50:41.000Z,3003,Pune,204115,The Aims Residential Cricket Academy,510802,EPAM premiere league season 4 Pune,,919363,League Matches,3293112,CE Warriors,94/6,3293106,EPAM Hitters,97/3,Toss: EPAM Hitters opt to field,7 wickets,EPAM Hitters,Resulted,0,0,2026-09-01T20:30:29.296971+00:00
4982970,Limited Overs,TENNIS,past,2022-12-17T07:45:00.000Z,3003,Pune,204115,The Aims Residential Cricket Academy,510802,EPAM premiere league season 4 Pune,,919363,League Matches,3293107,Elite Epamers,103/8,3293103,EPAM Indians,106/4,Toss: EPAM Indians opt to field,6 wickets,EPAM Indians,Resulted,0,0,2026-09-01T20:30:29.296971+00:00
4982982,Limited Overs,TENNIS,past,2022-12-24T04:51:44.000Z,3003,Pune,12485,Mulshi Cricket Ground,510802,EPAM premiere league season 4 Pune,,919363,League Matches,3293106,EPAM Hitters,86/10,3293109,EPAM Royals,89/2,Toss: EPAM Royals opt to field,8 wickets,EPAM Royals,Resulted,0,0,2026-09-01T20:30:29.296971+00:00
4982990,Limited Overs,TENNIS,past,2022-12-24T07:45:00.000Z,3003,Pune,12485,Mulshi Cricket Ground,510802,EPAM premiere league season 4 Pune,,919363,League Matches,3293112,CE Warriors,125/7,3293107,Elite Epamers,128/1,Toss: Elite Epamers opt to field,9 wickets,Elite Epamers,Resulted,0,0,2026-09-01T20:30:29.296971+00:00
4983011,Limited Overs,TENNIS,past,2022-12-25T04:43:33.000Z,3003,Pune,12485,Mulshi Cricket Ground,510802,EPAM premiere league season 4 Pune,,919363,League Matches,3293103,EPAM Indians,142/2,3293109,EPAM Royals,143/3,Toss: EPAM Royals opt to field,7 wickets,EPAM Royals,Resulted,0,0,2026-09-01T20:30:29.296971+00:00
4983018,Limited Overs,TENNIS,past,2022-12-25T07:45:00.000Z,3003,Pune,12485,Mulshi Cricket Ground,510802,EPAM premiere league season 4 Pune,,919363,League Matches,3293106,EPAM Hitters,147/4,3293107,Elite Epamers,148/4,Toss: EPAM Hitters opt to bat,3 wickets,Elite Epamers,Resulted,0,0,2026-09-01T20:30:29.296971+00:00
5006830,Limited Overs,TENNIS,past,2023-01-07T05:17:25.000Z,3003,Pune,204115,The Aims Residential Cricket Academy,510802,EPAM premiere league season 4 Pune,,919363,League Matches,3293112,CE Warriors,112/7,3293109,EPAM Royals,117/2,Toss: CE Warriors opt to bat,8 wickets,EPAM Royals,Resulted,0,0,2026-09-01T20:30:29.296971+00:00
5006838,Limited Overs,TENNIS,past,2023-01-08T05:03:26.000Z,3003,Pune,204115,The Aims Residential Cricket Academy,510802,EPAM premiere league season 4 Pune,,919363,League Matches,3293103,EPAM Indians,189/2,3293112,CE Warriors,149/4,Toss: CE Warriors opt to field,40 runs,EPAM Indians,Resulted,0,0,2026-09-01T20:30:29.296971+00:00
5024775,Limited Overs,TENNIS,past,2022-12-11T06:07:12.000Z,2000,Nipani,194934,Shrinagar,520917,Shrinagar Premier League Season 5,,932558,League Matches,3345340,Pratik Panthers,35/9,3345347,DC Hawks,36/3,Toss: DC Hawks opt to field,7 wickets,DC Hawks,Resulted,0,0,2026-09-01T20:30:29.296971+00:00
5024808,Limited Overs,TENNIS,past,2022-12-11T09:09:03.000Z,2000,Nipani,194934,Shrinagar,520917,Shrinagar Premier League Season 5,,932558,League Matches,3345343,Hotel Suraj,71/7,3345347,DC Hawks,73/2,Toss: DC Hawks opt to field,8 wickets,DC Hawks,Resulted,0,0,2026-09-01T20:30:29.296971+00:00
5027560,Limited Overs,TENNIS,past,2022-12-11T05:01:44.000Z,3003,Pune,263847,Infinity Turf,530563,SS FRIEND CIRCLE CHAMPIONSHIP,,954005,Super League,3418297,Hindavi Swarajya,52/1,3421237,Swarajya 1.0,23/2,Toss: Swarajya 1.0 opt to field,29 runs,Hindavi Swarajya,Resulted,0,0,2026-09-01T20:30:29.296971+00:00
5028605,Limited Overs,TENNIS,past,2022-12-11T04:00:21.000Z,3003,Pune,263847,Infinity Turf,530563,SS FRIEND CIRCLE CHAMPIONSHIP,,954005,Super League,3418297,Hindavi Swarajya,46/1,3417863,Crunch Fitness,38/4,Toss: Hindavi Swarajya opt to bat,8 runs,Hindavi Swarajya,Resulted,0,0,2026-09-01T20:30:29.296971+00:00
5031579,Limited Overs,TENNIS,past,2022-12-11T05:58:59.000Z,3003,Pune,263847,Infinity Turf,530563,SS FRIEND CIRCLE CHAMPIONSHIP,,954005,Super League,2895371,Ab Sports,56/1,3418297,Hindavi Swarajya,12/1,Toss: Hindavi Swarajya opt to field,44 runs,Ab Sports,Resulted,0,0,2026-09-01T20:30:29.296971+00:00
5031881,Limited Overs,TENNIS,past,2022-12-11T06:16:48.000Z,3003,Pune,263847,Infinity Turf,530563,SS FRIEND CIRCLE CHAMPIONSHIP,,954005,Super League,3418297,Hindavi Swarajya,51/2,3050389,Rising Youth,25/0,Toss: Rising Youth opt to field,26 runs,Hindavi Swarajya,Resulted,0,0,2026-09-01T20:30:29.296971+00:00
5038973,Limited Overs,TENNIS,past,2022-12-11T14:03:16.000Z,3003,Pune,263847,Infinity Turf,530563,SS FRIEND CIRCLE CHAMPIONSHIP,,953992,Super Knockout,3418297,Hindavi Swarajya,35/2,3424283,Mhatre sports Club,36/0,Toss: Hindavi Swarajya opt to bat,6 wickets,Mhatre sports Club,Resulted,0,0,2026-09-01T20:30:29.296971+00:00
5079224,Limited Overs,TENNIS,past,2022-12-17T02:09:00.000Z,2796,Dehu Road,416418,Gavali,524705,T20 Maitri Chashak Season 2,,944565,League Matches,3383051,Morya Fighters,141/10,285804,Silverland SuperGiants,139/10,Toss: Silverland SuperGiants opt to field,2 runs,Morya Fighters,Resulted,0,0,2026-09-01T20:30:29.296971+00:00
5095625,Limited Overs,TENNIS,past,2022-12-18T03:50:50.000Z,2000,Nipani,194934,Shrinagar,520917,Shrinagar Premier League Season 5,,932558,League Matches,3345347,DC Hawks,83/2,3345342,Kole Strikers,84/4,Toss: Kole Strikers opt to field,6 wickets,Kole Strikers,Resulted,0,0,2026-09-01T20:30:29.296971+00:00
5096330,Limited Overs,TENNIS,past,2022-12-18T07:05:50.000Z,2000,Nipani,194934,Shrinagar,520917,Shrinagar Premier League Season 5,,932558,League Matches,3345352,Xtream No 1,103/2,3345347,DC Hawks,62/8,Toss: Xtream No 1 opt to bat,41 runs,Xtream No 1,Resulted,0,0,2026-09-01T20:30:29.296971+00:00
5096524,Limited Overs,TENNIS,past,2022-12-18T10:26:06.000Z,2000,Nipani,194934,Shrinagar,520917,Shrinagar Premier League Season 5,,932558,League Matches,3345347,DC Hawks,98/6,3345349,Space Wood Furniture,89/2,Toss: Space Wood Furniture opt to field,9 runs,DC Hawks,Resulted,0,0,2026-09-01T20:30:29.296971+00:00
5100086,Limited Overs,TENNIS,past,2022-12-18T06:06:55.000Z,2796,Dehu Road,222750,Vdr 4,524705,T20 Maitri Chashak Season 2,,944565,League Matches,285804,Silverland SuperGiants,251/5,2703927,Siyona Champions,122/9,Toss: Silverland SuperGiants opt to bat,129 runs,Silverland SuperGiants,Resulted,0,0,2026-09-01T20:30:29.296971+00:00
5163824,Limited Overs,TENNIS,past,2022-12-25T04:29:26.000Z,3003,Pune,262327,Kokate Cricket Academy,539493,Friendship Cup - 25th Dec 2022,,969696,League Matches,3489171,Komti Warriors,61/6,2681274,Khadki Royals,62/0,Toss: Komti Warriors opt to bat,10 wickets,Khadki Royals,Resulted,0,0,2026-09-01T20:30:29.296971+00:00
5163857,Limited Overs,TENNIS,past,2022-12-25T06:36:54.000Z,3003,Pune,262327,Kokate Cricket Academy,539493,Friendship Cup - 25th Dec 2022,,969696,League Matches,2681274,Khadki Royals,83/8,2341773,MASTER BLASTER,67/4,Toss: MASTER BLASTER opt to field,16 runs,Khadki Royals,Resulted,0,0,2026-09-01T20:30:29.296971+00:00
5176068,Limited Overs,TENNIS,past,2022-12-25T07:35:00.000Z,2000,Nipani,194934,Shrinagar,520917,Shrinagar Premier League Season 5,,932562,Qualifier  2,3345347,DC Hawks,82/4,3345343,Hotel Suraj,83/1,Toss: DC Hawks opt to bat,9 wickets,Hotel Suraj,Resulted,0,0,2026-09-01T20:30:29.296971+00:00
5179970,Limited Overs,TENNIS,past,2022-12-25T08:54:35.000Z,3003,Pune,42688,Jolly Ground,524705,T20 Maitri Chashak Season 2,,944565,League Matches,285804,Silverland SuperGiants,222/6,3384803,Axisa Winners,132/10,Toss: Silverland SuperGiants opt to bat,90 runs,Silverland SuperGiants,Resulted,0,0,2026-09-01T20:30:29.296971+00:00
5180211,Limited Overs,TENNIS,past,2022-12-25T10:18:44.000Z,3003,Pune,262327,Kokate Cricket Academy,539493,Friendship Cup - 25th Dec 2022,,970314,Final,603833,Sinhagad Mavla,70/7,2681274,Khadki Royals,72/4,Toss: Khadki Royals opt to field,6 wickets,Khadki Royals,Resulted,0,0,2026-09-01T20:30:29.296971+00:00
5235440,Limited Overs,TENNIS,past,2022-12-31T02:10:59.000Z,3003,Pune,42688,Jolly Ground,524705,T20 Maitri Chashak Season 2,,944565,League Matches,3382845,RISINGXI,146/9,285804,Silverland SuperGiants,149/0,Toss: RISINGXI opt to bat,10 wickets,Silverland SuperGiants,Resulted,0,0,2026-09-01T20:30:29.296971+00:00
5253701,Limited Overs,TENNIS,past,2023-01-01T06:28:00.000Z,2796,Dehu Road,222750,Vdr 4,524705,T20 Maitri Chashak Season 2,,944565,League Matches,2210454,Smashers XI,113/10,285804,Silverland SuperGiants,114/6,Toss: Silverland SuperGiants opt to field,4 wickets,Silverland SuperGiants,Resulted,0,0,2026-09-01T20:30:29.296971+00:00
5311768,Limited Overs,TENNIS,past,2023-01-07T06:48:00.000Z,3003,Pune,19790,DNC,500761,CORPORATE PREMIER LEAGUE,,893031,League Matches,3381681,Sailpoint,120/8,3374184,Impact XI,120/8,Toss: Sailpoint opt to bat,Tie,,Tie,0,0,2026-09-01T20:30:29.296971+00:00
5316419,Limited Overs,TENNIS,past,2023-01-07T02:07:03.000Z,3003,Pune,252239,AFK Cricket Ground Khadki,,,,,,1177040,Rowdy_11,53/8,2681274,Khadki Royals,57/2,Toss: Rowdy_11 opt to bat,8 wickets,Khadki Royals,Resulted,0,0,2026-09-01T20:30:29.296971+00:00
5319625,Limited Overs,TENNIS,past,2023-01-07T05:36:36.000Z,3003,Pune,42688,Jolly Ground,,,,,,285804,Silverland SuperGiants,151/9,2210454,Smashers XI,154/3,Toss: Smashers XI opt to field,7 wickets,Smashers XI,Resulted,0,0,2026-09-01T20:30:29.296971+00:00
5345240,Limited Overs,TENNIS,past,2023-01-08T09:07:06.000Z,3003,Pune,343776,DCTL Ground Dange Chowk,550680,HCC T20 League Season-6,,992814,League Matches,574985,Spartan Sspl,169/9,2659517,Miro Warriors,144/10,Toss: Miro Warriors opt to field,25 runs,Spartan Sspl,Resulted,0,0,2026-09-01T20:30:29.296971+00:00
5348225,Limited Overs,TENNIS,past,2023-01-14T05:57:00.000Z,3003,Pune,204298,"Star Sports Academy, Dhayari",510802,EPAM premiere league season 4 Pune,,1012757,Final,3293103,EPAM Indians,150/10,3293109,EPAM Royals,155/7,Toss: EPAM Royals opt to field,3 wickets,EPAM Royals,Resulted,0,0,2026-09-01T20:30:29.296971+00:00
5402921,Limited Overs,TENNIS,past,2023-01-14T04:27:55.000Z,3003,Pune,188404,GK Silverland Residency PHASE 1,559311,Silverland Premier League (SPL) Season 3,,1025001,League Matches,1027560,SuperGiant,57/6,3627445,Tigers,47/6,Toss: Tigers opt to field,10 runs,SuperGiant,Resulted,0,0,2026-09-01T20:30:29.296971+00:00
5402922,Limited Overs,TENNIS,past,2023-01-14T05:16:23.000Z,3003,Pune,188404,GK Silverland Residency PHASE 1,559311,Silverland Premier League (SPL) Season 3,,1025001,League Matches,1521770,Spartans,48/6,1013726,The Killers,49/3,Toss: The Killers opt to field,4 wickets,The Killers,Resulted,0,0,2026-09-01T20:30:29.296971+00:00
5402923,Limited Overs,TENNIS,past,2023-01-14T05:55:38.000Z,3003,Pune,188404,GK Silverland Residency PHASE 1,559311,Silverland Premier League (SPL) Season 3,,1025001,League Matches,1521770,Spartans,41/7,3627445,Tigers,42/1,Toss: Tigers opt to field,6 wickets,Tigers,Resulted,0,0,2026-09-01T20:30:29.296971+00:00
5402924,Limited Overs,TENNIS,past,2023-01-14T06:26:54.000Z,3003,Pune,188404,GK Silverland Residency PHASE 1,559311,Silverland Premier League (SPL) Season 3,,1025001,League Matches,1027560,SuperGiant,52/6,1013726,The Killers,55/4,Toss: The Killers opt to field,3 wickets,The Killers,Resulted,0,0,2026-09-01T20:30:29.296971+00:00
5402927,Limited Overs,TENNIS,past,2023-01-14T07:53:03.000Z,3003,Pune,188404,GK Silverland Residency PHASE 1,559311,Silverland Premier League (SPL) Season 3,,1025001,League Matches,1013726,The Killers,49/7,3627445,Tigers,50/0,Toss: Tigers opt to field,7 wickets,Tigers,Resulted,0,0,2026-09-01T20:30:29.296971+00:00
5402933,Limited Overs,TENNIS,past,2023-01-14T10:24:14.000Z,3003,Pune,188404,GK Silverland Residency PHASE 1,559311,Silverland Premier League (SPL) Season 3,,1025001,League Matches,3627445,Tigers,62/5,1013726,The Killers,29/7,Toss: The Killers opt to field,33 runs,Tigers,Resulted,0,0,2026-09-01T20:30:29.296971+00:00
5402936,Limited Overs,TENNIS,past,2023-01-14T11:06:19.000Z,3003,Pune,188404,GK Silverland Residency PHASE 1,559311,Silverland Premier League (SPL) Season 3,,1025001,League Matches,1013726,The Killers,77/6,1027560,SuperGiant,69/6,Toss: SuperGiant opt to field,8 runs,The Killers,Resulted,0,0,2026-09-01T20:30:29.296971+00:00
5402938,Limited Overs,TENNIS,past,2023-01-14T12:09:45.000Z,3003,Pune,188404,GK Silverland Residency PHASE 1,559311,Silverland Premier League (SPL) Season 3,,1025001,League Matches,1521770,Spartans,47/7,3627445,Tigers,48/1,Toss: Tigers opt to field,6 wickets,Tigers,Resulted,0,0,2026-09-01T20:30:29.296971+00:00
5415972,Limited Overs,TENNIS,past,2023-01-15T03:15:14.000Z,3003,Pune,19790,DNC,500761,CORPORATE PREMIER LEAGUE,,893031,League Matches,3191439,Uchihas,88/10,3374184,Impact XI,94/5,Toss: Uchihas opt to bat,5 wickets,Impact XI,Resulted,0,0,2026-09-01T20:30:29.296971+00:00
5416091,Limited Overs,TENNIS,past,2023-01-15T03:22:04.000Z,3003,Pune,188404,GK Silverland Residency PHASE 1,559311,Silverland Premier League (SPL) Season 3,,1025001,League Matches,3627445,Tigers,61/7,1027560,SuperGiant,54/4,Toss: SuperGiant opt to field,7 runs,Tigers,Resulted,0,0,2026-09-01T20:30:29.296971+00:00
5416100,Limited Overs,TENNIS,past,2023-01-15T04:16:28.000Z,3003,Pune,188404,GK Silverland Residency PHASE 1,559311,Silverland Premier League (SPL) Season 3,,1025001,League Matches,1013726,The Killers,41/7,1027560,SuperGiant,43/0,Toss: SuperGiant opt to field,7 wickets,SuperGiant,Resulted,0,0,2026-09-01T20:30:29.296971+00:00
5416111,Limited Overs,TENNIS,past,2023-01-15T05:14:38.000Z,3003,Pune,188404,GK Silverland Residency PHASE 1,559311,Silverland Premier League (SPL) Season 3,,1025001,League Matches,1013726,The Killers,62/5,1521770,Spartans,65/2,Toss: Spartans opt to field,5 wickets,Spartans,Resulted,0,0,2026-09-01T20:30:29.296971+00:00
5416147,Limited Overs,TENNIS,past,2023-01-15T06:02:19.000Z,3003,Pune,188404,GK Silverland Residency PHASE 1,559311,Silverland Premier League (SPL) Season 3,,1025001,League Matches,1027560,SuperGiant,63/4,3627445,Tigers,64/4,Toss: Tigers opt to field,3 wickets,Tigers,Resulted,0,0,2026-09-01T20:30:29.296971+00:00
5416163,Limited Overs,TENNIS,past,2023-01-15T08:32:52.000Z,3003,Pune,188404,GK Silverland Residency PHASE 1,559311,Silverland Premier League (SPL) Season 3,,1025001,League Matches,3627445,Tigers,107/2,1013726,The Killers,91/5,Toss: The Killers opt to field,16 runs,Tigers,Resulted,0,0,2026-09-01T20:30:29.296971+00:00
5416167,Limited Overs,TENNIS,past,2023-01-15T07:34:42.000Z,3003,Pune,188404,GK Silverland Residency PHASE 1,559311,Silverland Premier League (SPL) Season 3,,1025001,League Matches,1521770,Spartans,70/5,3627445,Tigers,67/7,Toss: Spartans opt to bat,3 runs,Spartans,Resulted,0,0,2026-09-01T20:30:29.296971+00:00
5416336,Limited Overs,TENNIS,past,2023-01-15T06:51:25.000Z,3003,Pune,188404,GK Silverland Residency PHASE 1,559311,Silverland Premier League (SPL) Season 3,,1025001,League Matches,1521770,Spartans,63/4,1013726,The Killers,64/3,Toss: The Killers opt to field,4 wickets,The Killers,Resulted,0,0,2026-09-01T20:30:29.296971+00:00
5416651,Limited Overs,TENNIS,past,2023-01-14T15:00:18.000Z,3004,Pune Cantonment,350903,Silver Cricket Academy,560891,PCPL 2023 SEASON 1st,,1026852,Super Knockout,3639307,Simandhar Superstrikers,56/6,3639854,Elementa Mavericks,62/1,Toss: Elementa Mavericks opt to field,9 wickets,Elementa Mavericks,Resulted,0,0,2026-09-01T20:30:29.296971+00:00
5434270,Limited Overs,TENNIS,past,2023-01-15T10:59:38.000Z,3003,Pune,188404,GK Silverland Residency PHASE 1,559311,Silverland Premier League (SPL) Season 3,,1025001,League Matches,3627445,Tigers,66/5,1027560,SuperGiant,67/3,Toss: SuperGiant opt to field,4 wickets,SuperGiant,Resulted,0,0,2026-09-01T20:30:29.296971+00:00
5434930,Limited Overs,TENNIS,past,2023-01-15T11:44:00.000Z,3003,Pune,188404,GK Silverland Residency PHASE 1,559311,Silverland Premier League (SPL) Season 3,,1025001,League Matches,3627445,Tigers,71/3,1027560,SuperGiant,63/4,Toss: SuperGiant opt to field,8 runs,Tigers,Resulted,0,0,2026-09-01T20:30:29.296971+00:00
5435430,Limited Overs,TENNIS,past,2023-01-15T12:24:50.000Z,3003,Pune,188404,GK Silverland Residency PHASE 1,559311,Silverland Premier League (SPL) Season 3,,1025001,League Matches,1027560,SuperGiant,57/6,3627445,Tigers,58/1,Toss: Tigers opt to field,6 wickets,Tigers,Resulted,0,0,2026-09-01T20:30:29.296971+00:00
5477335,Limited Overs,TENNIS,past,2023-01-20T05:14:03.000Z,3003,Pune,438627,Tuf,572445,Testrig League For Testing,,1033133,League Matches,3718585,The Power Hitters,65/5,3718549,The Boundary Legends,71/1,Toss: The Power Hitters opt to bat,4 wickets,The Boundary Legends,Resulted,0,0,2026-09-01T20:30:29.296971+00:00
5483750,Limited Overs,TENNIS,past,2023-01-21T09:43:34.000Z,3003,Pune,4390,Shinde High School,575132,KPL 2023,,1038061,League Matches,2341773,MASTER BLASTER 2023,66/7,2681274,Khadki Royals A,47/4,Toss: Khadki Royals A opt to field,19 runs,MASTER BLASTER 2023,Resulted,0,0,2026-09-01T20:30:29.296971+00:00
5483773,Limited Overs,TENNIS,past,2023-01-21T12:33:19.000Z,3003,Pune,4390,Shinde High School,575132,KPL 2023,,1038061,League Matches,3717347,Komti Warriors 2023,56/8,2681274,Khadki Royals A,57/2,Toss: Komti Warriors 2023 opt to bat,8 wickets,Khadki Royals A,Resulted,0,0,2026-09-01T20:30:29.296971+00:00
5483799,Limited Overs,TENNIS,past,2023-01-21T16:15:48.000Z,3003,Pune,4390,Shinde High School,575132,KPL 2023,,1038061,League Matches,2681274,Khadki Royals A,71/4,603833,SINHAGAD MAVALA,40/9,Toss: SINHAGAD MAVALA opt to field,31 runs,Khadki Royals A,Resulted,0,0,2026-09-01T20:30:29.296971+00:00
5483834,Limited Overs,TENNIS,past,2023-01-22T08:36:19.000Z,3003,Pune,4390,Shinde High School,575132,KPL 2023,,1038061,League Matches,2681274,Khadki Royals A,68/5,3489488,Rucha Titans,72/1,Toss: Khadki Royals A opt to bat,9 wickets,Rucha Titans,Resulted,0,0,2026-09-01T20:30:29.296971+00:00
5487502,Limited Overs,TENNIS,past,2023-01-21T02:34:01.000Z,3003,Pune,347005,Gawli,,,,,,285804,Silverland SuperGiants,163/7,2484115,Rising 11,162/6,Toss: Rising 11 opt to field,1 run,Silverland SuperGiants,Resulted,0,0,2026-09-01T20:30:29.296971+00:00
5490195,Limited Overs,TENNIS,past,2023-01-21T05:25:15.000Z,3003,Pune,239979,Shahu College Paravti Pune,575408,TCPL,,1041373,League Matches,3751314,TTC Dynamites,82/4,3751067,Avengers,57/5,Toss: Avengers opt to field,25 runs,TTC Dynamites,Resulted,0,0,2026-09-01T20:30:29.296971+00:00
5493246,Limited Overs,TENNIS,past,2023-01-21T08:59:07.000Z,3003,Pune,239979,Shahu College Paravti Pune,575408,TCPL,,1041373,League Matches,3751314,TTC Dynamites,57/5,3750254,Challengers,58/1,Toss: TTC Dynamites opt to bat,9 wickets,Challengers,Resulted,0,0,2026-09-01T20:30:29.296971+00:00
5502495,Limited Overs,TENNIS,past,2023-01-22T02:02:34.000Z,3003,Pune,42688,Jolly Ground,524705,T20 Maitri Chashak Season 2,,1044094,Semi Final,285804,Silverland SuperGiants,160/4,2485560,Enjoy Group,166/5,Toss: Enjoy Group opt to field,5 wickets,Enjoy Group,Resulted,0,0,2026-09-01T20:30:29.296971+00:00
5505710,Limited Overs,TENNIS,past,2023-01-22T05:37:00.000Z,3003,Pune,239979,Shahu College Paravti Pune,575408,TCPL,,1041373,League Matches,3751314,TTC Dynamites,69/3,3750145,Rockstar,71/2,Toss: TTC Dynamites opt to bat,8 wickets,Rockstar,Resulted,0,0,2026-09-01T20:30:29.296971+00:00
5517378,Limited Overs,TENNIS,past,2023-01-22T11:46:30.000Z,3003,Pune,4390,Shinde High School,575132,KPL 2023,,1045848,Semi Final,3489488,Rucha Titans,89/1,2681274,Khadki Royals A,66/5,Toss: Rucha Titans opt to bat,23 runs,Rucha Titans,Resulted,0,0,2026-09-01T20:30:29.296971+00:00
5556693,Limited Overs,TENNIS,past,2023-01-26T09:17:00.000Z,3003,Pune,343776,DCTL Ground Dange Chowk,550680,HCC T20 League Season-6,,992814,League Matches,2659517,Miro Warriors,105/10,2485830,UNIVERSITY STRIKER,108/1,Toss: UNIVERSITY STRIKER opt to field,9 wickets,UNIVERSITY STRIKER,Resulted,0,0,2026-09-01T20:30:29.296971+00:00
5569882,Limited Overs,TENNIS,past,2023-01-28T08:38:05.000Z,3003,Pune,445039,VIT College,584149,Vishwakarandak 23,,1056619,Super Knockout,3803333,IT AIDS B,58/4,3803348,CHEM INSTRU D,40/6,Toss: IT AIDS B opt to bat,18 runs,IT AIDS B,Resulted,0,0,2026-09-01T20:30:29.296971+00:00
5572956,Limited Overs,TENNIS,past,2023-01-28T02:12:21.000Z,3003,Pune,347005,Gawli,,,,,,285804,Silverland SuperGiants,142/6,2210454,Smashers XI,143/5,Toss: Silverland SuperGiants opt to bat,5 wickets,Smashers XI,Resulted,0,0,2026-09-01T20:30:29.296971+00:00
5578007,Limited Overs,TENNIS,past,2023-01-28T07:53:52.000Z,3000,Pimpri,401507,kaveri nagar police line,495175,WAKAD PREMIER LEAGUE (WPL) - Season 6,,909022,Super Knockout,3225639,BHUVI SPARTAN,133/5,3227144,ANS Challengers,74/4,Toss: ANS Challengers opt to field,59 runs,BHUVI SPARTAN,Resulted,0,0,2026-09-01T20:30:29.296971+00:00
5587224,Limited Overs,TENNIS,past,2023-01-29T01:51:22.000Z,3003,Pune,441177,Club Crystallise Kasarsai,,,,,,1619040,R-ONE WhiteSHARKS,126/5,2135992,AREZO KINGS,129/8,Toss: AREZO KINGS opt to field,2 wickets,AREZO KINGS,Resulted,0,0,2026-09-01T20:30:29.296971+00:00
5587604,Limited Overs,TENNIS,past,2023-01-29T02:16:47.000Z,3003,Pune,22428,Dhobi Graund dehuroad,,,,,,285804,Silverland SuperGiants,108/8,3382845,RISINGXI,110/3,Toss: Silverland SuperGiants opt to bat,7 wickets,RISINGXI,Resulted,0,0,2026-09-01T20:30:29.296971+00:00
5590785,Limited Overs,TENNIS,past,2023-01-29T03:52:57.000Z,3003,Pune,22428,Dhobi Graund dehuroad,,,,,,3382845,RISINGXI,129/5,285804,Silverland SuperGiants,118/6,Toss: RISINGXI opt to bat,11 runs,RISINGXI,Resulted,0,0,2026-09-01T20:30:29.296971+00:00
5626505,Limited Overs,TENNIS,past,2023-02-02T09:48:18.000Z,3003,Pune,445039,VIT College,584149,Vishwakarandak 23,,1056619,Super Knockout,3803333,IT AIDS B,76/3,3803298,IPM B,50/6,Toss: IPM B opt to field,26 runs,IT AIDS B,Resulted,0,0,2026-09-01T20:30:29.296971+00:00
5629428,Limited Overs,TENNIS,past,2023-02-02T06:49:05.000Z,2718,Ahmednagar,447837,Jijamata College Ground Bhenda B K,589025,LMGP TROPHY 2K23,,1066490,League Matches,3838976,Wadkar Yodhaas Bhenda,44/6,3838967,ORANGE ARMY,45/2,Toss: ORANGE ARMY opt to field,8 wickets,ORANGE ARMY,Resulted,0,0,2026-09-01T20:30:29.296971+00:00
5636563,Limited Overs,TENNIS,past,2023-02-03T06:40:12.000Z,3003,Pune,445039,VIT College,584149,Vishwakarandak 23,,1068340,Quarter Final,3803333,IT AIDS B,40/7,3803339,CHEM INSTRU A,45/3,Toss: IT AIDS B opt to bat,4 wickets,CHEM INSTRU A,Resulted,0,0,2026-09-01T20:30:29.296971+00:00
5640351,Limited Overs,TENNIS,past,2023-02-04T04:45:00.000Z,3003,Pune,19790,DNC,500761,CORPORATE PREMIER LEAGUE,,893031,League Matches,3374184,Impact XI,129/10,3259421,Metro Global Solution Center Pvt. Ltd.,112/6,Toss: Impact XI opt to bat,17 runs,Impact XI,Resulted,0,0,2026-09-01T20:30:29.296971+00:00
5646772,Limited Overs,TENNIS,past,2023-02-04T01:51:16.000Z,3003,Pune,114039,Club Chrysallis,,,,,,997218,R4 FIREBALLS,143/7,2135992,AREZO KINGS,127/8,Toss: R4 FIREBALLS opt to bat,16 runs,R4 FIREBALLS,Resulted,0,0,2026-09-01T20:30:29.296971+00:00
5661426,Limited Overs,TENNIS,past,2023-02-05T01:41:00.000Z,3003,Pune,441177,Club Crystallise Kasarsai,,,,,,3157367,R1 TITANS,100/10,2135992,AREZO KINGS,101/6,Toss: AREZO KINGS opt to field,4 wickets,AREZO KINGS,Resulted,0,0,2026-09-01T20:30:29.296971+00:00
5661948,Limited Overs,TENNIS,past,2023-02-05T02:20:20.000Z,3003,Pune,42688,Jolly Ground,588610,T-20 Maitri Chashak Season 3,,1069284,League Matches,3383051,Morya Fighters,164/8,285804,Silverland SuperGiants,155/7,Toss: Morya Fighters opt to bat,9 runs,Morya Fighters,Resulted,0,0,2026-09-01T20:30:29.296971+00:00
5710540,Limited Overs,TENNIS,past,2023-02-10T05:04:36.000Z,3003,Pune,451362,"JSPM CRICKET GROUND, NARHE",595355,JSPM NTC CRICKET LEAGUE,,1082010,Super Knockout,3896852,JSPM COMPUTER,61/4,3896856,JSPM MBA,62/2,Toss: JSPM MBA opt to field,8 wickets,JSPM MBA,Resulted,0,0,2026-09-01T20:30:29.296971+00:00
5724301,Limited Overs,TENNIS,past,2023-02-11T01:48:00.000Z,3003,Pune,114039,Club Chrysallis,,,,,,1619040,R-ONE WhiteSHARKS,159/7,2135992,AREZO KINGS,136/7,Toss: R-ONE WhiteSHARKS opt to bat,23 runs,R-ONE WhiteSHARKS,Resulted,0,0,2026-09-01T20:30:29.296971+00:00
5739282,Limited Overs,TENNIS,past,2023-02-12T01:45:30.000Z,3003,Pune,114039,Club Chrysallis,,,,,,2913949,Nora Panthers,119/8,2135992,AREZO KINGS,123/5,Toss: AREZO KINGS opt to field,5 wickets,AREZO KINGS,Resulted,0,0,2026-09-01T20:30:29.296971+00:00
5746793,Limited Overs,TENNIS,past,2023-02-12T05:29:41.000Z,3003,Pune,42688,Jolly Ground,588610,T-20 Maitri Chashak Season 3,,1069284,League Matches,3839355,Jay Bhawani Mamurdi,168/8,285804,Silverland SuperGiants,151/9,Toss: Silverland SuperGiants opt to field,17 runs,Jay Bhawani Mamurdi,Resulted,0,0,2026-09-01T20:30:29.296971+00:00
5808951,Limited Overs,TENNIS,past,2023-02-18T01:59:38.000Z,3003,Pune,42688,Jolly Ground,588610,T-20 Maitri Chashak Season 3,,1069284,League Matches,3382845,RISINGXI,170/10,285804,Silverland SuperGiants,174/7,Toss: Silverland SuperGiants opt to field,3 wickets,Silverland SuperGiants,Resulted,0,0,2026-09-01T20:30:29.296971+00:00
5811881,Limited Overs,LEATHER,past,2023-02-18T04:26:55.000Z,3003,Pune,415996,Gurukul Cricket Academy,,,,,,3515433,Melange Cricket Club,138/7,3959123,EPAM CC,86/10,Toss: Melange Cricket Club opt to bat,52 runs,Melange Cricket Club,Resulted,0,0,2026-09-01T20:30:29.296971+00:00
5825864,Limited Overs,TENNIS,past,2023-02-19T02:02:00.000Z,3003,Pune,42688,Jolly Ground,588610,T-20 Maitri Chashak Season 3,,1069284,League Matches,285804,Silverland SuperGiants,227/4,882803,Rejoin Cricket Club,157/5,Toss: Rejoin Cricket Club opt to field,70 runs,Silverland SuperGiants,Resulted,0,0,2026-09-01T20:30:29.296971+00:00
5865663,Limited Overs,LEATHER,past,2023-02-25T02:26:19.000Z,3003,Pune,390637,Sliver Cricket Academy,522823,Mahil Sports Presents KPL OPEN Corporate T20 League Season5,,1108347,League Matches,1111585,Vikings Cricket Club PCMC,95/9,507932,Turf Hitters,96/6,Toss: Turf Hitters opt to field,4 wickets,Turf Hitters,Resulted,0,0,2026-09-01T20:30:29.296971+00:00
5894627,Limited Overs,TENNIS,past,2023-02-25T01:43:27.000Z,3003,Pune,441177,Club Crystallise Kasarsai,,,,,,2135992,AREZO KINGS,119/7,2698730,KS Avengers,120/3,Toss: AREZO KINGS opt to bat,7 wickets,KS Avengers,Resulted,0,0,2026-09-01T20:30:29.296971+00:00
5899131,Limited Overs,TENNIS,past,2023-02-25T03:34:00.000Z,3003,Pune,42688,Jolly Ground,,,,,,2210454,Smashers XI,157/7,285804,Silverland SuperGiants,158/7,Toss: Smashers XI opt to bat,3 wickets,Silverland SuperGiants,Resulted,0,0,2026-09-01T20:30:29.296971+00:00
5913263,Limited Overs,TENNIS,past,2023-02-26T03:05:00.000Z,3003,Pune,19790,DNC,500761,CORPORATE PREMIER LEAGUE,,893031,League Matches,3191480,Extreme Blasters,141/6,3374184,Impact XI,136/7,Toss: Extreme Blasters opt to bat,5 runs,Extreme Blasters,Resulted,0,0,2026-09-01T20:30:29.296971+00:00
5914140,Limited Overs,TENNIS,past,2023-02-26T02:12:19.000Z,3003,Pune,42688,Jolly Ground,588610,T-20 Maitri Chashak Season 3,,1069284,League Matches,285804,Silverland SuperGiants,172/5,3836568,Power Hitters,124/10,Toss: Silverland SuperGiants opt to bat,48 runs,Silverland SuperGiants,Resulted,0,0,2026-09-01T20:30:29.296971+00:00
5928054,Limited Overs,TENNIS,past,2023-02-26T09:59:00.000Z,3003,Pune,398579,Cryshallis,,,,,,2135992,AREZO KINGS,214/5,2913949,Nora Panthers,168/6,Toss: AREZO KINGS opt to bat,46 runs,AREZO KINGS,Resulted,0,0,2026-09-01T20:30:29.296971+00:00
5978961,Limited Overs,TENNIS,past,2023-03-04T02:16:25.000Z,3003,Pune,42688,Jolly Ground,588610,T-20 Maitri Chashak Season 3,,1069284,League Matches,285804,Silverland SuperGiants,133/10,3838428,Team WARRIORS,130/9,Toss: Team WARRIORS opt to field,3 runs,Silverland SuperGiants,Resulted,0,0,2026-09-01T20:30:29.296971+00:00
5980904,Limited Overs,LEATHER,past,2023-03-04T04:15:00.000Z,3003,Pune,39291,Kodre Cricket Ground,,,,,,3653446,Power Smashers,190/4,4057206,EPAM CC,100/10,Toss: Power Smashers opt to bat,90 runs,Power Smashers,Resulted,0,0,2026-09-01T20:30:29.296971+00:00
5995214,Limited Overs,TENNIS,past,2023-03-05T02:06:01.000Z,2796,Dehu Road,449601,Gawli,588610,T-20 Maitri Chashak Season 3,,1069284,League Matches,2485560,Enjoy Group,98/9,285804,Silverland SuperGiants,99/6,Toss: Silverland SuperGiants opt to field,4 wickets,Silverland SuperGiants,Resulted,0,0,2026-09-01T20:30:29.296971+00:00
6006633,Limited Overs,LEATHER,past,2023-03-05T08:52:00.000Z,3003,Pune,50846,VDR 3 Ground,605519,Blossom Cup T20 2023,,1099875,League Matches,4069300,Ace(Senior),235/3,3096792,BRAVEHEART WARRIORS CLUB,230/9,Toss: Ace(Senior) opt to bat,5 runs,Ace(Senior),Resulted,0,0,2026-09-01T20:30:29.296971+00:00
6009144,Limited Overs,TENNIS,past,2023-03-05T10:32:00.000Z,3003,Pune,441177,Club Crystallise Kasarsai,,,,,,2135992,AREZO KINGS,143/9,997218,R4 FIREBALLS,148/8,Toss: AREZO KINGS opt to bat,2 wickets,R4 FIREBALLS,Resulted,0,0,2026-09-01T20:30:29.296971+00:00
6040637,Limited Overs,TENNIS,past,2023-03-12T03:51:00.000Z,3003,Pune,5062,Vision Cricket Academy Ground,617622,Friendship Cup Season 3,,1135867,League Matches,4046397,T 10 Cricket Club Dhayari,112/7,4050742,Komti Cricket Club,114/6,Toss: Komti Cricket Club opt to field,4 wickets,Komti Cricket Club,Resulted,0,0,2026-09-01T20:30:29.296971+00:00
6040706,Limited Overs,TENNIS,past,2023-03-12T09:21:29.000Z,3003,Pune,5062,Vision Cricket Academy Ground,617622,Friendship Cup Season 3,,1135867,League Matches,4050742,Komti Cricket Club,72/6,4089065,Komti Warriors FC 2023,73/5,Toss: Komti Warriors FC 2023 opt to field,5 wickets,Komti Warriors FC 2023,Resulted,0,0,2026-09-01T20:30:29.296971+00:00
6062524,Box Cricket,TENNIS,past,2023-03-11T02:04:05.000Z,3003,Pune,418307,Supernova Turf,625931,Keshav Nagar Box Cricket League,,1143800,League Matches,4104005,River Walkers A,5/5,4104036,Savali Strikers,9/0,Toss: River Walkers A opt to bat,8 wickets,Savali Strikers,Resulted,0,0,2026-09-01T20:30:29.296971+00:00
6062623,Box Cricket,TENNIS,past,2023-03-11T04:35:59.000Z,3003,Pune,418307,Supernova Turf,625931,Keshav Nagar Box Cricket League,,1143800,League Matches,4104005,River Walkers A,3/5,4104012,AWR Smasher,7/0,Toss: AWR Smasher opt to field,7 wickets,AWR Smasher,Resulted,0,0,2026-09-01T20:30:29.296971+00:00
6062681,Box Cricket,TENNIS,past,2023-03-11T05:28:58.000Z,3003,Pune,418307,Supernova Turf,625931,Keshav Nagar Box Cricket League,,1143800,League Matches,3490267,PGD Smashers,78/4,4104005,River Walkers A,32/6,Toss: River Walkers A opt to field,46 runs,PGD Smashers,Resulted,0,0,2026-09-01T20:30:29.296971+00:00
6062734,Box Cricket,TENNIS,past,2023-03-11T07:14:09.000Z,3003,Pune,418307,Supernova Turf,625931,Keshav Nagar Box Cricket League,,1143800,League Matches,4104080,Unpredictable 7,57/6,4104005,River Walkers A,50/5,Toss: Unpredictable 7 opt to bat,7 runs,Unpredictable 7,Resulted,0,0,2026-09-01T20:30:29.296971+00:00
6062805,Limited Overs,TENNIS,past,2023-03-11T02:17:31.000Z,3003,Pune,467208,Pune Contanment,,,,,,3876572,Game changers,106/8,3556983,Super Strikers,Yet to bat,Toss: Game changers opt to bat,0 runs,,Abandoned,0,0,2026-09-01T20:30:29.296971+00:00
6064085,Limited Overs,TENNIS,past,2023-03-11T03:44:20.000Z,3003,Pune,1626,Pune,,,,,,3556983,Super Strikers,109/6,3876572,Game changers,105/10,Toss: Super Strikers opt to bat,4 runs,Super Strikers,Resulted,0,0,2026-09-01T20:30:29.296971+00:00
6065382,Limited Overs,TENNIS,past,2023-03-11T05:03:44.000Z,3003,Pune,97616,SSPL DANGECHAUK,,,,,,3556983,Super Strikers,104/7,3876572,Game changers,85/8,Toss: Super Strikers opt to bat,19 runs,Super Strikers,Resulted,0,0,2026-09-01T20:30:29.296971+00:00
6066164,Limited Overs,TENNIS,past,2023-03-11T05:58:06.000Z,3003,Pune,42688,Jolly Ground,588610,T-20 Maitri Chashak Season 3,,1069284,League Matches,285804,Silverland SuperGiants,187/7,3865649,Siyona Champions,61/10,Toss: Silverland SuperGiants opt to bat,126 runs,Silverland SuperGiants,Resulted,0,0,2026-09-01T20:30:29.296971+00:00
6074664,Box Cricket,TENNIS,past,2023-03-12T08:13:41.000Z,3003,Pune,267737,"4 Lions Academy, Viman Nagar",620417,GAME PROS - GPL 1.0,,1131356,League Matches,4065238,Deadly Rabbits,11/7,3418297,Hindavi Swarajya,14/2,Toss: Hindavi Swarajya opt to field,5 wickets,Hindavi Swarajya,Resulted,0,0,2026-09-01T20:30:29.296971+00:00
6074684,Box Cricket,TENNIS,past,2023-03-12T10:07:00.000Z,3003,Pune,267737,"4 Lions Academy, Viman Nagar",620417,GAME PROS - GPL 1.0,,1131356,League Matches,4020913,Shark sapphires,39/6,3418297,Hindavi Swarajya,40/2,Toss: Hindavi Swarajya opt to field,5 wickets,Hindavi Swarajya,Resulted,0,0,2026-09-01T20:30:29.296971+00:00
6074700,Box Cricket,TENNIS,past,2023-03-12T12:18:18.000Z,3003,Pune,267737,"4 Lions Academy, Viman Nagar",620417,GAME PROS - GPL 1.0,,1131356,League Matches,1902361,Pune Indians,40/4,3418297,Hindavi Swarajya,43/2,Toss: Hindavi Swarajya opt to field,5 wickets,Hindavi Swarajya,Resulted,0,0,2026-09-01T20:30:29.296971+00:00
6074712,Box Cricket,TENNIS,past,2023-03-12T13:28:04.000Z,3003,Pune,267737,"4 Lions Academy, Viman Nagar",620417,GAME PROS - GPL 1.0,,1131356,League Matches,1795490,Hustlers,37/2,3418297,Hindavi Swarajya,38/2,Toss: Hindavi Swarajya opt to field,5 wickets,Hindavi Swarajya,Resulted,0,0,2026-09-01T20:30:29.296971+00:00
6074735,Box Cricket,TENNIS,past,2023-03-12T15:02:43.000Z,3003,Pune,267737,"4 Lions Academy, Viman Nagar",620417,GAME PROS - GPL 1.0,,1131356,League Matches,4099927,Zoopero,23/5,3418297,Hindavi Swarajya,24/1,Toss: Zoopero opt to bat,6 wickets,Hindavi Swarajya,Resulted,0,0,2026-09-01T20:30:29.296971+00:00
6076721,Limited Overs,TENNIS,past,2023-03-12T01:52:10.000Z,3003,Pune,42688,Jolly Ground,588610,T-20 Maitri Chashak Season 3,,1069284,League Matches,2210454,Smashers XI,132/9,285804,Silverland SuperGiants,133/2,Toss: Silverland SuperGiants opt to field,8 wickets,Silverland SuperGiants,Resulted,0,0,2026-09-01T20:30:29.296971+00:00
6081589,Limited Overs,LEATHER,past,2023-03-12T04:05:00.000Z,3003,Pune,50846,VDR 3 Ground,605519,Blossom Cup T20 2023,,1099875,League Matches,3096792,BRAVEHEART WARRIORS CLUB,210/8,328896,Bright 11 (kpl),160/7,Toss: Bright 11 (kpl) opt to field,50 runs,BRAVEHEART WARRIORS CLUB,Resulted,0,0,2026-09-01T20:30:29.296971+00:00
6095093,Box Cricket,TENNIS,past,2023-03-12T17:53:14.000Z,3003,Pune,267737,"4 Lions Academy, Viman Nagar",620417,GAME PROS - GPL 1.0,,1148919,Quarter Final,4075590,Ganga Parkites,65/4,3418297,Hindavi Swarajya,69/3,Toss: Hindavi Swarajya opt to field,4 wickets,Hindavi Swarajya,Resulted,0,0,2026-09-01T20:30:29.296971+00:00
6119334,Box Cricket,TENNIS,past,2023-03-18T14:29:48.000Z,3003,Pune,111202,Parande Cricket ground Dhanori,603985,Spartans cricket league Season 3,,1150608,Super League,4020913,Shark sapphires,18/7,4046863,Hindavi Swarajya,19/3,Toss: Hindavi Swarajya opt to field,4 wickets,Hindavi Swarajya,Resulted,0,0,2026-09-01T20:30:29.296971+00:00
6119392,Box Cricket,TENNIS,past,2023-03-18T16:03:22.000Z,3003,Pune,111202,Parande Cricket ground Dhanori,603985,Spartans cricket league Season 3,,1150608,Super League,1959614,SAMBHAV WARRIORS,39/4,4046863,Hindavi Swarajya,45/3,Toss: Hindavi Swarajya opt to field,4 wickets,Hindavi Swarajya,Resulted,0,0,2026-09-01T20:30:29.296971+00:00
6119399,Box Cricket,TENNIS,past,2023-03-18T16:33:53.000Z,3003,Pune,111202,Parande Cricket ground Dhanori,603985,Spartans cricket league Season 3,,1150608,Super League,4046863,Hindavi Swarajya,70/4,3715269,Celebria Eagles,22/6,Toss: Celebria Eagles opt to field,48 runs,Hindavi Swarajya,Resulted,0,0,2026-09-01T20:30:29.296971+00:00
6126859,Box Cricket,TENNIS,past,2023-03-16T16:30:41.000Z,3003,Pune,267737,"4 Lions Academy, Viman Nagar",620417,GAME PROS - GPL 1.0,,1149041,Semi Final,3418297,Hindavi Swarajya,72/7,1795490,Hustlers,23/6,Toss: Hindavi Swarajya opt to bat,49 runs,Hindavi Swarajya,Resulted,0,0,2026-09-01T20:30:29.296971+00:00
6127220,Box Cricket,TENNIS,past,2023-03-16T17:29:19.000Z,3003,Pune,267737,"4 Lions Academy, Viman Nagar",620417,GAME PROS - GPL 1.0,,1154951,Final,3418297,Hindavi Swarajya,77/2,1590846,Spartans Nandan,53/7,Toss: Spartans Nandan opt to field,24 runs,Hindavi Swarajya,Resulted,0,0,2026-09-01T20:30:29.296971+00:00
6129878,Limited Overs,TENNIS,past,2023-03-18T12:55:38.000Z,3003,Pune,438476,"Lions Sports Hub,Pimple Nilakh",542768,RCL,,974763,League Matches,4141931,Stallions,48/6,4141902,The Supremes,49/1,Toss: The Supremes opt to field,5 wickets,The Supremes,Resulted,0,0,2026-09-01T20:30:29.296971+00:00
6129926,Limited Overs,TENNIS,past,2023-03-19T12:59:42.000Z,3003,Pune,438476,"Lions Sports Hub,Pimple Nilakh",542768,RCL,,974763,League Matches,4141902,The Supremes,31/7,4141931,Stallions,32/2,Toss: The Supremes opt to bat,6 wickets,Stallions,Resulted,0,0,2026-09-01T20:30:29.296971+00:00
6130047,Limited Overs,TENNIS,past,2023-03-25T12:09:22.000Z,3003,Pune,438476,"Lions Sports Hub,Pimple Nilakh",542768,RCL,,974763,League Matches,4141902,The Supremes,73/5,4141947,Warriors,74/3,Toss: Warriors opt to field,4 wickets,Warriors,Resulted,0,0,2026-09-01T20:30:29.296971+00:00
6134523,Limited Overs,TENNIS,past,2023-03-18T05:25:56.000Z,2964,Nashik,283490,Vishwas Garden Turf,630954,BBCL S-4,,1156164,League Matches,4141612,Sagar Motors,58/2,4141599,Shree Warriors,57/6,Toss: Sagar Motors opt to bat,1 run,Sagar Motors,Resulted,0,0,2026-09-01T20:30:29.296971+00:00
6135003,Limited Overs,TENNIS,past,2023-03-18T03:10:49.000Z,2964,Nashik,283490,Vishwas Garden Turf,630954,BBCL S-4,,1156164,League Matches,4141612,Sagar Motors,30/2,4141609,JJ Royals,34/1,Toss: Sagar Motors opt to bat,6 wickets,JJ Royals,Resulted,0,0,2026-09-01T20:30:29.296971+00:00
6135226,Limited Overs,TENNIS,past,2023-03-18T08:15:04.000Z,2964,Nashik,283490,Vishwas Garden Turf,630954,BBCL S-4,,1156164,League Matches,4141623,RMJ Lawions,89/1,4141612,Sagar Motors,90/2,Toss: Sagar Motors opt to field,5 wickets,Sagar Motors,Resulted,0,0,2026-09-01T20:30:29.296971+00:00
6135242,Limited Overs,TENNIS,past,2023-03-18T09:30:27.000Z,2964,Nashik,283490,Vishwas Garden Turf,630954,BBCL S-4,,1156164,League Matches,4141612,Sagar Motors,98/0,4141594,MAK Strikers,41/4,Toss: MAK Strikers opt to field,57 runs,Sagar Motors,Resulted,0,0,2026-09-01T20:30:29.296971+00:00
6138775,Limited Overs,TENNIS,past,2023-03-18T03:35:00.000Z,3003,Pune,19790,DNC,500761,CORPORATE PREMIER LEAGUE,,893031,League Matches,3374184,Impact XI,137/6,3191500,Trendsetters,96/9,Toss: Impact XI opt to bat,41 runs,Impact XI,Resulted,0,0,2026-09-01T20:30:29.296971+00:00
6139864,Limited Overs,TENNIS,past,2023-03-18T02:20:37.000Z,3003,Pune,42688,Jolly Ground,,,,,,285804,Silverland SuperGiants,85/10,2210454,Smashers XI,31/10,Toss: Silverland SuperGiants opt to bat,54 runs,Silverland SuperGiants,Resulted,0,0,2026-09-01T20:30:29.296971+00:00
6140978,Limited Overs,TENNIS,past,2023-03-18T03:49:51.000Z,3003,Pune,42688,Jolly Ground,,,,,,2210454,Smashers XI,128/3,285804,Silverland SuperGiants,91/6,Toss: Smashers XI opt to bat,37 runs,Smashers XI,Resulted,0,0,2026-09-01T20:30:29.296971+00:00
6141550,Limited Overs,LEATHER,past,2023-03-18T04:30:12.000Z,3003,Pune,309026,"Sachin Ghotkule Cricket Ground, Adhle",,,,,,3515433,Melange Cricket Club,181/7,4057206,EPAM CC,165/9,Toss: Melange Cricket Club opt to bat,16 runs,Melange Cricket Club,Resulted,0,0,2026-09-01T20:30:29.296971+00:00
6142495,Limited Overs,TENNIS,past,2023-03-18T05:46:50.000Z,3003,Pune,114039,Club Chrysallis,625193,THE CHRYSALLIS CUP 3,,1143441,League Matches,2135992,AREZO KINGS,93/4,4051452,Hera Pheri,45/7,Toss: Hera Pheri opt to field,48 runs,AREZO KINGS,Resulted,0,0,2026-09-01T20:30:29.296971+00:00
6143132,Limited Overs,TENNIS,past,2023-03-18T06:29:31.000Z,2964,Nashik,283490,Vishwas Garden Turf,630954,BBCL S-4,,1156164,League Matches,4141612,Sagar Motors,97/3,4141558,Y Nots,99/2,Toss: Sagar Motors opt to bat,5 wickets,Y Nots,Resulted,0,0,2026-09-01T20:30:29.296971+00:00
6143621,Limited Overs,TENNIS,past,2023-03-18T07:17:00.000Z,3003,Pune,114039,Club Chrysallis,625193,THE CHRYSALLIS CUP 3,,1143441,League Matches,2135992,AREZO KINGS,72/6,860842,The Elite Squad 11,78/1,Toss: The Elite Squad 11 opt to field,9 wickets,The Elite Squad 11,Resulted,0,0,2026-09-01T20:30:29.296971+00:00
6143820,Limited Overs,TENNIS,past,2023-03-18T07:28:35.000Z,2964,Nashik,283490,Vishwas Garden Turf,630954,BBCL S-4,,1156164,League Matches,4141612,Sagar Motors,81/0,4141614,RG Invaders,85/1,Toss: RG Invaders opt to field,6 wickets,RG Invaders,Resulted,0,0,2026-09-01T20:30:29.296971+00:00
6144390,Limited Overs,TENNIS,past,2023-03-18T12:00:34.000Z,3003,Pune,438476,"Lions Sports Hub,Pimple Nilakh",542768,RCL,,974763,League Matches,4141947,Warriors,77/7,4141902,The Supremes,83/1,Toss: The Supremes opt to field,5 wickets,The Supremes,Resulted,0,0,2026-09-01T20:30:29.296971+00:00
6153308,Limited Overs,TENNIS,past,2023-03-19T01:43:00.000Z,3003,Pune,114039,Club Chrysallis,,,,,,2913949,Nora Panthers,154/5,2135992,AREZO KINGS,92/10,Toss: AREZO KINGS opt to field,62 runs,Nora Panthers,Resulted,0,0,2026-09-01T20:30:29.296971+00:00
6153645,Limited Overs,TENNIS,past,2023-03-19T01:54:07.000Z,3003,Pune,42688,Jolly Ground,588610,T-20 Maitri Chashak Season 3,,1069284,League Matches,1013529,CHARLIE X1,129/10,285804,Silverland SuperGiants,135/1,Toss: Silverland SuperGiants opt to field,9 wickets,Silverland SuperGiants,Resulted,0,0,2026-09-01T20:30:29.296971+00:00
6156159,Limited Overs,TENNIS,past,2023-03-19T03:24:19.000Z,2964,Nashik,283490,Vishwas Garden Turf,630954,BBCL S-4,,1156164,League Matches,4141563,Kautilya Titans,92/2,4141612,Sagar Motors,86/4,Toss: Sagar Motors opt to field,6 runs,Kautilya Titans,Resulted,0,0,2026-09-01T20:30:29.296971+00:00
6156964,Limited Overs,TENNIS,past,2023-03-19T03:54:00.000Z,3003,Pune,114039,Club Chrysallis,625193,THE CHRYSALLIS CUP 3,,1143441,League Matches,2135992,AREZO KINGS,69/4,3782940,BROCODE XI,60/9,Toss: BROCODE XI opt to field,9 runs,AREZO KINGS,Resulted,0,0,2026-09-01T20:30:29.296971+00:00
6157522,Limited Overs,TENNIS,past,2023-03-19T04:10:44.000Z,2964,Nashik,283490,Vishwas Garden Turf,630954,BBCL S-4,,1156164,League Matches,4141601,Parashu Warriors,19/6,4141612,Sagar Motors,20/4,Toss: Sagar Motors opt to field,3 wickets,Sagar Motors,Resulted,0,0,2026-09-01T20:30:29.296971+00:00
6158862,Box Cricket,TENNIS,past,2023-03-19T07:39:18.000Z,3003,Pune,111202,Parande Cricket ground Dhanori,603985,Spartans cricket league Season 3,,1150608,Super League,4046863,Hindavi Swarajya,57/0,4035082,DYNE WARRIORS,24/4,Toss: DYNE WARRIORS opt to field,33 runs,Hindavi Swarajya,Resulted,0,0,2026-09-01T20:30:29.296971+00:00
6158925,Box Cricket,TENNIS,past,2023-03-19T08:53:28.000Z,3003,Pune,111202,Parande Cricket ground Dhanori,603985,Spartans cricket league Season 3,,1150608,Super League,4046863,Hindavi Swarajya,78/2,4023733,Royal Challengers,40/4,Toss: Hindavi Swarajya opt to bat,38 runs,Hindavi Swarajya,Resulted,0,0,2026-09-01T20:30:29.296971+00:00
6161151,Limited Overs,TENNIS,past,2023-03-19T06:25:13.000Z,2964,Nashik,283490,Vishwas Garden Turf,630954,BBCL S-4,,1156164,League Matches,4141596,Alpha Traders,105/1,4141612,Sagar Motors,63/4,Toss: Sagar Motors opt to field,42 runs,Alpha Traders,Resulted,0,0,2026-09-01T20:30:29.296971+00:00
6163677,Limited Overs,TENNIS,past,2023-03-19T08:29:05.000Z,2964,Nashik,283490,Vishwas Garden Turf,630954,BBCL S-4,,1156164,League Matches,4141612,Sagar Motors,61/3,4141626,R Deshpande Realty,67/2,Toss: Sagar Motors opt to bat,5 wickets,R Deshpande Realty,Resulted,0,0,2026-09-01T20:30:29.296971+00:00
6164791,Box Cricket,TENNIS,past,2023-03-19T13:53:02.000Z,3003,Pune,111202,Parande Cricket ground Dhanori,603985,Spartans cricket league Season 3,,1150608,Super League,4066290,Fitness Mantras,25/4,4046863,Hindavi Swarajya,26/1,Toss: Hindavi Swarajya opt to field,6 wickets,Hindavi Swarajya,Resulted,0,0,2026-09-01T20:30:29.296971+00:00
6165635,Limited Overs,TENNIS,past,2023-03-19T09:57:00.000Z,2964,Nashik,283490,Vishwas Garden Turf,630954,BBCL S-4,,1156164,League Matches,4141612,Sagar Motors,75/5,4141611,Aghor,78/2,Toss: Sagar Motors opt to bat,5 wickets,Aghor,Resulted,0,0,2026-09-01T20:30:29.296971+00:00
6167625,Limited Overs,TENNIS,past,2023-03-19T11:31:49.000Z,2964,Nashik,283490,Vishwas Garden Turf,630954,BBCL S-4,,1156164,League Matches,4141592,SP Patriots,55/5,4141612,Sagar Motors,51/5,Toss: SP Patriots opt to bat,4 runs,SP Patriots,Resulted,0,0,2026-09-01T20:30:29.296971+00:00
6170157,Box Cricket,TENNIS,past,2023-03-19T16:08:24.000Z,3003,Pune,111202,Parande Cricket ground Dhanori,603985,Spartans cricket league Season 3,,1161749,Quarter Final,1795490,Hustlers,21/7,4046863,Hindavi Swarajya,22/0,Toss: Hindavi Swarajya opt to field,7 wickets,Hindavi Swarajya,Resulted,0,0,2026-09-01T20:30:29.296971+00:00
6170991,Box Cricket,TENNIS,past,2023-03-19T17:11:18.000Z,3003,Pune,111202,Parande Cricket ground Dhanori,603985,Spartans cricket league Season 3,,1162024,Semi Final,4027438,Kryptonite,27/6,4046863,Hindavi Swarajya,28/0,Toss: Hindavi Swarajya opt to field,7 wickets,Hindavi Swarajya,Resulted,0,0,2026-09-01T20:30:29.296971+00:00
6171239,Box Cricket,TENNIS,past,2023-03-19T17:39:44.000Z,3003,Pune,111202,Parande Cricket ground Dhanori,603985,Spartans cricket league Season 3,,1162146,Final,1590846,Spartans Nandan,48/5,4046863,Hindavi Swarajya,49/1,Toss: Hindavi Swarajya opt to field,6 wickets,Hindavi Swarajya,Resulted,0,0,2026-09-01T20:30:29.296971+00:00
6212161,Limited Overs,TENNIS,past,2023-03-25T08:54:03.000Z,3003,Pune,114039,Club Chrysallis,625193,THE CHRYSALLIS CUP 3,,1169476,Quarter Final,1532624,Mavericks 11,138/6,2135992,AREZO KINGS,87/4,Toss: Mavericks 11 opt to bat,51 runs,Mavericks 11,Resulted,0,0,2026-09-01T20:30:29.296971+00:00
6215511,Limited Overs,TENNIS,past,2023-03-25T02:08:36.000Z,2796,Dehu Road,416418,Gavali,,,,,,285804,Silverland SuperGiants,79/6,3382845,RISINGXI,82/6,Toss: Silverland SuperGiants opt to bat,4 wickets,RISINGXI,Resulted,0,0,2026-09-01T20:30:29.296971+00:00
6216572,Limited Overs,TENNIS,past,2023-03-25T03:44:43.000Z,2796,Dehu Road,416418,Gavali,,,,,,285804,Silverland SuperGiants,104/5,3382845,RISINGXI,100/9,Toss: Silverland SuperGiants opt to bat,4 runs,Silverland SuperGiants,Resulted,0,0,2026-09-01T20:30:29.296971+00:00
6219201,Limited Overs,TENNIS,past,2023-03-25T07:33:55.000Z,3003,Pune,454410,30 Yard CRICKET  GROUND  WAKAD,632334,PCPL 2023 SEASON 2nd,,1157415,Round Two,3639854,Elementa Mavericks,111/4,4190087,Crystal Warriors,114/4,Toss: Crystal Warriors opt to field,3 wickets,Crystal Warriors,Resulted,0,0,2026-09-01T20:30:29.296971+00:00
6227477,Limited Overs,TENNIS,past,2023-03-26T01:41:05.000Z,3003,Pune,114039,Club Chrysallis,,,,,,2913949,Nora Panthers,128/7,2135992,AREZO KINGS,127/7,Toss: AREZO KINGS opt to field,1 run,Nora Panthers,Resulted,0,0,2026-09-01T20:30:29.296971+00:00
6236906,Limited Overs,LEATHER,past,2023-03-26T08:23:00.000Z,3003,Pune,120317,Achievers,,,,,,2525181,Splendid Cricket Club,154/7,3507332,Legends United,113/10,Toss: Splendid Cricket Club opt to bat,41 runs,Splendid Cricket Club,Resulted,0,0,2026-09-01T20:30:29.296971+00:00
6242809,Limited Overs,TENNIS,past,2023-04-15T05:00:26.000Z,3003,Pune,409201,"Walke Sports Ground, Bhosari Alandi Road",637062,KOMTI CHAMPIONS LEAGUE SEASON -3,,1173912,League Matches,2681274,Khadki Royals A,75/10,4181325,Sambhajinagar Yoddhas,76/2,Toss: Sambhajinagar Yoddhas opt to field,8 wickets,Sambhajinagar Yoddhas,Resulted,0,0,2026-09-01T20:30:29.296971+00:00
6243427,Limited Overs,TENNIS,past,2023-04-15T09:39:29.000Z,3003,Pune,409201,"Walke Sports Ground, Bhosari Alandi Road",637062,KOMTI CHAMPIONS LEAGUE SEASON -3,,1173912,League Matches,2681274,Khadki Royals A,98/4,603833,Sinhagad Mavla,89/8,Toss: Sinhagad Mavla opt to field,9 runs,Khadki Royals A,Resulted,0,0,2026-09-01T20:30:29.296971+00:00
6294515,Limited Overs,TENNIS,past,2023-04-01T02:11:02.000Z,3003,Pune,42688,Jolly Ground,588610,T-20 Maitri Chashak Season 3,,1069284,League Matches,3383051,Morya Fighters,182/10,285804,Silverland SuperGiants,160/10,Toss: Morya Fighters opt to bat,22 runs,Morya Fighters,Resulted,0,0,2026-09-01T20:30:29.296971+00:00
6295005,Limited Overs,TENNIS,past,2023-04-01T02:36:56.000Z,3003,Pune,97616,SSPL DANGECHAUK,642652,Game Changers Practice Series,,1178589,League Matches,4218152,Game Changers B,159/5,4218148,Game Changers A,160/6,Toss: Game Changers A opt to field,3 wickets,Game Changers A,Resulted,0,0,2026-09-01T20:30:29.296971+00:00
6299959,Limited Overs,TENNIS,past,2023-04-01T10:00:00.000Z,3003,Pune,114039,Club Chrysallis,,,,,,997218,LR Falcons,280/8,2135992,AREZO KINGS,193/9,Toss: LR Falcons opt to bat,87 runs,LR Falcons,Resulted,0,0,2026-09-01T20:30:29.296971+00:00
6306239,Limited Overs,TENNIS,past,2023-04-02T01:52:46.000Z,3003,Pune,42688,Jolly Ground,588610,T-20 Maitri Chashak Season 3,,1183485,Semi Final,285804,Silverland SuperGiants,218/6,2485560,Enjoy Group,100/8,Toss: Enjoy Group opt to field,118 runs,Silverland SuperGiants,Resulted,0,0,2026-09-01T20:30:29.296971+00:00
6309102,Limited Overs,LEATHER,past,2023-04-02T03:21:00.000Z,3003,Pune,220854,Uravade,645286,T 20 Power Smasher Compions Trophy,,1183681,League Matches,4057206,EPAM CC,127/10,590082,Greenland County,112/9,Toss: Greenland County opt to field,15 runs,EPAM CC,Resulted,0,0,2026-09-01T20:30:29.296971+00:00
6309807,Limited Overs,TENNIS,past,2023-04-02T03:46:06.000Z,2796,Dehu Road,34039,Dhobi cricket ground Dehuroad,,,,,,3865649,Siyona Champions,81/5,3382845,RISINGXI,85/1,Toss: Siyona Champions opt to bat,9 wickets,RISINGXI,Resulted,0,0,2026-09-01T20:30:29.296971+00:00
6310862,Limited Overs,LEATHER,past,2023-04-02T04:35:00.000Z,3003,Pune,50846,VDR 3 Ground,605519,Blossom Cup T20 2023,,1099875,League Matches,3096792,BRAVEHEART WARRIORS CLUB,204/8,4057214,Mavericks,199/10,Toss: BRAVEHEART WARRIORS CLUB opt to bat,5 runs,BRAVEHEART WARRIORS CLUB,Resulted,0,0,2026-09-01T20:30:29.296971+00:00
6316651,Limited Overs,TENNIS,past,2023-04-02T09:22:00.000Z,3003,Pune,42688,Jolly Ground,588610,T-20 Maitri Chashak Season 3,,1185765,Final,3383051,Morya Fighters,190/7,285804,Silverland SuperGiants,188/5,Toss: Morya Fighters opt to bat,2 runs,Morya Fighters,Resulted,0,0,2026-09-01T20:30:29.296971+00:00
6318641,Limited Overs,LEATHER,past,2023-04-02T11:03:46.000Z,3003,Pune,220854,Uravade,645286,T 20 Power Smasher Compions Trophy,,1184868,Final,4057206,EPAM CC,78/4,3906911,Net Media Boys,80/0,Toss: EPAM CC opt to bat,10 wickets,Net Media Boys,Resulted,0,0,2026-09-01T20:30:29.296971+00:00
6347427,Limited Overs,LEATHER,past,2023-04-09T02:46:20.000Z,3003,Pune,175948,"Parandwal Sports Academy, Malwadi Dehu",614366,Nakshatra Summer Cup White Ball,PREMIUM,1124974,League Matches,3096792,BRAVEHEART WARRIORS CLUB,202/8,3569464,Puneri Strikers,131/10,Toss: BRAVEHEART WARRIORS CLUB opt to bat,71 runs,BRAVEHEART WARRIORS CLUB,Resulted,0,0,2026-09-01T20:30:29.296971+00:00
6365454,Limited Overs,TENNIS,past,2023-04-08T03:25:00.000Z,3003,Pune,19790,DNC,500761,CORPORATE PREMIER LEAGUE,,893031,League Matches,3374184,Impact XI,138/3,4016555,Ion Group,98/8,Toss: Ion Group opt to field,40 runs,Impact XI,Resulted,0,0,2026-09-01T20:30:29.296971+00:00
6366623,Limited Overs,TENNIS,past,2023-04-08T02:06:11.000Z,3003,Pune,97616,SSPL DANGECHAUK,,,,,,3460316,Challenging All-Rounders,258/5,4218148,Game Changers A,181/7,Toss: Challenging All-Rounders opt to bat,77 runs,Challenging All-Rounders,Resulted,0,0,2026-09-01T20:30:29.296971+00:00
6366703,Limited Overs,TENNIS,past,2023-04-08T02:10:34.000Z,3003,Pune,22428,Dhobi Graund dehuroad,,,,,,285804,Silverland SuperGiants,145/10,3382845,RISINGXI,146/5,Toss: Silverland SuperGiants opt to bat,5 wickets,RISINGXI,Resulted,0,0,2026-09-01T20:30:29.296971+00:00
6372538,Box Cricket,TENNIS,past,2023-04-09T14:04:40.000Z,3003,Pune,100730,Greenbox Castle Royale,643933,1EIGHT Half-Pitch Turf Cricket Tournament,,1188482,League Matches,4046863,HINDAVI SWARAJYA,73/2,3385026,Titans,65/3,Toss: Titans opt to field,8 runs,HINDAVI SWARAJYA,Resulted,0,0,2026-09-01T20:30:29.296971+00:00
6372553,Box Cricket,TENNIS,past,2023-04-09T14:40:26.000Z,3003,Pune,100730,Greenbox Castle Royale,643933,1EIGHT Half-Pitch Turf Cricket Tournament,,1188482,League Matches,1959614,SAMBHAV WARRIORS,26/7,4046863,HINDAVI SWARAJYA,30/0,Toss: HINDAVI SWARAJYA opt to field,7 wickets,HINDAVI SWARAJYA,Resulted,0,0,2026-09-01T20:30:29.296971+00:00
6372569,Box Cricket,TENNIS,past,2023-04-09T15:55:08.000Z,3003,Pune,100730,Greenbox Castle Royale,643933,1EIGHT Half-Pitch Turf Cricket Tournament,,1188482,League Matches,4046863,HINDAVI SWARAJYA,57/7,4253231,BULLS,43/4,Toss: BULLS opt to field,14 runs,HINDAVI SWARAJYA,Resulted,0,0,2026-09-01T20:30:29.296971+00:00
6374082,Limited Overs,TENNIS,past,2023-04-14T01:54:21.000Z,3003,Pune,12485,Mulshi Cricket Ground,,,,,,2537604,ROWDY 11,72/9,3339774,LR 11,73/9,Toss: ROWDY 11 opt to bat,1 wicket,LR 11,Resulted,0,0,2026-09-01T20:30:29.296971+00:00
6380318,Limited Overs,TENNIS,past,2023-04-09T02:01:35.000Z,3003,Pune,22428,Dhobi Graund dehuroad,,,,,,285804,Silverland SuperGiants,149/6,3865649,Siyona Champions,92/6,Toss: Silverland SuperGiants opt to bat,57 runs,Silverland SuperGiants,Resulted,0,0,2026-09-01T20:30:29.296971+00:00
6383586,Limited Overs,TENNIS,past,2023-04-09T03:53:00.000Z,2796,Dehu Road,34039,Dhobi cricket ground Dehuroad,,,,,,285804,Silverland SuperGiants,113/7,3382845,RISINGXI,118/4,Toss: Silverland SuperGiants opt to bat,6 wickets,RISINGXI,Resulted,0,0,2026-09-01T20:30:29.296971+00:00
6395266,Box Cricket,TENNIS,past,2023-04-09T17:02:05.000Z,3003,Pune,100730,Greenbox Castle Royale,643933,1EIGHT Half-Pitch Turf Cricket Tournament,,1188483,Semi Final,4043808,Shree Seva Cricket Club,50/3,4046863,HINDAVI SWARAJYA,43/7,Toss: HINDAVI SWARAJYA opt to field,7 runs,Shree Seva Cricket Club,Resulted,0,0,2026-09-01T20:30:29.296971+00:00
6396618,Limited Overs,LEATHER,past,2023-04-16T10:30:00.000Z,3003,Pune,73718,Vdr 2,614366,Nakshatra Summer Cup White Ball,PREMIUM,1124974,League Matches,3096792,BRAVEHEART WARRIORS CLUB,171/8,810423,Shivtej Cricket Club Warje(Champion Trophy),172/7,Toss: BRAVEHEART WARRIORS CLUB opt to bat,3 wickets,Shivtej Cricket Club Warje(Champion Trophy),Resulted,0,0,2026-09-01T20:30:29.296971+00:00
6401208,Limited Overs,LEATHER,past,2023-04-16T02:49:00.000Z,3003,Pune,59762,Barne Academy Ground Pusane,614366,Nakshatra Summer Cup White Ball,PREMIUM,1124974,League Matches,4143314,Pune Warriors,91/8,921956,ACC Forever,92/1,Toss: Pune Warriors opt to bat,9 wickets,ACC Forever,Resulted,0,0,2026-09-01T20:30:29.296971+00:00
6431542,Limited Overs,TENNIS,past,2023-04-14T11:06:00.000Z,3003,Pune,452625,"Desire Sports Corporation, Baner",653491,BBSM 2023,,1201236,Super Knockout,4306069,Jardin,46/5,4288062,Riviera Fighters,49/0,Toss: Riviera Fighters opt to field,10 wickets,Riviera Fighters,Resulted,0,0,2026-09-01T20:30:29.296971+00:00
6436517,Limited Overs,TENNIS,past,2023-04-15T01:35:00.000Z,3003,Pune,456822,Grippx3 sports club,,,,,,4305897,Pune Warriors,131/6 & 26/0,3545126,Royal Crusaders,131/8 & 27/0,Toss: Pune Warriors opt to bat,Match Tied (Royal Crusaders won the super over),Royal Crusaders,Resulted,0,1,2026-09-01T20:30:29.296971+00:00
6436727,Limited Overs,TENNIS,past,2023-04-15T01:43:01.000Z,3003,Pune,482702,Kinhai Gaon,,,,,,3865649,Siyona Champions,82/5,4228714,Sai Luxuria Dehu,66/8,Toss: Siyona Champions opt to bat,16 runs,Siyona Champions,Resulted,0,0,2026-09-01T20:30:29.296971+00:00
6437871,Limited Overs,TENNIS,past,2023-04-15T03:01:39.000Z,3003,Pune,19682,Dehugon,,,,,,4228714,Sai Luxuria Dehu,113/7,3865649,Siyona Champions,86/9,Toss: Sai Luxuria Dehu opt to bat,27 runs,Sai Luxuria Dehu,Resulted,0,0,2026-09-01T20:30:29.296971+00:00
6450542,Limited Overs,TENNIS,past,2023-04-16T01:50:50.000Z,3003,Pune,42688,Jolly Ground,,,,,,882803,Rejoin Cricket Club,81/7,285804,Silverland SuperGiants,84/3,Toss: Silverland SuperGiants opt to field,7 wickets,Silverland SuperGiants,Resulted,0,0,2026-09-01T20:30:29.296971+00:00
6451526,Limited Overs,TENNIS,past,2023-04-16T02:08:01.000Z,3003,Pune,22428,Dhobi Graund dehuroad,,,,,,3865649,Siyona Champions,124/3,3382845,RISINGXI,123/8,Toss: Siyona Champions opt to bat,1 run,Siyona Champions,Resulted,0,0,2026-09-01T20:30:29.296971+00:00
6453520,Limited Overs,TENNIS,past,2023-04-16T03:09:00.000Z,3003,Pune,42688,Jolly Ground,,,,,,285804,Silverland SuperGiants,117/4,882803,Rejoin Cricket Club,113/6,Toss: Silverland SuperGiants opt to bat,4 runs,Silverland SuperGiants,Resulted,0,0,2026-09-01T20:30:29.296971+00:00
6490921,Box Cricket,TENNIS,past,2023-04-23T02:56:20.000Z,3003,Pune,438074,"Four Lions Turf, Viman Nagar",653669,Deadly Rabbits Presents Box Cricket 4.0,,1213154,League Matches,4299654,Raptors,63/1,4046863,HINDAVI SWARAJYA,66/2,Toss: HINDAVI SWARAJYA opt to field,4 wickets,HINDAVI SWARAJYA,Resulted,0,0,2026-09-01T20:30:29.296971+00:00
6490952,Box Cricket,TENNIS,past,2023-04-23T03:33:33.000Z,3003,Pune,438074,"Four Lions Turf, Viman Nagar",653669,Deadly Rabbits Presents Box Cricket 4.0,,1213154,League Matches,4299681,MEDILEAD VIKINGS,50/6,4046863,HINDAVI SWARAJYA,56/4,Toss: HINDAVI SWARAJYA opt to field,2 wickets,HINDAVI SWARAJYA,Resulted,0,0,2026-09-01T20:30:29.296971+00:00
6491027,Box Cricket,TENNIS,past,2023-04-23T04:52:45.000Z,3003,Pune,438074,"Four Lions Turf, Viman Nagar",653669,Deadly Rabbits Presents Box Cricket 4.0,,1213154,League Matches,3787098,Mithila Warriors,54/6,4046863,HINDAVI SWARAJYA,55/2,Toss: Mithila Warriors opt to bat,4 wickets,HINDAVI SWARAJYA,Resulted,0,0,2026-09-01T20:30:29.296971+00:00
6491081,Box Cricket,TENNIS,past,2023-04-23T05:34:12.000Z,3003,Pune,438074,"Four Lions Turf, Viman Nagar",653669,Deadly Rabbits Presents Box Cricket 4.0,,1213154,League Matches,3293727,Unpredictable 7,58/5,4046863,HINDAVI SWARAJYA,59/4,Toss: Unpredictable 7 opt to bat,2 wickets,HINDAVI SWARAJYA,Resulted,0,0,2026-09-01T20:30:29.296971+00:00
6502256,Limited Overs,TENNIS,past,2023-04-22T03:11:54.000Z,3003,Pune,485249,Persistent Ramanujan Turf,660292,SVA Premier League,,1216052,Super Four,4344816,Mumbai Super kings,60/5,4344842,Rising Super Giants,56/6,Toss: Rising Super Giants opt to field,4 runs,Mumbai Super kings,Resulted,0,0,2026-09-01T20:30:29.296971+00:00
6507645,Limited Overs,TENNIS,past,2023-04-22T01:31:01.000Z,3003,Pune,19682,Dehugon,,,,,,4228714,Sai Luxuria Dehu,128/1,3865649,Siyona Champions,114/6,Toss: Sai Luxuria Dehu opt to bat,14 runs,Sai Luxuria Dehu,Resulted,0,0,2026-09-01T20:30:29.296971+00:00
6507924,Limited Overs,TENNIS,past,2023-04-22T01:48:07.000Z,3003,Pune,22428,Dhobi Graund dehuroad,,,,,,2484115,Rising 11,93/5,285804,Silverland SuperGiants,96/2,Toss: Rising 11 opt to bat,8 wickets,Silverland SuperGiants,Resulted,0,0,2026-09-01T20:30:29.296971+00:00
6509425,Limited Overs,TENNIS,past,2023-04-22T03:14:16.000Z,3003,Pune,22428,Dhobi Graund dehuroad,,,,,,3865649,Siyona Champions,110/2,4228714,Sai Luxuria Dehu,77/6,Toss: Siyona Champions opt to bat,33 runs,Siyona Champions,Resulted,0,0,2026-09-01T20:30:29.296971+00:00
6509520,Limited Overs,TENNIS,past,2023-04-22T03:20:04.000Z,3003,Pune,22428,Dhobi Graund dehuroad,,,,,,285804,Silverland SuperGiants,136/4,3382845,RISINGXI,88/8,Toss: Silverland SuperGiants opt to bat,48 runs,Silverland SuperGiants,Resulted,0,0,2026-09-01T20:30:29.296971+00:00
6511101,Limited Overs,TENNIS,past,2023-04-22T05:21:52.000Z,3003,Pune,485249,Persistent Ramanujan Turf,660292,SVA Premier League,,1215908,Final,4344816,Mumbai Super kings,53/7,4344868,Cyber Warriors,34/6,Toss: Mumbai Super kings opt to bat,19 runs,Mumbai Super kings,Resulted,0,0,2026-09-01T20:30:29.296971+00:00
6521684,Limited Overs,TENNIS,past,2023-04-23T01:50:05.000Z,3003,Pune,42688,Jolly Ground,,,,,,882803,Rejoin Cricket Club,94/3,285804,Silverland SuperGiants,97/4,Toss: Silverland SuperGiants opt to field,6 wickets,Silverland SuperGiants,Resulted,0,0,2026-09-01T20:30:29.296971+00:00
6525116,Limited Overs,TENNIS,past,2023-04-23T03:29:48.000Z,3003,Pune,42688,Jolly Ground,,,,,,285804,Silverland SuperGiants,102/4,882803,Rejoin Cricket Club,103/3,Toss: Silverland SuperGiants opt to bat,7 wickets,Rejoin Cricket Club,Resulted,0,0,2026-09-01T20:30:29.296971+00:00
6533775,Box Cricket,TENNIS,past,2023-04-23T11:26:59.000Z,3003,Pune,438074,"Four Lions Turf, Viman Nagar",653669,Deadly Rabbits Presents Box Cricket 4.0,,1213155,Quarter Final,3293713,Habib Strikers,56/2,4046863,HINDAVI SWARAJYA,57/2,Toss: HINDAVI SWARAJYA opt to field,4 wickets,HINDAVI SWARAJYA,Resulted,0,0,2026-09-01T20:30:29.296971+00:00
6534996,Box Cricket,TENNIS,past,2023-04-23T12:41:54.000Z,3003,Pune,438074,"Four Lions Turf, Viman Nagar",653669,Deadly Rabbits Presents Box Cricket 4.0,,1213156,Semi Final,3273594,Unstoppables,49/5,4046863,HINDAVI SWARAJYA,39/2,Toss: HINDAVI SWARAJYA opt to field,10 runs,Unstoppables,Resulted,0,0,2026-09-01T20:30:29.296971+00:00
6544331,Limited Overs,LEATHER,past,2023-04-29T05:42:00.000Z,3003,Pune,59762,Barne Academy Ground Pusane,614366,Nakshatra Summer Cup White Ball,PREMIUM,1124974,League Matches,938988,Sunrisers-Phoenix,117/8,921956,ACC Forever,101/10,Toss: Sunrisers-Phoenix opt to bat,16 runs,Sunrisers-Phoenix,Resulted,0,0,2026-09-01T20:30:29.296971+00:00
6658810,Limited Overs,TENNIS,past,2023-05-06T01:55:55.000Z,3003,Pune,22428,Dhobi Graund dehuroad,,,,,,285804,Silverland SuperGiants,94/7,3382845,RISINGXI,95/7,Toss: Silverland SuperGiants opt to bat,3 wickets,RISINGXI,Resulted,0,0,2026-09-01T20:30:29.296971+00:00
6660078,Limited Overs,TENNIS,past,2023-05-06T03:31:39.000Z,3003,Pune,22428,Dhobi Graund dehuroad,,,,,,3382845,RISINGXI,83/7,285804,Silverland SuperGiants,85/4,Toss: RISINGXI opt to bat,6 wickets,Silverland SuperGiants,Resulted,0,0,2026-09-01T20:30:29.296971+00:00
6662981,Limited Overs,LEATHER,past,2023-05-06T07:48:00.000Z,3003,Pune,12485,Mulshi Cricket Ground,672448,MULSHI TROPHY 2023,,1241684,League Matches,4057206,EPAM CC,103/8,4433639,MCG,104/1,Toss: MCG opt to field,9 wickets,MCG,Resulted,0,0,2026-09-01T20:30:29.296971+00:00
6665293,Limited Overs,LEATHER,past,2023-05-06T10:59:43.000Z,3003,Pune,12485,Mulshi Cricket Ground,672448,MULSHI TROPHY 2023,,1241684,League Matches,4433639,MCG,159/4,4057206,EPAM CC,73/9,Toss: MCG opt to bat,86 runs,MCG,Resulted,0,0,2026-09-01T20:30:29.296971+00:00
6672797,Limited Overs,TENNIS,past,2023-05-07T02:08:17.000Z,3003,Pune,22428,Dhobi Graund dehuroad,,,,,,3382845,RISINGXI,81/10,285804,Silverland SuperGiants,85/2,Toss: Silverland SuperGiants opt to field,8 wickets,Silverland SuperGiants,Resulted,0,0,2026-09-01T20:30:29.296971+00:00
6677242,Limited Overs,TENNIS,past,2023-05-07T04:49:45.000Z,3003,Pune,22428,Dhobi Graund dehuroad,,,,,,285804,Silverland SuperGiants,138/3,188415,Achanak Boys,111/6,Toss: Achanak Boys opt to field,27 runs,Silverland SuperGiants,Resulted,0,0,2026-09-01T20:30:29.296971+00:00
6678376,Limited Overs,LEATHER,past,2023-05-13T11:05:56.000Z,3003,Pune,12485,Mulshi Cricket Ground,672448,MULSHI TROPHY 2023,,1241684,League Matches,4057206,EPAM CC,60/10,3760297,Ordnance Depot Talegaon Dabhade (DOD),63/2,Toss: EPAM CC opt to bat,8 wickets,Ordnance Depot Talegaon Dabhade (DOD),Resulted,0,0,2026-09-01T20:30:29.296971+00:00
6719372,Limited Overs,TENNIS,past,2023-05-21T01:37:42.000Z,3003,Pune,415996,Gurukul Cricket Academy,,,,,,3157367,R1 TITANS,151/6,2135992,AREZO KINGS,95/7,Toss: AREZO KINGS opt to field,56 runs,R1 TITANS,Resulted,0,0,2026-09-01T20:30:29.296971+00:00
6736727,Limited Overs,TENNIS,past,2023-05-13T04:00:52.000Z,3003,Pune,22428,Dhobi Graund dehuroad,,,,,,285804,Silverland SuperGiants,105/3,3382845,RISINGXI,107/3,Toss: RISINGXI opt to field,7 wickets,RISINGXI,Resulted,0,0,2026-09-01T20:30:29.296971+00:00
6749332,Limited Overs,TENNIS,past,2023-05-14T01:33:01.000Z,3003,Pune,22428,Dhobi Graund dehuroad,,,,,,285804,Silverland SuperGiants,97/3,3382845,RISINGXI,74/5,Toss: Silverland SuperGiants opt to bat,23 runs,Silverland SuperGiants,Resulted,0,0,2026-09-01T20:30:29.296971+00:00
6752212,Limited Overs,TENNIS,past,2023-05-14T02:47:02.000Z,3003,Pune,22428,Dhobi Graund dehuroad,,,,,,285804,Silverland SuperGiants,98/5 & 11/2,1027678,Teatteamgowin2,98/5 & 12/1,Toss: Teatteamgowin2 opt to field,Match Tied (Teatteamgowin2 won the super over.,Silverland SuperGiants,Resulted,0,1,2026-09-01T20:30:29.296971+00:00
6800089,Limited Overs,TENNIS,past,2023-05-20T01:05:52.000Z,3003,Pune,64537,DN Parande,671216,Shree Ram Chashak - 2023,,1262499,League Matches,4224957,Aeropolis Indians - DLSummerLeague,106/4,1191036,Pride Aashiyana Warriors,107/8,Toss: Pride Aashiyana Warriors opt to field,2 wickets,Pride Aashiyana Warriors,Resulted,0,0,2026-09-01T20:30:29.296971+00:00
6814306,Limited Overs,TENNIS,past,2023-05-20T01:19:00.000Z,3003,Pune,22428,Dhobi Graund dehuroad,,,,,,3382845,RISINGXI,86/2,285804,Silverland SuperGiants,87/1,Toss: Silverland SuperGiants opt to field,9 wickets,Silverland SuperGiants,Resulted,0,0,2026-09-01T20:30:29.296971+00:00
6815529,Limited Overs,TENNIS,past,2023-05-20T02:22:00.000Z,3003,Pune,22428,Dhobi Graund dehuroad,,,,,,285804,Silverland SuperGiants,72/2,3382845,RISINGXI,68/6,Toss: Silverland SuperGiants opt to bat,4 runs,Silverland SuperGiants,Resulted,0,0,2026-09-01T20:30:29.296971+00:00
6816579,Limited Overs,TENNIS,past,2023-05-20T04:17:07.000Z,2782,Chinchwad,495962,Silver Sports Club,683505,Synechron Synesports Super 10 2023,,1264357,Super Knockout,4477128,Syne Folks,97/3,4516889,Talent Hunter,73/4,Toss: Talent Hunter opt to field,24 runs,Syne Folks,Resulted,0,0,2026-09-01T20:30:29.296971+00:00
6818693,Limited Overs,TENNIS,past,2023-05-20T07:41:40.000Z,2782,Chinchwad,495962,Silver Sports Club,683505,Synechron Synesports Super 10 2023,,1265228,Quarter Final,4516885,Syne Smashers,91/1,4516889,Talent Hunter,95/2,Toss: Talent Hunter opt to field,7 wickets,Talent Hunter,Resulted,0,0,2026-09-01T20:30:29.296971+00:00
6820831,Limited Overs,TENNIS,past,2023-05-20T10:26:09.000Z,2782,Chinchwad,495962,Silver Sports Club,683505,Synechron Synesports Super 10 2023,,1265523,Semi Final,4482237,HSBC Warriors,111/5,4516889,Talent Hunter,86/3,Toss: Talent Hunter opt to field,25 runs,HSBC Warriors,Resulted,0,0,2026-09-01T20:30:29.296971+00:00
6829724,Limited Overs,TENNIS,past,2023-05-21T01:39:00.000Z,3003,Pune,441177,Club Crystallise Kasarsai,,,,,,4037317,Arise Super Kings,51/8,285804,Silverland SuperGiants,54/3,Toss: Arise Super Kings opt to bat,7 wickets,Silverland SuperGiants,Resulted,0,0,2026-09-01T20:30:29.296971+00:00
6832179,Limited Overs,TENNIS,past,2023-05-21T02:44:31.000Z,3003,Pune,1900,VCA,,,,,,285804,Silverland SuperGiants,179/9,4037317,Arise Super Kings,76/9,Toss: Silverland SuperGiants opt to bat,103 runs,Silverland SuperGiants,Resulted,0,0,2026-09-01T20:30:29.296971+00:00
6894242,Limited Overs,TENNIS,past,2023-05-27T01:33:53.000Z,3003,Pune,22428,Dhobi Graund dehuroad,,,,,,3382845,RISINGXI,95/8,285804,Silverland SuperGiants,97/5,Toss: RISINGXI opt to bat,4 wickets,Silverland SuperGiants,Resulted,0,0,2026-09-01T20:30:29.296971+00:00
6895477,Limited Overs,TENNIS,past,2023-05-27T03:03:26.000Z,3003,Pune,22428,Dhobi Graund dehuroad,,,,,,285804,Silverland SuperGiants,116/6,3382845,RISINGXI,117/5,Toss: Silverland SuperGiants opt to bat,5 wickets,RISINGXI,Resulted,0,0,2026-09-01T20:30:29.296971+00:00
6909388,Limited Overs,TENNIS,past,2023-05-28T01:35:39.000Z,3003,Pune,22428,Dhobi Graund dehuroad,,,,,,3382845,RISINGXI,123/3,285804,Silverland SuperGiants,125/4,Toss: RISINGXI opt to bat,6 wickets,Silverland SuperGiants,Resulted,0,0,2026-09-01T20:30:29.296971+00:00
6913051,Limited Overs,TENNIS,past,2023-05-28T03:22:09.000Z,3003,Pune,22428,Dhobi Graund dehuroad,,,,,,285804,Silverland SuperGiants,121/2,3382845,RISINGXI,122/2,Toss: Silverland SuperGiants opt to bat,8 wickets,RISINGXI,Resulted,0,0,2026-09-01T20:30:29.296971+00:00
6914153,Limited Overs,TENNIS,past,2023-05-28T04:02:50.000Z,3003,Pune,502600,Generosia ground,690656,Generosia Premier League Season 2,,1279648,Super League,4571504,Generosia Challengers,28/3,4570358,Generosia Royals,32/4,Toss: Generosia Royals opt to field,4 wickets,Generosia Royals,Resulted,0,0,2026-09-01T20:30:29.296971+00:00
6915383,Box Cricket,TENNIS,past,2023-05-28T04:50:41.000Z,3003,Pune,502600,Generosia ground,690656,Generosia Premier League Season 2,,1279648,Super League,4571494,Generosia Titans,23/7,4570358,Generosia Royals,24/4,Toss: Generosia Titans opt to bat,6 wickets,Generosia Royals,Resulted,0,0,2026-09-01T20:30:29.296971+00:00
6938568,Limited Overs,LEATHER,past,2023-06-03T04:43:00.000Z,3003,Pune,48990,Shree  Samarth Cricket Ground,688965,VDR Monsoon Trophy Season 3 Red Ball,,1276003,Super League,1850193,Oxford CC,121/10,3096792,BRAVEHEART WARRIORS CLUB,124/6,Toss: Oxford CC opt to bat,4 wickets,BRAVEHEART WARRIORS CLUB,Resulted,0,0,2026-09-01T20:30:29.296971+00:00
6961411,Limited Overs,TENNIS,past,2023-06-03T02:45:39.000Z,3003,Pune,108181,D Mart Ground Ravet,691895,Ravet Premier League Sp Edition - Society,,1287850,League Matches,4599458,Serene Scapes,41/7,4599457,Nirvana,43/1,Toss: Nirvana opt to field,9 wickets,Nirvana,Resulted,0,0,2026-09-01T20:30:29.296971+00:00
6961427,Limited Overs,TENNIS,past,2023-06-02T06:57:24.000Z,3003,Pune,108181,D Mart Ground Ravet,691895,Ravet Premier League Sp Edition - Society,,1287850,League Matches,4599453,Mahalakshmi,48/7,4599457,Nirvana,56/4,Toss: Nirvana opt to field,3 wickets,Nirvana,Resulted,0,0,2026-09-01T20:30:29.296971+00:00
6961435,Limited Overs,TENNIS,past,2023-06-02T17:27:25.000Z,3003,Pune,108181,D Mart Ground Ravet,691895,Ravet Premier League Sp Edition - Society,,1287850,League Matches,4599459,Shantai Green,17/7,4599457,Nirvana,27/2,Toss: Nirvana opt to field,5 wickets,Nirvana,Resulted,0,0,2026-09-01T20:30:29.296971+00:00
6977300,Limited Overs,TENNIS,past,2023-06-03T02:24:13.000Z,3003,Pune,428631,30 yards cricket academy wakad,695910,Sliver Fitness Icon 2023,,1290378,Super Knockout,4608802,Wakad Warrior A,89/0,4608836,Tathawade A,91/0,Toss: Tathawade A opt to field,10 wickets,Tathawade A,Resulted,0,0,2026-09-01T20:30:29.296971+00:00
6988069,Box Cricket,TENNIS,past,2023-06-04T11:44:32.000Z,3003,Pune,219961,"GROUND ZERO, PUSHPA",692506,SSG Kondhwa Cricket Club,,1291227,Super League,4584702,Akshay Oswal Warriors,63/7,4584766,SJ Loan Champion,64/4,Toss: SJ Loan Champion opt to field,4 wickets,SJ Loan Champion,Resulted,0,0,2026-09-01T20:30:29.296971+00:00
6988082,Box Cricket,TENNIS,past,2023-06-04T13:23:13.000Z,3003,Pune,219961,"GROUND ZERO, PUSHPA",692506,SSG Kondhwa Cricket Club,,1291227,Super League,4615086,RJ CHALLENGERS,63/3,4584702,Akshay Oswal Warriors,64/1,Toss: RJ CHALLENGERS opt to bat,6 wickets,Akshay Oswal Warriors,Resulted,0,0,2026-09-01T20:30:29.296971+00:00
6988123,Box Cricket,TENNIS,past,2023-06-04T15:38:38.000Z,3003,Pune,219961,"GROUND ZERO, PUSHPA",692506,SSG Kondhwa Cricket Club,,1291227,Super League,4614803,WAGHRESHA SMASHERS,60/7,4584702,Akshay Oswal Warriors,66/2,Toss: Akshay Oswal Warriors opt to field,5 wickets,Akshay Oswal Warriors,Resulted,0,0,2026-09-01T20:30:29.296971+00:00
6990468,Limited Overs,TENNIS,past,2023-06-04T03:17:12.000Z,3003,Pune,108181,D Mart Ground Ravet,691895,Ravet Premier League Sp Edition - Society,,1292727,Quarter Final,4599389,Probo Pride,28/7,4599457,Nirvana,27/7,Toss: Nirvana opt to field,1 run,Probo Pride,Resulted,0,0,2026-09-01T20:30:29.296971+00:00
6993356,Limited Overs,TENNIS,past,2023-06-04T01:55:19.000Z,3003,Pune,42688,Jolly Ground,,,,,,882803,Rejoin Cricket Club,116/5,285804,Silverland SuperGiants,92/7,Toss: Silverland SuperGiants opt to field,24 runs,Rejoin Cricket Club,Resulted,0,0,2026-09-01T20:30:29.296971+00:00
6996747,Limited Overs,TENNIS,past,2023-06-04T03:40:33.000Z,3003,Pune,42688,Jolly Ground,,,,,,285804,Silverland SuperGiants,145/6 & 4/1,882803,Rejoin Cricket Club,145/5 & 3/2,Toss: Silverland SuperGiants opt to bat,10 wickets,Silverland SuperGiants,Resulted,0,1,2026-09-01T20:30:29.296971+00:00
7011511,Limited Overs,TENNIS,past,2023-06-04T17:51:08.000Z,3003,Pune,219961,"GROUND ZERO, PUSHPA",692506,SSG Kondhwa Cricket Club,,1295652,Final,4614803,WAGHRESHA SMASHERS,86/2,4584702,Akshay Oswal Warriors,33/7,Toss: WAGHRESHA SMASHERS opt to bat,53 runs,WAGHRESHA SMASHERS,Resulted,0,0,2026-09-01T20:30:29.296971+00:00
7074042,Box Cricket,TENNIS,past,2023-06-11T04:20:28.000Z,3003,Pune,263847,Infinity Turf,701084,SS FRIEND CIRCLE CHAMPIONSHIP,,1303256,League Matches,4661509,KARMABHUMI,87/1,4647687,Hinjewadi Hunterss,20/3,Toss: Hinjewadi Hunterss opt to field,67 runs,KARMABHUMI,Resulted,0,0,2026-09-01T20:30:29.296971+00:00
7074057,Box Cricket,TENNIS,past,2023-06-11T05:16:12.000Z,3003,Pune,263847,Infinity Turf,701084,SS FRIEND CIRCLE CHAMPIONSHIP,,1303256,League Matches,4661509,KARMABHUMI,102/0,4220883,MHC BOYS DAPODI,55/4,Toss: KARMABHUMI opt to bat,47 runs,KARMABHUMI,Resulted,0,0,2026-09-01T20:30:29.296971+00:00
7074105,Box Cricket,TENNIS,past,2023-06-11T05:49:49.000Z,3003,Pune,263847,Infinity Turf,701084,SS FRIEND CIRCLE CHAMPIONSHIP,,1303256,League Matches,4661509,KARMABHUMI,71/4,4665461,Westside County Rebels,36/4,Toss: KARMABHUMI opt to bat,35 runs,KARMABHUMI,Resulted,0,0,2026-09-01T20:30:29.296971+00:00
7074136,Box Cricket,TENNIS,past,2023-06-11T06:28:56.000Z,3003,Pune,263847,Infinity Turf,701084,SS FRIEND CIRCLE CHAMPIONSHIP,,1303256,League Matches,4661509,KARMABHUMI,88/1,4665474,Westside County Champions,50/1,Toss: KARMABHUMI opt to bat,38 runs,KARMABHUMI,Resulted,0,0,2026-09-01T20:30:29.296971+00:00
7075639,Limited Overs,TENNIS,past,2023-06-11T02:23:34.000Z,3003,Pune,188404,GK Silverland Residency PHASE 1,702091,Silverland Summer Series,,1305986,League Matches,4655640,Shiv Yodha,88/4,4655688,Shiv Garjana,79/5,Toss: Shiv Garjana opt to field,9 runs,Shiv Yodha,Resulted,0,0,2026-09-01T20:30:29.296971+00:00
7075696,Limited Overs,TENNIS,past,2023-06-11T03:34:12.000Z,3003,Pune,188404,GK Silverland Residency PHASE 1,702091,Silverland Summer Series,,1305986,League Matches,4655640,Shiv Yodha,53/5,4655687,RajMudra,54/1,Toss: RajMudra opt to field,5 wickets,RajMudra,Resulted,0,0,2026-09-01T20:30:29.296971+00:00
7075745,Limited Overs,TENNIS,past,2023-06-11T01:32:36.000Z,3003,Pune,36371,"Kasarsai , Chrislin Cricket Ground",,,,,,2913949,Nora Panthers,152/7,2135992,AREZO KINGS,127/11,Toss: Nora Panthers opt to bat,25 runs,Nora Panthers,Resulted,0,0,2026-09-01T20:30:29.296971+00:00
7075756,Limited Overs,TENNIS,past,2023-06-11T04:04:40.000Z,3003,Pune,188404,GK Silverland Residency PHASE 1,702091,Silverland Summer Series,,1305986,League Matches,4655642,Chatrapti Challengers,94/5,4655688,Shiv Garjana,43/6,Toss: Shiv Garjana opt to field,51 runs,Chatrapti Challengers,Resulted,0,0,2026-09-01T20:30:29.296971+00:00
7075784,Limited Overs,TENNIS,past,2023-06-11T04:47:12.000Z,3003,Pune,188404,GK Silverland Residency PHASE 1,702091,Silverland Summer Series,,1305986,League Matches,4655687,RajMudra,81/3,4655688,Shiv Garjana,58/5,Toss: Shiv Garjana opt to field,23 runs,RajMudra,Resulted,0,0,2026-09-01T20:30:29.296971+00:00
7075826,Limited Overs,TENNIS,past,2023-06-11T05:26:14.000Z,3003,Pune,188404,GK Silverland Residency PHASE 1,702091,Silverland Summer Series,,1305986,League Matches,4655640,Shiv Yodha,73/5,4655642,Chatrapti Challengers,74/1,Toss: Chatrapti Challengers opt to field,5 wickets,Chatrapti Challengers,Resulted,0,0,2026-09-01T20:30:29.296971+00:00
7091136,Box Cricket,TENNIS,past,2023-06-11T14:41:39.000Z,3003,Pune,263847,Infinity Turf,701084,SS FRIEND CIRCLE CHAMPIONSHIP,,1304569,Quarter Final,4661509,KARMABHUMI,50/2 & 7/0,4426781,VIP 11,50/1 & 5/2,Toss: VIP 11 opt to field,Match Tied (KARMABHUMI won the super over),KARMABHUMI,Resulted,0,1,2026-09-01T20:30:29.296971+00:00
7093363,Box Cricket,TENNIS,past,2023-06-11T17:14:15.000Z,3003,Pune,263847,Infinity Turf,701084,SS FRIEND CIRCLE CHAMPIONSHIP,,1304570,Semi Final,2955191,All Stars,66/3,4661509,KARMABHUMI,53/2,Toss: All Stars opt to bat,13 runs,All Stars,Resulted,0,0,2026-09-01T20:30:29.296971+00:00
7117765,Box Cricket,TENNIS,past,2023-06-17T13:20:47.000Z,3003,Pune,70350,Soccer And Snooker Dhanori,704852,TPL season - 5,,1309218,League Matches,4678289,TEAM - C,49/2,4678292,TEAM - D,38/3,Toss: TEAM - D opt to field,11 runs,TEAM - C,Resulted,0,0,2026-09-01T20:30:29.296971+00:00
7117782,Box Cricket,TENNIS,past,2023-06-17T14:34:14.000Z,3003,Pune,70350,Soccer And Snooker Dhanori,704852,TPL season - 5,,1309218,League Matches,4678292,TEAM - D,48/3,4678288,TEAM - B,52/0,Toss: TEAM - B opt to field,5 wickets,TEAM - B,Resulted,0,0,2026-09-01T20:30:29.296971+00:00
7117787,Box Cricket,TENNIS,past,2023-06-17T15:04:11.000Z,3003,Pune,70350,Soccer And Snooker Dhanori,704852,TPL season - 5,,1309218,League Matches,4678286,TEAM - A,69/1,4678292,TEAM - D,52/3,Toss: TEAM - D opt to field,17 runs,TEAM - A,Resulted,0,0,2026-09-01T20:30:29.296971+00:00
7117830,Box Cricket,TENNIS,past,2023-06-17T16:33:23.000Z,3003,Pune,70350,Soccer And Snooker Dhanori,704852,TPL season - 5,,1309218,League Matches,4678292,TEAM - D,56/2,4678289,TEAM - C,36/3,Toss: TEAM - C opt to field,20 runs,TEAM - D,Resulted,0,0,2026-09-01T20:30:29.296971+00:00
7117859,Box Cricket,TENNIS,past,2023-06-17T17:31:51.000Z,3003,Pune,70350,Soccer And Snooker Dhanori,704852,TPL season - 5,,1309218,League Matches,4678292,TEAM - D,64/4,4678288,TEAM - B,51/4,Toss: TEAM - D opt to bat,13 runs,TEAM - D,Resulted,0,0,2026-09-01T20:30:29.296971+00:00
7117864,Box Cricket,TENNIS,past,2023-06-17T18:02:31.000Z,3003,Pune,70350,Soccer And Snooker Dhanori,704852,TPL season - 5,,1309218,League Matches,4678292,TEAM - D,37/4,4678286,TEAM - A,38/0,Toss: TEAM - A opt to field,5 wickets,TEAM - A,Resulted,0,0,2026-09-01T20:30:29.296971+00:00
7132937,Limited Overs,TENNIS,past,2023-06-17T01:26:00.000Z,3003,Pune,114039,Club Chrysallis,,,,,,4163751,Ocean Blues,192/6,2135992,AREZO KINGS,142/10,Toss: AREZO KINGS opt to field,50 runs,Ocean Blues,Resulted,0,0,2026-09-01T20:30:29.296971+00:00
7150886,Limited Overs,TENNIS,past,2023-06-18T01:25:23.000Z,3003,Pune,114039,Club Chrysallis,,,,,,4121076,LR Dynamites,154/9,2135992,AREZO KINGS,157/5,Toss: LR Dynamites opt to bat,5 wickets,AREZO KINGS,Resulted,0,0,2026-09-01T20:30:29.296971+00:00
7151518,Limited Overs,TENNIS,past,2023-06-18T01:44:34.000Z,3003,Pune,42688,Jolly Ground,,,,,,882803,Rejoin Cricket Club,133/7,285804,Silverland SuperGiants,121/9,Toss: Silverland SuperGiants opt to field,12 runs,Rejoin Cricket Club,Resulted,0,0,2026-09-01T20:30:29.296971+00:00
7154899,Limited Overs,TENNIS,past,2023-06-18T03:28:06.000Z,3003,Pune,42688,Jolly Ground,,,,,,882803,Rejoin Cricket Club,170/9,285804,Silverland SuperGiants,153/4,Toss: Rejoin Cricket Club opt to bat,17 runs,Rejoin Cricket Club,Resulted,0,0,2026-09-01T20:30:29.296971+00:00
7174483,Box Cricket,TENNIS,past,2023-06-19T16:35:51.000Z,2734,Amravati,464115,Big Box Turf,709788,Friends Premier League,,1321363,League Matches,4718403,Royal strikers,53/2,4719726,Gully boys,54/1,Toss: Gully boys opt to field,6 wickets,Gully boys,Resulted,0,0,2026-09-01T20:30:29.296971+00:00
7174560,Limited Overs,TENNIS,past,2023-06-19T18:25:39.000Z,2734,Amravati,464115,Big Box Turf,709788,Friends Premier League,,1321363,League Matches,4718446,THE GAME,139/2,4718403,Royal strikers,65/5,Toss: Royal strikers opt to field,74 runs,THE GAME,Resulted,0,0,2026-09-01T20:30:29.296971+00:00
7174659,Box Cricket,TENNIS,past,2023-06-19T17:02:49.000Z,2734,Amravati,464115,Big Box Turf,709788,Friends Premier League,,1321363,League Matches,4718403,Royal strikers,33/7,4596839,Morning Cricket,34/1,Toss: Morning Cricket opt to field,6 wickets,Morning Cricket,Resulted,0,0,2026-09-01T20:30:29.296971+00:00
7207786,Limited Overs,TENNIS,past,2023-06-24T01:29:29.000Z,2796,Dehu Road,34039,Dhobi cricket ground Dehuroad,,,,,,3382845,RISINGXI,105/8,285804,Silverland SuperGiants,48/10,Toss: Silverland SuperGiants opt to field,57 runs,RISINGXI,Resulted,0,0,2026-09-01T20:30:29.296971+00:00
7207789,Limited Overs,TENNIS,past,2023-06-24T01:29:43.000Z,3003,Pune,441177,Club Crystallise Kasarsai,,,,,,1617098,LR EAGLES,132/8,2135992,AREZO KINGS,128/8,Toss: LR EAGLES opt to bat,4 runs,LR EAGLES,Resulted,0,0,2026-09-01T20:30:29.296971+00:00
7209148,Limited Overs,TENNIS,past,2023-06-24T03:01:21.000Z,2796,Dehu Road,34039,Dhobi cricket ground Dehuroad,,,,,,285804,Silverland SuperGiants,111/8,3382845,RISINGXI,103/7,Toss: Silverland SuperGiants opt to bat,8 runs,Silverland SuperGiants,Resulted,0,0,2026-09-01T20:30:29.296971+00:00
7217758,Limited Overs,TENNIS,past,2023-06-24T16:32:22.000Z,3003,Pune,246639,Runbhumi,,,,,,4196255,Flame Boys.,48/5,4668511,Ankits 11,49/4,Toss: Flame Boys. opt to bat,2 wickets,Ankits 11,Resulted,0,0,2026-09-01T20:30:29.296971+00:00
7218158,Limited Overs,TENNIS,past,2023-06-24T17:09:14.000Z,3003,Pune,246639,Runbhumi,,,,,,4668511,Ankits 11,93/2,4196255,Flame Boys.,30/5,Toss: Ankits 11 opt to bat,63 runs,Ankits 11,Resulted,0,0,2026-09-01T20:30:29.296971+00:00
7218459,Limited Overs,TENNIS,past,2023-06-24T17:41:04.000Z,3003,Pune,246639,Runbhumi,,,,,,4196255,Flame Boys.,86/2,4668511,Ankits 11,87/3,Toss: Flame Boys. opt to bat,3 wickets,Ankits 11,Resulted,0,0,2026-09-01T20:30:29.296971+00:00
7218745,Limited Overs,TENNIS,past,2023-06-24T18:28:47.000Z,3003,Pune,246639,Runbhumi,,,,,,4668511,Ankits 11,27/5,4196255,Flame Boys.,28/0,Toss: Ankits 11 opt to bat,5 wickets,Flame Boys.,Resulted,0,0,2026-09-01T20:30:29.296971+00:00
7381152,Limited Overs,TENNIS,past,2023-07-15T13:10:04.000Z,3003,Pune,346741,Park ivory multipurpose court,721421,IPL - Ivory premier League 2023,,1342596,League Matches,4796108,Royal Challengers Ivory,46/7,4796128,Invincible Ivorians,16/7,Toss: Invincible Ivorians opt to field,30 runs,Royal Challengers Ivory,Resulted,0,0,2026-09-01T20:30:29.296971+00:00
7381728,Limited Overs,TENNIS,past,2023-07-15T14:31:55.000Z,3003,Pune,346741,Park ivory multipurpose court,721421,IPL - Ivory premier League 2023,,1342596,League Matches,4796128,Invincible Ivorians,64/6,4796113,Gangs of Ivory,31/6,Toss: Invincible Ivorians opt to bat,33 runs,Invincible Ivorians,Resulted,0,0,2026-09-01T20:30:29.296971+00:00
7397958,Limited Overs,TENNIS,past,2023-07-16T13:57:46.000Z,3003,Pune,346741,Park ivory multipurpose court,721421,IPL - Ivory premier League 2023,,1342596,League Matches,4796130,Park Indians,19/7,4796128,Invincible Ivorians,20/1,Toss: Park Indians opt to bat,6 wickets,Invincible Ivorians,Resulted,0,0,2026-09-01T20:30:29.296971+00:00
7455428,Limited Overs,TENNIS,past,2023-07-29T05:30:54.000Z,3003,Pune,23514,Varroc Cricket Academy Ground,731639,CICC 2023,,1362852,League Matches,4864024,COSMOS BANK,66/3,4864297,EPAM Titans,48/5,Toss: EPAM Titans opt to field,18 runs (EPAM all out),COSMOS BANK,Resulted,0,0,2026-09-01T20:30:29.296971+00:00
7455431,Limited Overs,TENNIS,past,2023-07-29T07:45:38.000Z,3003,Pune,23514,Varroc Cricket Academy Ground,731639,CICC 2023,,1362852,League Matches,4864297,EPAM Titans,105/1,4864030,EXPLEO,70/3,Toss: EXPLEO opt to field,35 runs,EPAM Titans,Resulted,0,0,2026-09-01T20:30:29.296971+00:00
7455440,Limited Overs,TENNIS,past,2023-07-29T10:00:00.000Z,3003,Pune,23514,Varroc Cricket Academy Ground,731639,CICC 2023,,1362852,League Matches,4864006,HDFC Bank,62/4,4864295,EPAM Royals,25/5,Toss: HDFC Bank opt to bat,37 runs,HDFC Bank,Resulted,0,0,2026-09-01T20:30:29.296971+00:00
7455445,Limited Overs,TENNIS,past,2023-07-29T12:41:05.000Z,3003,Pune,23514,Varroc Cricket Academy Ground,731639,CICC 2023,,1362852,League Matches,4864014,SS&C ADVENT,92/3,4864295,EPAM Royals,38/5,Toss: SS&C ADVENT opt to bat,54 runs,SS&C ADVENT,Resulted,0,0,2026-09-01T20:30:29.296971+00:00
7455480,Limited Overs,TENNIS,past,2023-07-30T05:10:13.000Z,3003,Pune,23514,Varroc Cricket Academy Ground,731639,CICC 2023,,1362852,League Matches,4864031,ABIL,31/5,4864297,EPAM Titans,21/5,Toss: ABIL opt to bat,10 runs,ABIL,Resulted,0,0,2026-09-01T20:30:29.296971+00:00
7455483,Limited Overs,TENNIS,past,2023-07-30T06:07:49.000Z,3003,Pune,23514,Varroc Cricket Academy Ground,731639,CICC 2023,,1362852,League Matches,4864297,EPAM Titans,54/4,4864033,ADP,56/2,Toss: ADP opt to field,3 wickets,ADP,Resulted,0,0,2026-09-01T20:30:29.296971+00:00
7455490,Limited Overs,TENNIS,past,2023-07-30T08:41:26.000Z,3003,Pune,23514,Varroc Cricket Academy Ground,731639,CICC 2023,,1362852,League Matches,4864020,ALLSTATE,73/1,4864295,EPAM Royals,18/5,Toss: EPAM Royals opt to field,55 runs,ALLSTATE,Resulted,0,0,2026-09-01T20:30:29.296971+00:00
7455493,Limited Overs,TENNIS,past,2023-07-30T10:50:00.000Z,3003,Pune,23514,Varroc Cricket Academy Ground,731639,CICC 2023,,1362852,League Matches,4864021,HUMMINGBIRD,37/2,4864295,EPAM Royals,38/0,Toss: HUMMINGBIRD opt to bat,5 wickets,EPAM Royals,Resulted,0,0,2026-09-01T20:30:29.296971+00:00
7476370,Limited Overs,TENNIS,past,2023-07-29T04:17:27.000Z,3003,Pune,346741,Park ivory multipurpose court,721421,IPL - Ivory premier League 2023,,1342597,Super Six,4796128,Invincible Ivorians,26/6,4796159,Ivory Warriors,13/5,Toss: Invincible Ivorians opt to bat,13 runs,Invincible Ivorians,Resulted,0,0,2026-09-01T20:30:29.296971+00:00
7477622,Limited Overs,TENNIS,past,2023-07-29T06:08:35.000Z,3003,Pune,346741,Park ivory multipurpose court,721421,IPL - Ivory premier League 2023,,1342598,Semi Final,4796108,Royal Challengers Ivory,31/4,4796128,Invincible Ivorians,33/5,Toss: Royal Challengers Ivory opt to bat,1 wicket,Invincible Ivorians,Resulted,0,0,2026-09-01T20:30:29.296971+00:00
7493820,Limited Overs,TENNIS,past,2023-07-30T09:15:51.000Z,3003,Pune,346741,Park ivory multipurpose court,721421,IPL - Ivory premier League 2023,,1342599,Final,4796128,Invincible Ivorians,48/5,4796145,Ivory Cheetaz,49/3,Toss: Invincible Ivorians opt to bat,4 wickets,Ivory Cheetaz,Resulted,0,0,2026-09-01T20:30:29.296971+00:00
7784832,Limited Overs,TENNIS,past,2023-09-09T03:44:06.000Z,3003,Pune,202730,"4 Lions Academy, Lane 4, Vinayak Nagar , Pimpale Nilhak,",747276,RCL 10,,1394829,League Matches,4967113,Sparks,53/4,4141931,Stallions,54/4,Toss: Stallions opt to field,5 wickets,Stallions,Resulted,0,0,2026-09-01T20:30:29.296971+00:00
7784935,Limited Overs,TENNIS,past,2023-09-09T05:50:04.000Z,3003,Pune,202730,"4 Lions Academy, Lane 4, Vinayak Nagar , Pimpale Nilhak,",747276,RCL 10,,1394829,League Matches,4141931,Stallions,39/8,4967113,Sparks,40/3,Toss: Sparks opt to field,6 wickets,Sparks,Resulted,0,0,2026-09-01T20:30:29.296971+00:00
7819274,Limited Overs,TENNIS,past,2023-09-10T03:34:36.000Z,3003,Pune,202730,"4 Lions Academy, Lane 4, Vinayak Nagar , Pimpale Nilhak,",747276,RCL 10,,1394829,League Matches,4141931,Stallions,45/6,4141902,The Supremes,46/2,Toss: Stallions opt to bat,8 wickets,The Supremes,Resulted,0,0,2026-09-01T20:30:29.296971+00:00
7819278,Limited Overs,TENNIS,past,2023-09-10T04:32:22.000Z,3003,Pune,202730,"4 Lions Academy, Lane 4, Vinayak Nagar , Pimpale Nilhak,",747276,RCL 10,,1394829,League Matches,4967176,Renegades,63/7,4141931,Stallions,38/6,Toss: Renegades opt to bat,25 runs,Renegades,Resulted,0,0,2026-09-01T20:30:29.296971+00:00
7825282,Limited Overs,LEATHER,past,2023-09-09T05:31:00.000Z,3003,Pune,78229,ROCK 27 SPORTS ACADEMY GROUND,,,,,,921956,ACC Forever,163/7,4898669,Stallions,129/9,Toss: Stallions opt to field,34 runs,ACC Forever,Resulted,0,0,2026-09-01T20:30:29.296971+00:00
8000895,Limited Overs,TENNIS,past,2023-10-02T02:47:00.000Z,3003,Pune,188404,GK Silverland Residency PHASE 1,770789,2 October Special Series,,1442024,League Matches,5124299,Krantiveer,75/2,5124309,Lathii Chargers,72/2,Toss: Lathii Chargers opt to field,3 runs,Krantiveer,Resulted,0,0,2026-09-01T20:30:29.296971+00:00
8000915,Limited Overs,TENNIS,past,2023-10-02T04:26:56.000Z,3003,Pune,188404,GK Silverland Residency PHASE 1,770789,2 October Special Series,,1442024,League Matches,5124176,Satyagrahi Stars,71/3,5124299,Krantiveer,63/3,Toss: Krantiveer opt to field,8 runs,Satyagrahi Stars,Resulted,0,0,2026-09-01T20:30:29.296971+00:00
8000921,Limited Overs,TENNIS,past,2023-10-02T05:08:45.000Z,3003,Pune,188404,GK Silverland Residency PHASE 1,770789,2 October Special Series,,1442024,League Matches,5124218,Veer Yodhas,85/2,5124309,Lathii Chargers,88/1,Toss: Veer Yodhas opt to bat,5 wickets,Lathii Chargers,Resulted,0,0,2026-09-01T20:30:29.296971+00:00
8000927,Limited Overs,TENNIS,past,2023-10-02T05:47:02.000Z,3003,Pune,188404,GK Silverland Residency PHASE 1,770789,2 October Special Series,,1442024,League Matches,5124176,Satyagrahi Stars,84/5,5124309,Lathii Chargers,63/6,Toss: Lathii Chargers opt to field,21 runs,Satyagrahi Stars,Resulted,0,0,2026-09-01T20:30:29.296971+00:00
8000941,Limited Overs,TENNIS,past,2023-10-02T06:40:57.000Z,3003,Pune,188404,GK Silverland Residency PHASE 1,770789,2 October Special Series,,1442024,League Matches,5124218,Veer Yodhas,75/5,5124299,Krantiveer,76/1,Toss: Krantiveer opt to field,5 wickets,Krantiveer,Resulted,0,0,2026-09-01T20:30:29.296971+00:00
8030848,Limited Overs,TENNIS,past,2023-10-02T07:37:18.000Z,3003,Pune,188404,GK Silverland Residency PHASE 1,770789,2 October Special Series,,1445767,Final,5124176,Satyagrahi Stars,87/1,5124299,Krantiveer,88/2,Toss: Krantiveer opt to field,4 wickets,Krantiveer,Resulted,0,0,2026-09-01T20:30:29.296971+00:00
8040844,Limited Overs,LEATHER,past,2023-10-29T08:08:00.000Z,3003,Pune,205595,PIOC CRICKET GROUND PUNE,767474,NM SPORTS FOUNDATION MIX CORPORATE T-20 WHITE BALL TOURNAMENT,,1438664,Super League,2718077,Blue Eagles,81/10,243167,Supernova Strikers,83/3,Toss: Blue Eagles opt to bat,7 wickets,Supernova Strikers,Resulted,0,0,2026-09-01T20:30:29.296971+00:00
8041082,Limited Overs,LEATHER,past,2023-10-29T04:19:13.000Z,3003,Pune,205595,PIOC CRICKET GROUND PUNE,767474,NM SPORTS FOUNDATION MIX CORPORATE T-20 WHITE BALL TOURNAMENT,,1438664,Super League,2718077,Blue Eagles,212/7,2977396,Lagan X1,60/10,Toss: Lagan X1 opt to field,152 runs,Blue Eagles,Resulted,0,0,2026-09-01T20:30:29.296971+00:00
8070241,Box Cricket,TENNIS,past,2023-10-08T15:26:08.000Z,3003,Pune,482017,DSP Sports Academy,765839,BOX CRICKET TOURNAMENT,,1432138,League Matches,4046863,HINDAVI SWARAJYA,58/4,5088956,Rising Supergaints,22/5,Toss: Rising Supergaints opt to field,36 runs,HINDAVI SWARAJYA,Resulted,0,0,2026-09-01T20:30:29.296971+00:00
8070243,Box Cricket,TENNIS,past,2023-10-08T15:50:22.000Z,3003,Pune,482017,DSP Sports Academy,765839,BOX CRICKET TOURNAMENT,,1432138,League Matches,4046863,HINDAVI SWARAJYA,67/1,4869051,Blind Hitters,41/1,Toss: HINDAVI SWARAJYA opt to bat,26 runs,HINDAVI SWARAJYA,Resulted,0,0,2026-09-01T20:30:29.296971+00:00
8087895,Limited Overs,TENNIS,past,2023-10-08T04:36:57.000Z,2796,Dehu Road,34039,Dhobi cricket ground Dehuroad,776509,T-10 Mini Series,,1453698,Super Knockout,3382845,RISINGXI,73/10,285804,Silverland SuperGiants,69/10,Toss: RISINGXI opt to bat,4 runs,RISINGXI,Resulted,0,0,2026-09-01T20:30:29.296971+00:00
8099242,Box Cricket,TENNIS,past,2023-10-08T16:55:04.000Z,3003,Pune,482017,DSP Sports Academy,765839,BOX CRICKET TOURNAMENT,,1455506,Quarter Final,4046863,HINDAVI SWARAJYA,98/2,5159328,SADGURU,49/2,Toss: HINDAVI SWARAJYA opt to bat,49 runs,HINDAVI SWARAJYA,Resulted,0,0,2026-09-01T20:30:29.296971+00:00
8100093,Box Cricket,TENNIS,past,2023-10-08T18:25:52.000Z,3003,Pune,482017,DSP Sports Academy,765839,BOX CRICKET TOURNAMENT,,1455712,Semi Final,4046863,HINDAVI SWARAJYA,61/4,5088956,Rising Supergaints,52/1,Toss: Rising Supergaints opt to field,9 runs,HINDAVI SWARAJYA,Resulted,0,0,2026-09-01T20:30:29.296971+00:00
8124849,Limited Overs,LEATHER,past,2023-11-04T08:44:23.000Z,3003,Pune,418173,"Vedanta Cricket Stadium, Parandwadi",737198,Coolenemy Winter Cup,,1373683,Super League,4951857,Sahyadri Warriors,106/9,3096792,BRAVEHEART WARRIORS CLUB,109/4,Toss: Sahyadri Warriors opt to bat,6 wickets,BRAVEHEART WARRIORS CLUB,Resulted,0,0,2026-09-01T20:30:29.296971+00:00
8241890,Limited Overs,LEATHER,past,2023-10-28T08:27:00.000Z,3003,Pune,456738,"30YCA Spark Cricket Ground, Jambhe",720509,30YCA Winter Cup S2 (Open & Mix Corporate),,1377481,League Matches,1856543,DMC,72/10,2467972,Rising Boys,52/10,Toss: DMC opt to bat,20 runs,DMC,Resulted,0,0,2026-09-01T20:30:29.296971+00:00
8242593,Limited Overs,LEATHER,past,2023-10-24T04:45:07.000Z,3003,Pune,282913,Cricathon Cricket Ground,,,,,,4980319,OLD Monks Legends,125/9,4344757,Shankaracharya Cricket Club (SCC),127/4,Toss: OLD Monks Legends opt to bat,6 wickets,Shankaracharya Cricket Club (SCC),Resulted,0,0,2026-09-01T20:30:29.296971+00:00
8274393,Limited Overs,TENNIS,past,2023-10-28T02:04:14.000Z,2796,Dehu Road,416418,Gavali,778442,T-20 MAITRI CHASHAK SEASON 5,,1470680,League Matches,3374964,STRIKERS,127/10,285804,Silverland SuperGiants,128/3,Toss: Silverland SuperGiants opt to field,7 wickets,Silverland SuperGiants,Resulted,0,0,2026-09-01T20:30:29.296971+00:00
8290870,Limited Overs,TENNIS,past,2023-10-29T06:32:52.000Z,2796,Dehu Road,94172,jolly,778442,T-20 MAITRI CHASHAK SEASON 5,,1470680,League Matches,882803,Rejoin Cricket Club,228/6,285804,Silverland SuperGiants,177/9,Toss: Silverland SuperGiants opt to field,51 runs,Rejoin Cricket Club,Resulted,0,0,2026-09-01T20:30:29.296971+00:00
8315746,Limited Overs,TENNIS,past,2023-10-31T15:02:00.000Z,2892,Kolhapur,494576,Balinge High School Balinge,773099,Balinge Premier League Season 2,,1486340,Semi Final,4467096,Katyayani Sports,36/7,5188386,MJ Warriers,32/5,Toss: MJ Warriers opt to field,4 runs,Katyayani Sports,Resulted,0,0,2026-09-01T20:30:29.296971+00:00
8323293,Limited Overs,TENNIS,past,2023-10-31T16:52:39.000Z,2892,Kolhapur,494576,Balinge High School Balinge,773099,Balinge Premier League Season 2,,1487340,Final,4467096,Katyayani Sports,61/2,5188372,Team SM 11,46/4,Toss: Team SM 11 opt to field,15 runs,Katyayani Sports,Resulted,0,0,2026-09-01T20:30:29.296971+00:00
8346622,Limited Overs,TENNIS,past,2023-11-04T02:03:33.000Z,2796,Dehu Road,416418,Gavali,778442,T-20 MAITRI CHASHAK SEASON 5,,1470680,League Matches,2485560,Enjoy Group,161/7,285804,Silverland SuperGiants,165/8,Toss: Silverland SuperGiants opt to field,2 wickets,Silverland SuperGiants,Resulted,0,0,2026-09-01T20:30:29.296971+00:00
8346654,Limited Overs,TENNIS,past,2023-11-05T02:07:00.000Z,2796,Dehu Road,416418,Gavali,778442,T-20 MAITRI CHASHAK SEASON 5,,1470680,League Matches,5192334,DCC,152/5,285804,Silverland SuperGiants,155/5,Toss: Silverland SuperGiants opt to field,5 wickets,Silverland SuperGiants,Resulted,0,0,2026-09-01T20:30:29.296971+00:00
8347704,Limited Overs,TENNIS,past,2023-11-04T01:16:39.000Z,3003,Pune,559720,Trinay Cricket Ground,794545,Nov Champions League,,1490162,Super League,4872858,Speedster Strikers,150/10,4872852,Energy Blasters,128/9,Toss: Energy Blasters opt to field,22 runs,Speedster Strikers,Resulted,0,0,2026-09-01T20:30:29.296971+00:00
8355370,Limited Overs,LEATHER,past,2023-11-04T08:33:24.000Z,3003,Pune,343490,"Pune Cricket Club, Wagholi",,,,,,4269441,PUNE XI,202/5,4915236,Rogue Riders,101/10,Toss: PUNE XI opt to bat,101 runs,PUNE XI,Resulted,0,0,2026-09-01T20:30:29.296971+00:00
8425403,Limited Overs,TENNIS,past,2023-11-11T03:14:00.000Z,2796,Dehu Road,416418,Gavali,778442,T-20 MAITRI CHASHAK SEASON 5,,1470680,League Matches,2565991,Friends Katta,100/10,285804,Silverland SuperGiants,105/4,Toss: Silverland SuperGiants opt to field,6 wickets,Silverland SuperGiants,Resulted,0,0,2026-09-01T20:30:29.296971+00:00
8436442,Limited Overs,TENNIS,past,2023-11-18T02:16:22.000Z,2796,Dehu Road,34039,Dhobi cricket ground Dehuroad,778442,T-20 MAITRI CHASHAK SEASON 5,,1470680,League Matches,3382845,RISINGXI,119/10,285804,Silverland SuperGiants,121/2,Toss: Silverland SuperGiants opt to field,8 wickets,Silverland SuperGiants,Resulted,0,0,2026-09-01T20:30:29.296971+00:00
8460475,Limited Overs,LEATHER,past,2023-12-10T08:48:16.000Z,3003,Pune,282913,Cricathon Cricket Ground,624635,CHALLENGER CUP WHITE BALL TOURNAMENT MIX CORPORATE,,1153269,League Matches,2042295,The Rising Stars (Open),101/10,4271047,Thunderwolves,104/3,Toss: The Rising Stars (Open) opt to bat,7 wickets,Thunderwolves,Resulted,0,0,2026-09-01T20:30:29.296971+00:00
8469936,Limited Overs,TENNIS,past,2023-11-19T05:02:00.000Z,2796,Dehu Road,94172,jolly,778442,T-20 MAITRI CHASHAK SEASON 5,,1506304,Semi Final,3839355,Jay Bhawani Mamurdi,205/5 & 8/2,285804,Silverland SuperGiants,205/4 & 23/1,Toss: Silverland SuperGiants opt to field,SILVERLAND SUPERGIANTS Won By SuperOver,Silverland SuperGiants,Resulted,0,1,2026-09-01T20:30:29.296971+00:00
8502998,Limited Overs,LEATHER,past,2024-01-13T08:03:00.000Z,3003,Pune,527602,CricSquad Cricket Ground,731472,CricSquad Heroes T20 Tournament,,1369645,League Matches,3507332,Legends United,136/10,493156,Kridangan Sports Stallions CC Pune,139/6,Toss: Legends United opt to bat,4 wickets,Kridangan Sports Stallions CC Pune,Resulted,0,0,2026-09-01T20:30:29.296971+00:00
8503059,Limited Overs,LEATHER,past,2024-01-27T04:00:00.000Z,3003,Pune,527602,CricSquad Cricket Ground,731472,CricSquad Heroes T20 Tournament,,1369645,League Matches,192255,IDeaS a sas company,152/6,3507332,Legends United,146/10,Toss: Legends United opt to field,6 runs,IDeaS a sas company,Resulted,0,0,2026-09-01T20:30:29.296971+00:00
8539266,Limited Overs,TENNIS,past,2023-11-25T04:22:22.000Z,3003,Pune,39291,Kodre Cricket Ground,808079,EPAM Premier League Pune 2023 (Season 5),,1518966,League Matches,5410362,EPAM Royals 2023,128/4,5410370,EPAM Indians 2023,132/5,Toss: EPAM Indians 2023 opt to field,5 wickets,EPAM Indians 2023,Resulted,0,0,2026-09-01T20:30:29.296971+00:00
8539272,Limited Overs,TENNIS,past,2023-11-25T07:03:46.000Z,3003,Pune,39291,Kodre Cricket Ground,808079,EPAM Premier League Pune 2023 (Season 5),,1518966,League Matches,5410369,EPAM Warriors 2023,117/7,5410368,EPAM Mavericks 2023,67/9,Toss: EPAM Mavericks 2023 opt to field,50 runs,EPAM Warriors 2023,Resulted,0,0,2026-09-01T20:30:29.296971+00:00
8539279,Limited Overs,TENNIS,past,2023-11-26T04:21:51.000Z,3003,Pune,39291,Kodre Cricket Ground,808079,EPAM Premier League Pune 2023 (Season 5),,1518966,League Matches,5410369,EPAM Warriors 2023,108/6,5410362,EPAM Royals 2023,112/5,Toss: EPAM Royals 2023 opt to field,5 wickets,EPAM Royals 2023,Resulted,0,0,2026-09-01T20:30:29.296971+00:00
8539287,Limited Overs,TENNIS,past,2023-11-26T06:48:20.000Z,3003,Pune,39291,Kodre Cricket Ground,808079,EPAM Premier League Pune 2023 (Season 5),,1518966,League Matches,5410370,EPAM Indians 2023,112/5,5410372,EPAM United 2023,60/10,Toss: EPAM United 2023 opt to field,52 runs,EPAM Indians 2023,Resulted,0,0,2026-09-01T20:30:29.296971+00:00
8539297,Limited Overs,TENNIS,past,2023-12-02T04:16:02.000Z,3003,Pune,39291,Kodre Cricket Ground,808079,EPAM Premier League Pune 2023 (Season 5),,1518966,League Matches,5410362,EPAM Royals 2023,108/7,5410368,EPAM Mavericks 2023,85/9,Toss: EPAM Mavericks 2023 opt to field,23 runs,EPAM Royals 2023,Resulted,0,0,2026-09-01T20:30:29.296971+00:00
8539304,Limited Overs,TENNIS,past,2023-12-02T07:09:55.000Z,3003,Pune,39291,Kodre Cricket Ground,808079,EPAM Premier League Pune 2023 (Season 5),,1518966,League Matches,5410369,EPAM Warriors 2023,113/6,5410372,EPAM United 2023,91/5,Toss: EPAM Warriors 2023 opt to bat,22 runs,EPAM Warriors 2023,Resulted,0,0,2026-09-01T20:30:29.296971+00:00
8539315,Limited Overs,LEATHER,past,2023-12-03T04:33:00.000Z,3003,Pune,39291,Kodre Cricket Ground,808079,EPAM Premier League Pune 2023 (Season 5),,1518966,League Matches,5410368,EPAM Mavericks 2023,96/7,5410372,EPAM United 2023,100/5,Toss: EPAM Mavericks 2023 opt to bat,5 wickets,EPAM United 2023,Resulted,0,0,2026-09-01T20:30:29.296971+00:00
8539323,Limited Overs,TENNIS,past,2023-12-03T07:07:35.000Z,3003,Pune,39291,Kodre Cricket Ground,808079,EPAM Premier League Pune 2023 (Season 5),,1518966,League Matches,5410369,EPAM Warriors 2023,129/5,5410370,EPAM Indians 2023,99/10,Toss: EPAM Warriors 2023 opt to bat,30 runs,EPAM Warriors 2023,Resulted,0,0,2026-09-01T20:30:29.296971+00:00
8539330,Limited Overs,TENNIS,past,2023-12-09T04:35:00.000Z,3003,Pune,39291,Kodre Cricket Ground,808079,EPAM Premier League Pune 2023 (Season 5),,1518966,League Matches,5410368,EPAM Mavericks 2023,65/5,5410370,EPAM Indians 2023,66/3,Toss: EPAM Mavericks 2023 opt to bat,7 wickets,EPAM Indians 2023,Resulted,0,0,2026-09-01T20:30:29.296971+00:00
8539334,Limited Overs,TENNIS,past,2023-12-09T07:33:11.000Z,3003,Pune,39291,Kodre Cricket Ground,808079,EPAM Premier League Pune 2023 (Season 5),,1518966,League Matches,5410372,EPAM United 2023,93/10,5410362,EPAM Royals 2023,95/3,Toss: EPAM United 2023 opt to bat,7 wickets,EPAM Royals 2023,Resulted,0,0,2026-09-01T20:30:29.296971+00:00
8550266,Limited Overs,LEATHER,past,2023-12-02T15:32:21.000Z,3004,Pune Cantonment,471685,Achievers Cricket Ground,779725,Guts & Glory Cup 2023 Leather Ball Night Tournament,,1471133,League Matches,1201515,Rising Champions.....,217/6,192255,IDeaS a sas company,186/4,Toss: IDeaS a sas company opt to field,31 runs,Rising Champions.....,Resulted,0,0,2026-09-01T20:30:29.296971+00:00
8595136,Limited Overs,TENNIS,past,2023-11-26T05:35:49.000Z,2796,Dehu Road,94172,jolly,778442,T-20 MAITRI CHASHAK SEASON 5,,1527132,Final,3383051,Morya Fighters,169/10,285804,Silverland SuperGiants,157/6,Toss: Silverland SuperGiants opt to field,12 runs,Morya Fighters,Resulted,0,0,2026-09-01T20:30:29.296971+00:00
8632591,Limited Overs,LEATHER,past,2023-12-16T04:16:18.000Z,3003,Pune,25806,"Masters Cricket Club Ground, Kolwadi",742819,D P L Trophy 2023,,1385428,League Matches,921956,ACC Forever,205/3,4937651,Revell winners,185/7,Toss: Revell winners opt to field,20 runs,ACC Forever,Resulted,0,0,2026-09-01T20:30:29.296971+00:00
8733018,Limited Overs,LEATHER,past,2023-12-10T01:44:00.000Z,3003,Pune,390637,Sliver Cricket Academy,,,,,,1655074,TEAM C31,153/10,4269243,Mahil Sports Cricket Team,137/7,Toss: TEAM C31 opt to bat,16 runs,TEAM C31,Resulted,0,0,2026-09-01T20:30:29.296971+00:00
8747736,Limited Overs,TENNIS,past,2023-12-10T05:33:11.000Z,3003,Pune,39291,Kodre Cricket Ground,808079,EPAM Premier League Pune 2023 (Season 5),,1518976,Final,5410362,EPAM Royals 2023,141/4,5410370,EPAM Indians 2023,122/8,Toss: EPAM Indians 2023 opt to field,19 runs,EPAM Royals 2023,Resulted,0,0,2026-09-01T20:30:29.296971+00:00
8753780,Limited Overs,TENNIS,past,2023-12-10T02:05:19.000Z,2796,Dehu Road,34039,Dhobi cricket ground Dehuroad,,,,,,3382845,RISINGXI,80/7,285804,Silverland SuperGiants,78/7,Toss: Silverland SuperGiants opt to field,2 runs,RISINGXI,Resulted,0,0,2026-09-01T20:30:29.296971+00:00
8760169,Limited Overs,TENNIS,past,2023-12-10T04:43:25.000Z,2796,Dehu Road,34039,Dhobi cricket ground Dehuroad,,,,,,285804,Silverland SuperGiants,108/5,3382845,RISINGXI,86/5,Toss: RISINGXI opt to field,22 runs,Silverland SuperGiants,Resulted,0,0,2026-09-01T20:30:29.296971+00:00
8779287,Limited Overs,TENNIS,past,2023-12-13T04:44:50.000Z,3003,Pune,10352,NCL Ground Pashan,825333,UST Cricket Championship 2023,,1553918,Super Knockout,5546366,Deluxe Avengers,99/4,5533132,UST Blasters,78/10,Toss: UST Blasters opt to field,21 runs,Deluxe Avengers,Resulted,0,0,2026-09-01T20:30:29.296971+00:00
8799629,Box Cricket,TENNIS,past,2024-01-06T04:33:43.000Z,3003,Pune,277682,Akshar Elemnta,825414,EPL 4 Mens Tournament,,1554134,League Matches,5544748,Ahmedabad Avengers EPL4,36/6,5544760,Lucknow Nawabs EPL4,41/3,Toss: Lucknow Nawabs EPL4 opt to field,3 wickets,Lucknow Nawabs EPL4,Resulted,0,0,2026-09-01T20:30:29.296971+00:00
8799632,Box Cricket,TENNIS,past,2024-01-06T15:41:25.000Z,3003,Pune,277682,Akshar Elemnta,825414,EPL 4 Mens Tournament,,1554134,League Matches,5544735,Kolkata TIGERS EPL4,79/5,5544739,Bengaluru Challengers EPL4,80/4,Toss: Bengaluru Challengers EPL4 opt to field,2 wickets,Bengaluru Challengers EPL4,Resulted,0,0,2026-09-01T20:30:29.296971+00:00
8799637,Box Cricket,TENNIS,past,2024-01-07T03:54:55.000Z,3003,Pune,277682,Akshar Elemnta,825414,EPL 4 Mens Tournament,,1554134,League Matches,5544761,Goa Sharks EPL4,64/4,5544748,Ahmedabad Avengers EPL4,67/0,Toss: Goa Sharks EPL4 opt to bat,6 wickets,Ahmedabad Avengers EPL4,Resulted,0,0,2026-09-01T20:30:29.296971+00:00
8799640,Box Cricket,TENNIS,past,2024-01-07T09:50:39.000Z,3003,Pune,277682,Akshar Elemnta,825414,EPL 4 Mens Tournament,,1554134,League Matches,5544742,Hyderabad Hurricanes EPL4,135/3,5544739,Bengaluru Challengers EPL4,84/2,Toss: Bengaluru Challengers EPL4 opt to field,51 runs,Hyderabad Hurricanes EPL4,Resulted,0,0,2026-09-01T20:30:29.296971+00:00
8799648,Box Cricket,TENNIS,past,2024-01-13T11:29:51.000Z,3003,Pune,277682,Akshar Elemnta,825414,EPL 4 Mens Tournament,,1554134,League Matches,5544733,Delhi Titans EPL4,38/6,5544739,Bengaluru Challengers EPL4,39/1,Toss: Delhi Titans EPL4 opt to bat,5 wickets,Bengaluru Challengers EPL4,Resulted,0,0,2026-09-01T20:30:29.296971+00:00
8799649,Box Cricket,TENNIS,past,2024-01-13T10:30:00.000Z,3003,Pune,277682,Akshar Elemnta,825414,EPL 4 Mens Tournament,,1554134,League Matches,5544748,Ahmedabad Avengers EPL4,95/4,5544756,Leh Dynamos EPL4,68/6,Toss: Leh Dynamos EPL4 opt to field,27 runs,Ahmedabad Avengers EPL4,Resulted,0,0,2026-09-01T20:30:29.296971+00:00
8799658,Box Cricket,TENNIS,past,2024-01-14T07:14:46.000Z,3003,Pune,277682,Akshar Elemnta,825414,EPL 4 Mens Tournament,,1554134,League Matches,5544751,Raipur Rangers EPL4,82/3,5544748,Ahmedabad Avengers EPL4,81/5,Toss: Ahmedabad Avengers EPL4 opt to field,1 run,Raipur Rangers EPL4,Resulted,0,0,2026-09-01T20:30:29.296971+00:00
8799665,Box Cricket,TENNIS,past,2024-01-20T15:55:01.000Z,3003,Pune,277682,Akshar Elemnta,825414,EPL 4 Mens Tournament,,1554134,League Matches,5544739,Bengaluru Challengers EPL4,117/6,5544743,Pune Smashers EPL4,105/6,Toss: Bengaluru Challengers EPL4 opt to bat,12 runs,Bengaluru Challengers EPL4,Resulted,0,0,2026-09-01T20:30:29.296971+00:00
8803530,Limited Overs,TENNIS,past,2023-12-15T12:41:00.000Z,3003,Pune,16196,Justcricket Academy,828404,Elite Corporate Cricket League S1 E2,,1559769,League Matches,5566126,TESTRIG,71/10,5566155,LIQUID TECH,74/2,Toss: TESTRIG opt to bat,8 wickets,LIQUID TECH,Resulted,0,0,2026-09-01T20:30:29.296971+00:00
8803988,Limited Overs,TENNIS,past,2023-12-16T09:06:35.000Z,3003,Pune,16196,Justcricket Academy,828404,Elite Corporate Cricket League S1 E2,,1559769,League Matches,5566123,BNY,221/3,5566126,TESTRIG,67/8,Toss: BNY opt to bat,154 runs,BNY,Resulted,0,0,2026-09-01T20:30:29.296971+00:00
8804012,Limited Overs,TENNIS,past,2023-12-17T05:37:31.000Z,3003,Pune,16196,Justcricket Academy,828404,Elite Corporate Cricket League S1 E2,,1559769,League Matches,5566137,VOIS,188/5,5566126,TESTRIG,79/7,Toss: VOIS opt to bat,109 runs,VOIS,Resulted,0,0,2026-09-01T20:30:29.296971+00:00
8818734,Limited Overs,TENNIS,past,2023-12-17T12:34:58.000Z,2000,Nipani,287103,Shrinagar cricket ground,829960,Shri Nagar Premier League Season 6,,1562562,League Matches,5577480,Kalpavriksha Restaurant,84/3,5577550,SP Sports,85/4,Toss: Kalpavriksha Restaurant opt to bat,6 wickets,SP Sports,Resulted,0,0,2026-09-01T20:30:29.296971+00:00
8818767,Limited Overs,TENNIS,past,2023-12-17T09:28:48.000Z,2000,Nipani,287103,Shrinagar cricket ground,829960,Shri Nagar Premier League Season 6,,1562562,League Matches,5577496,Pratik Panthers,76/5,5577480,Kalpavriksha Restaurant,57/5,Toss: Pratik Panthers opt to bat,19 runs,Pratik Panthers,Resulted,0,0,2026-09-01T20:30:29.296971+00:00
8819773,Limited Overs,TENNIS,past,2023-12-16T08:24:35.000Z,3003,Pune,12498,Chondhe Patil Sports Complex,826902,Swedish Corporate Championship 2023 PUNE - MIXED BOX CRICKET,,1557020,Super Knockout,5555129,Bharatforge,35/5,5555108,Tietoevry C,36/3,Toss: Tietoevry C opt to field,2 wickets,Tietoevry C,Resulted,0,0,2026-09-01T20:30:29.296971+00:00
8829471,Limited Overs,TENNIS,past,2023-12-16T03:05:00.000Z,3003,Pune,338160,Kokate Sports Ground,824516,Deloitte Pune cricket Tournament 2023,,1564573,Super Knockout,5571060,Tax Titans,106/4,5571056,Consulting Aces,48/10,Toss: Consulting Aces opt to field,58 runs,Tax Titans,Resulted,0,0,2026-09-01T20:30:29.296971+00:00
8837399,Limited Overs,TENNIS,past,2023-12-16T09:28:40.000Z,3003,Pune,12498,Chondhe Patil Sports Complex,826902,Swedish Corporate Championship 2023 PUNE - MIXED BOX CRICKET,,1564927,Round Two,5555108,Tietoevry C,39/4,5587254,Atlas Copco C,40/3,Toss: Tietoevry C opt to bat,2 wickets,Atlas Copco C,Resulted,0,0,2026-09-01T20:30:29.296971+00:00
8840765,Limited Overs,TENNIS,past,2023-12-17T06:00:37.000Z,2796,Dehu Road,416418,Gavali,812836,T20 Maitri Chashak Season 6,,1548996,League Matches,285804,Silverland SuperGiants,199/6,2210454,Smashers XI,201/3,Toss: Smashers XI opt to field,7 wickets,Smashers XI,Resulted,0,0,2026-09-01T20:30:29.296971+00:00
8859907,Limited Overs,TENNIS,past,2023-12-17T06:57:31.000Z,3003,Pune,16196,Justcricket Academy,828404,Elite Corporate Cricket League S1 E2,,1559769,League Matches,5566126,TESTRIG,115/3,5566145,YODDHAS,119/1,Toss: TESTRIG opt to bat,9 wickets,YODDHAS,Resulted,0,0,2026-09-01T20:30:29.296971+00:00
8869789,Limited Overs,TENNIS,past,2023-12-24T08:42:15.000Z,2000,Nipani,287103,Shrinagar cricket ground,829960,Shri Nagar Premier League Season 6,,1562562,League Matches,5577480,Kalpavriksha Restaurant,91/1,5577459,REDDY BROTHERS,95/4,Toss: Kalpavriksha Restaurant opt to bat,6 wickets,REDDY BROTHERS,Resulted,0,0,2026-09-01T20:30:29.296971+00:00
8877950,Limited Overs,TENNIS,past,2024-01-01T03:28:30.000Z,2000,Nipani,287103,Shrinagar cricket ground,829960,Shri Nagar Premier League Season 6,,1562562,League Matches,5577480,Kalpavriksha Restaurant,75/6,5577570,Kolle Strikers,76/5,Toss: Kalpavriksha Restaurant opt to bat,5 wickets,Kolle Strikers,Resulted,0,0,2026-09-01T20:30:29.296971+00:00
8878012,Limited Overs,TENNIS,past,2024-01-01T02:52:20.000Z,2000,Nipani,287103,Shrinagar cricket ground,829960,Shri Nagar Premier League Season 6,,1562562,League Matches,5577480,Kalpavriksha Restaurant,77/2,5577517,Vaibhav Sarees,65/5,Toss: Vaibhav Sarees opt to field,12 runs,Kalpavriksha Restaurant,Resulted,0,0,2026-09-01T20:30:29.296971+00:00
8984626,Limited Overs,TENNIS,past,2023-12-25T05:15:11.000Z,1616,Chaibasa,157856,BLN High School Icha Cricket Ground,806743,Royal Cricket Tournament,,1589723,Round One,5679832,Dharna 11,93/4,5679834,Pradarsan 11,58/7,Toss: Pradarsan 11 opt to field,35 runs,Dharna 11,Resulted,0,0,2026-09-01T20:30:29.296971+00:00
8996080,Limited Overs,TENNIS,past,2023-12-25T13:57:36.000Z,3003,Pune,289139,Pg Ghule,,,,,,3604783,The Lions,62/8,1181358,Fanstatic XI,51/8,Toss: The Lions opt to bat,11 runs,The Lions,Resulted,0,0,2026-09-01T20:30:29.296971+00:00
8997094,Limited Overs,TENNIS,past,2023-12-25T15:32:42.000Z,3003,Pune,510654,Kings Sports Club,,,,,,1181358,Fanstatic XI,91/5,3604783,The Lions,92/5,Toss: Fanstatic XI opt to bat,5 wickets,The Lions,Resulted,0,0,2026-09-01T20:30:29.296971+00:00
8998001,Limited Overs,TENNIS,past,2023-12-25T17:02:35.000Z,3003,Pune,289139,Pg Ghule,,,,,,3604783,The Lions,42/3,1181358,Fanstatic XI,43/4,Toss: The Lions opt to bat,6 wickets,Fanstatic XI,Resulted,0,0,2026-09-01T20:30:29.296971+00:00
9045997,Limited Overs,TENNIS,past,2023-12-30T03:33:42.000Z,2796,Dehu Road,94172,jolly,812836,T20 Maitri Chashak Season 6,,1548996,League Matches,3374964,STRIKERS,167/9,285804,Silverland SuperGiants,171/3,Toss: Silverland SuperGiants opt to field,7 wickets,Silverland SuperGiants,Resulted,0,0,2026-09-01T20:30:29.296971+00:00
9046038,Limited Overs,TENNIS,past,2023-12-31T03:49:04.000Z,2796,Dehu Road,474352,Thomas Colony,812836,T20 Maitri Chashak Season 6,,1548996,League Matches,3838428,Team WARRIORS,143/10,285804,Silverland SuperGiants,144/3,Toss: Silverland SuperGiants opt to field,7 wickets,Silverland SuperGiants,Resulted,0,0,2026-09-01T20:30:29.296971+00:00
9051651,Box Cricket,TENNIS,past,2024-01-05T09:49:48.000Z,2621,Pipariya,599844,The Geetanjali Lawn,848168,Maheshwari Premier League -1,,1599511,League Matches,5723736,TGL-Brothers,76/7,5723729,Triple M Blasters,77/7,Toss: Triple M Blasters opt to field,1 wicket,Triple M Blasters,Resulted,0,0,2026-09-01T20:30:29.296971+00:00
9051891,Box Cricket,TENNIS,past,2024-01-06T09:42:14.000Z,2621,Pipariya,599844,The Geetanjali Lawn,848168,Maheshwari Premier League -1,,1599511,League Matches,5723729,Triple M Blasters,58/6,5723741,TLS Hurricanes,59/5,Toss: TLS Hurricanes opt to field,3 wickets,TLS Hurricanes,Resulted,0,0,2026-09-01T20:30:29.296971+00:00
9051933,Box Cricket,TENNIS,past,2024-01-06T11:56:08.000Z,2621,Pipariya,599844,The Geetanjali Lawn,848168,Maheshwari Premier League -1,,1599511,League Matches,5723729,Triple M Blasters,64/7,5723744,Yuvan Blasters,15/8,Toss: Yuvan Blasters opt to field,49 runs,Triple M Blasters,Resulted,0,0,2026-09-01T20:30:29.296971+00:00
9061381,Limited Overs,LEATHER,past,2023-12-30T07:23:51.000Z,3003,Pune,23514,Varroc Cricket Academy Ground,834143,Ankur Joglekar Memorial Foundation In Association With IDeaS A SAS Company Presents 18th edition Of AJM 2023-24,,1579686,League Matches,5686000,Cybage Software Pvt Ltd,144/7,258612,PUBMATIC,110/10,Toss: Cybage Software Pvt Ltd opt to bat,34 runs,Cybage Software Pvt Ltd,Resulted,0,0,2026-09-01T20:30:29.296971+00:00
9105659,Limited Overs,TENNIS,past,2024-01-07T09:56:32.000Z,2000,Nipani,287103,Shrinagar cricket ground,829960,Shri Nagar Premier League Season 6,,1562562,League Matches,5577517,Vaibhav Sarees,80/5,5577480,Kalpavriksha Restaurant,62/5,Toss: Vaibhav Sarees opt to bat,18 runs,Vaibhav Sarees,Resulted,0,0,2026-09-01T20:30:29.296971+00:00
9105697,Limited Overs,TENNIS,past,2024-01-07T09:17:22.000Z,2000,Nipani,287103,Shrinagar cricket ground,829960,Shri Nagar Premier League Season 6,,1562562,League Matches,5577550,SP Sports,97/2,5577480,Kalpavriksha Restaurant,62/6,Toss: Kalpavriksha Restaurant opt to field,35 runs,SP Sports,Resulted,0,0,2026-09-01T20:30:29.296971+00:00
9130452,Limited Overs,LEATHER,past,2024-01-06T04:08:29.000Z,3003,Pune,5573,Shahu College,,,,,,3507332,Legends United,173/10,3271370,SUNRISE 11,151/7,Toss: Legends United opt to bat,22 runs,Legends United,Resulted,0,0,2026-09-01T20:30:29.296971+00:00
9157536,Limited Overs,LEATHER,past,2024-01-06T03:42:00.000Z,3003,Pune,23514,Varroc Cricket Academy Ground,834143,Ankur Joglekar Memorial Foundation In Association With IDeaS A SAS Company Presents 18th edition Of AJM 2023-24,,1579686,League Matches,4372363,Tech Mahindra WT,227/5,258612,PUBMATIC,67/10,Toss: PUBMATIC opt to field,160 runs,Tech Mahindra WT,Resulted,0,0,2026-09-01T20:30:29.296971+00:00
9157664,Limited Overs,TENNIS,past,2024-01-06T02:21:11.000Z,2796,Dehu Road,416418,Gavali,812836,T20 Maitri Chashak Season 6,,1548996,League Matches,285804,Silverland SuperGiants,132/9,5192334,DCC,135/6,Toss: DCC opt to field,4 wickets,DCC,Resulted,0,0,2026-09-01T20:30:29.296971+00:00
9157744,Limited Overs,TENNIS,past,2024-01-07T05:55:31.000Z,2796,Dehu Road,416418,Gavali,812836,T20 Maitri Chashak Season 6,,1548996,League Matches,3839355,Jay Bhawani Mamurdi,99/10,285804,Silverland SuperGiants,103/6,Toss: Silverland SuperGiants opt to field,4 wickets,Silverland SuperGiants,Resulted,0,0,2026-09-01T20:30:29.296971+00:00
9157910,Limited Overs,TENNIS,past,2024-01-20T02:42:06.000Z,2796,Dehu Road,416418,Gavali,812836,T20 Maitri Chashak Season 6,,1548996,League Matches,3383051,Morya Fighters,135/9,285804,Silverland SuperGiants,137/5,Toss: Silverland SuperGiants opt to field,5 wickets,Silverland SuperGiants,Resulted,0,0,2026-09-01T20:30:29.296971+00:00
9157945,Limited Overs,TENNIS,past,2024-01-21T02:34:55.000Z,2796,Dehu Road,416418,Gavali,812836,T20 Maitri Chashak Season 6,,1548996,League Matches,285804,Silverland SuperGiants,185/6,2485560,Enjoy Group,169/5,Toss: Enjoy Group opt to field,16 runs,Silverland SuperGiants,Resulted,0,0,2026-09-01T20:30:29.296971+00:00
9167642,Limited Overs,TENNIS,past,2024-01-06T02:27:29.000Z,2811,Dombivli,597956,Khoni Ground,845194,LSG CRICKET CLUB PREMIER LEAGUE 2024,,1594124,Super League,5626498,Fighters 11,86/4,5626511,Rockers 11,87/0,Toss: Rockers 11 opt to field,10 wickets,Rockers 11,Resulted,0,0,2026-09-01T20:30:29.296971+00:00
9167647,Limited Overs,TENNIS,past,2024-01-07T05:07:25.000Z,2811,Dombivli,597956,Khoni Ground,845194,LSG CRICKET CLUB PREMIER LEAGUE 2024,,1594124,Super League,5626498,Fighters 11,78/3,5626506,LSG 11 Indians,63/6,Toss: Fighters 11 opt to bat,15 runs,Fighters 11,Resulted,0,0,2026-09-01T20:30:29.296971+00:00
9174083,Limited Overs,TENNIS,past,2024-01-06T05:30:14.000Z,2811,Dombivli,597956,Khoni Ground,845194,LSG CRICKET CLUB PREMIER LEAGUE 2024,,1594124,Super League,5626498,Fighters 11,90/4,5626503,Crazy 11,77/6,Toss: Fighters 11 opt to bat,13 runs,Fighters 11,Resulted,0,0,2026-09-01T20:30:29.296971+00:00
9190430,Box Cricket,TENNIS,past,2024-01-07T11:27:04.000Z,2621,Pipariya,599844,The Geetanjali Lawn,848168,Maheshwari Premier League -1,,1599512,Semi Final,5723729,Triple M Blasters,64/6,5723749,Jawandhiya Jaabaz,65/2,Toss: Jawandhiya Jaabaz opt to field,6 wickets,Jawandhiya Jaabaz,Resulted,0,0,2026-09-01T20:30:29.296971+00:00
9204495,Limited Overs,TENNIS,past,2024-01-07T06:58:53.000Z,2811,Dombivli,597956,Khoni Ground,845194,LSG CRICKET CLUB PREMIER LEAGUE 2024,,1609528,Final,5626506,LSG 11 Indians,52/9,5626498,Fighters 11,53/1,Toss: LSG 11 Indians opt to bat,9 wickets,Fighters 11,Resulted,0,0,2026-09-01T20:30:29.296971+00:00
9215540,Box Cricket,TENNIS,past,2024-01-07T13:24:09.000Z,2621,Pipariya,599844,The Geetanjali Lawn,848168,Maheshwari Premier League -1,,1623955,Third Position,5723741,TLS Hurricanes,46/6,5723729,Triple M Blasters,47/1,Toss: TLS Hurricanes opt to bat,7 wickets,Triple M Blasters,Resulted,0,0,2026-09-01T20:30:29.296971+00:00
9219888,Limited Overs,TENNIS,past,2024-01-13T03:57:09.000Z,3003,Pune,188404,GK Silverland Residency PHASE 1,860496,SILVERLAND PREMEIR LEAGUE SEASON 4,,1628572,League Matches,5820817,SUPERGIANTS,60/6,5820807,TIGERS,62/1,Toss: TIGERS opt to field,5 wickets,TIGERS,Resulted,0,0,2026-09-01T20:30:29.296971+00:00
9219929,Limited Overs,TENNIS,past,2024-01-13T05:45:59.000Z,3003,Pune,188404,GK Silverland Residency PHASE 1,860496,SILVERLAND PREMEIR LEAGUE SEASON 4,,1628572,League Matches,5820788,KILLERS,92/0,5820817,SUPERGIANTS,62/5,Toss: SUPERGIANTS opt to field,30 runs,KILLERS,Resulted,0,0,2026-09-01T20:30:29.296971+00:00
9219972,Limited Overs,TENNIS,past,2024-01-13T06:23:21.000Z,3003,Pune,188404,GK Silverland Residency PHASE 1,860496,SILVERLAND PREMEIR LEAGUE SEASON 4,,1628572,League Matches,5820813,SPARTANS,52/6,5820817,SUPERGIANTS,55/3,Toss: SUPERGIANTS opt to field,4 wickets,SUPERGIANTS,Resulted,0,0,2026-09-01T20:30:29.296971+00:00
9220054,Limited Overs,TENNIS,past,2024-01-13T08:15:32.000Z,3003,Pune,188404,GK Silverland Residency PHASE 1,860496,SILVERLAND PREMEIR LEAGUE SEASON 4,,1628572,League Matches,5820817,SUPERGIANTS,95/2,5820807,TIGERS,79/6,Toss: TIGERS opt to field,16 runs,SUPERGIANTS,Resulted,0,0,2026-09-01T20:30:29.296971+00:00
9220096,Limited Overs,TENNIS,past,2024-01-13T10:41:35.000Z,3003,Pune,188404,GK Silverland Residency PHASE 1,860496,SILVERLAND PREMEIR LEAGUE SEASON 4,,1628572,League Matches,5820788,KILLERS,78/0,5820817,SUPERGIANTS,67/6,Toss: KILLERS opt to bat,11 runs,KILLERS,Resulted,0,0,2026-09-01T20:30:29.296971+00:00
9220154,Limited Overs,TENNIS,past,2024-01-13T12:06:22.000Z,3003,Pune,188404,GK Silverland Residency PHASE 1,860496,SILVERLAND PREMEIR LEAGUE SEASON 4,,1628572,League Matches,5820817,SUPERGIANTS,81/2,5820813,SPARTANS,82/1,Toss: SPARTANS opt to field,6 wickets,SPARTANS,Resulted,0,0,2026-09-01T20:30:29.296971+00:00
9220180,Limited Overs,TENNIS,past,2024-01-14T03:05:09.000Z,3003,Pune,188404,GK Silverland Residency PHASE 1,860496,SILVERLAND PREMEIR LEAGUE SEASON 4,,1628572,League Matches,5820817,SUPERGIANTS,84/0,5820813,SPARTANS,86/1,Toss: SPARTANS opt to field,6 wickets,SPARTANS,Resulted,0,0,2026-09-01T20:30:29.296971+00:00
9220198,Limited Overs,TENNIS,past,2024-01-14T04:49:10.000Z,3003,Pune,188404,GK Silverland Residency PHASE 1,860496,SILVERLAND PREMEIR LEAGUE SEASON 4,,1628572,League Matches,5820788,KILLERS,98/1,5820817,SUPERGIANTS,77/6,Toss: SUPERGIANTS opt to field,21 runs,KILLERS,Resulted,0,0,2026-09-01T20:30:29.296971+00:00
9220213,Limited Overs,TENNIS,past,2024-01-14T06:27:11.000Z,3003,Pune,188404,GK Silverland Residency PHASE 1,860496,SILVERLAND PREMEIR LEAGUE SEASON 4,,1628572,League Matches,5820807,TIGERS,88/1,5820817,SUPERGIANTS,62/4,Toss: SUPERGIANTS opt to field,26 runs,TIGERS,Resulted,0,0,2026-09-01T20:30:29.296971+00:00
9232061,Limited Overs,TENNIS,past,2024-01-14T05:26:55.000Z,2000,Nipani,287103,Shrinagar cricket ground,829960,Shri Nagar Premier League Season 6,,1562562,League Matches,5577496,Pratik Panthers,85/3,5577480,Kalpavriksha Restaurant,86/2,Toss: Pratik Panthers opt to bat,8 wickets,Kalpavriksha Restaurant,Resulted,0,0,2026-09-01T20:30:29.296971+00:00
9232154,Limited Overs,TENNIS,past,2024-01-14T07:36:14.000Z,2000,Nipani,287103,Shrinagar cricket ground,829960,Shri Nagar Premier League Season 6,,1562562,League Matches,5577459,REDDY BROTHERS,71/3,5577480,Kalpavriksha Restaurant,63/8,Toss: Kalpavriksha Restaurant opt to field,8 runs,REDDY BROTHERS,Resulted,0,0,2026-09-01T20:30:29.296971+00:00
9246532,Limited Overs,TENNIS,past,2024-01-09T17:38:19.000Z,3003,Pune,185934,Gk Silverland Reaidency,,,,,,5124299,Krantiveer,Yet to bat,2934845,Azad Darindey,Yet to bat,Toss: Krantiveer opt to bat,Abandoned,,Abandoned,0,0,2026-09-01T20:30:29.296971+00:00
9296158,Limited Overs,TENNIS,past,2024-01-13T03:07:40.000Z,79,Chechat,613030,khoni,,,,,,5893162,Gopal 11,121/5,5893216,Yogesh 11,112/7,Toss: Gopal 11 opt to bat,9 runs,Gopal 11,Resulted,0,0,2026-09-01T20:30:29.296971+00:00
9296651,Limited Overs,LEATHER,past,2024-01-13T05:28:51.000Z,3003,Pune,252079,22yards,,,,,,5893374,Team B,119/8,5893372,Team A,121/9,Toss: Team B opt to bat,1 wicket,Team A,Resulted,0,0,2026-09-01T20:30:29.296971+00:00
9352687,Limited Overs,LEATHER,past,2024-02-03T07:22:15.000Z,3003,Pune,23514,Varroc Cricket Academy Ground,834143,Ankur Joglekar Memorial Foundation In Association With IDeaS A SAS Company Presents 18th edition Of AJM 2023-24,,1579686,League Matches,5413969,Deutsche Bank,184/6,258612,PUBMATIC,128/7,Toss: Deutsche Bank opt to bat,56 runs,Deutsche Bank,Resulted,0,0,2026-09-01T20:30:29.296971+00:00
9377511,Limited Overs,LEATHER,past,2024-01-20T08:32:04.000Z,3003,Pune,456738,"30YCA Spark Cricket Ground, Jambhe",810083,30YCA Victory Cup(16 DEC Vijay Divas),,1542800,League Matches,4323345,Horizons Cricket Club,93/10,5314772,Aaryans CC,94/2,Toss: Horizons Cricket Club opt to bat,8 wickets,Aaryans CC,Resulted,0,0,2026-09-01T20:30:29.296971+00:00
9403206,Limited Overs,TENNIS,past,2024-01-21T06:57:46.000Z,3003,Pune,393914,kaveri nagar police line,854237,OPEN PREMIER LEAGUE,,1659534,League Matches,5932487,NV Warriors,101/4,5932490,WESTFORDIANS,87/1,Toss: NV Warriors opt to bat,14 runs,NV Warriors,Resulted,0,0,2026-09-01T20:30:29.296971+00:00
9403216,Limited Overs,TENNIS,past,2024-01-21T07:49:54.000Z,3003,Pune,393914,kaveri nagar police line,854237,OPEN PREMIER LEAGUE,,1659534,League Matches,5941263,100Hitters,63/4,5932490,WESTFORDIANS,69/2,Toss: 100Hitters opt to bat,4 wickets,WESTFORDIANS,Resulted,0,0,2026-09-01T20:30:29.296971+00:00
9403224,Limited Overs,TENNIS,past,2024-01-21T08:53:44.000Z,3003,Pune,393914,kaveri nagar police line,854237,OPEN PREMIER LEAGUE,,1659534,League Matches,1959614,SAMBHAV WARRIORS,85/1,5932490,WESTFORDIANS,39/2,Toss: WESTFORDIANS opt to field,46 runs,SAMBHAV WARRIORS,Resulted,0,0,2026-09-01T20:30:29.296971+00:00
9403243,Limited Overs,TENNIS,past,2024-01-21T10:10:25.000Z,3003,Pune,393914,kaveri nagar police line,854237,OPEN PREMIER LEAGUE,,1659534,League Matches,4043808,Shree Seva Cricket Club,167/0,5932490,WESTFORDIANS,61/2,Toss: Shree Seva Cricket Club opt to bat,106 runs,Shree Seva Cricket Club,Resulted,0,0,2026-09-01T20:30:29.296971+00:00
9421073,Limited Overs,TENNIS,past,2024-01-20T01:46:06.000Z,3003,Pune,282913,Cricathon Cricket Ground,,,,,,2681274,Khadki Royals,66/6,2238751,All Stars,70/4,Toss: Khadki Royals opt to bat,6 wickets,All Stars,Resulted,0,0,2026-09-01T20:30:29.296971+00:00
9422258,Limited Overs,TENNIS,past,2024-01-20T02:56:27.000Z,3003,Pune,599709, Scaleup cricket academy ,,,,,,2238751,All Stars,40/6,2681274,Khadki Royals,42/4,Toss: All Stars opt to bat,6 wickets,Khadki Royals,Resulted,0,0,2026-09-01T20:30:29.296971+00:00
9426207,Limited Overs,LEATHER,past,2024-04-20T09:40:59.000Z,3003,Pune,25806,"Masters Cricket Club Ground, Kolwadi",835778,VINTAGE SEASON 13  T-20 KOLWADI,,1662385,Super League,810983,MedicosUnited,58/10,1603754,Mavericks CC XI,60/6,Toss: MedicosUnited opt to bat,"6 wickets (DLS method - Match reduced to 20.0 overs, target 59 runs)",Mavericks CC XI,Resulted,1,0,2026-09-01T20:30:29.296971+00:00
9427008,Limited Overs,LEATHER,past,2024-05-04T03:57:38.000Z,3003,Pune,496562,MIT Loni,835778,VINTAGE SEASON 13  T-20 KOLWADI,,1662385,Super League,977909,Shivneri Cricket Club Gokhalenagar,182/6,810983,MedicosUnited,184/4,Toss: Shivneri Cricket Club Gokhalenagar opt to bat,6 wickets,MedicosUnited,Resulted,0,0,2026-09-01T20:30:29.296971+00:00
9478684,Box Cricket,TENNIS,past,2024-02-02T20:56:37.000Z,2811,Dombivli,323586,Palava Phase 2,881377,CRICKET LOVERS TOURNAMENT,,1672632,League Matches,5984602,Knight 11 - The Strikers,40/7,5984603,Knight 11 - The Fighter,27/6,Toss: Knight 11 - The Strikers opt to bat,13 runs,Knight 11 - The Strikers,Resulted,0,0,2026-09-01T20:30:29.296971+00:00
9478801,Box Cricket,TENNIS,past,2024-02-02T22:05:46.000Z,2811,Dombivli,323586,Palava Phase 2,881377,CRICKET LOVERS TOURNAMENT,,1672632,League Matches,5984603,Knight 11 - The Fighter,54/1,5984607,Knight 11 - Friends 11,30/3,Toss: Knight 11 - Friends 11 opt to field,24 runs,Knight 11 - The Fighter,Resulted,0,0,2026-09-01T20:30:29.296971+00:00
9478876,Box Cricket,TENNIS,past,2024-02-02T22:14:58.000Z,2811,Dombivli,323586,Palava Phase 2,881377,CRICKET LOVERS TOURNAMENT,,1672632,League Matches,5984605,Yuva 11,38/2,5984603,Knight 11 - The Fighter,15/2,Toss: Yuva 11 opt to bat,23 runs,Yuva 11,Resulted,0,0,2026-09-01T20:30:29.296971+00:00
9486992,Limited Overs,TENNIS,past,2024-01-26T04:17:38.000Z,2796,Dehu Road,416418,Gavali,812836,T20 Maitri Chashak Season 6,,1675237,Semi Final,285804,Silverland SuperGiants,214/7,5192334,DCC,181/8,Toss: DCC opt to field,33 runs,Silverland SuperGiants,Resulted,0,0,2026-09-01T20:30:29.296971+00:00
9542945,Limited Overs,TENNIS,past,2024-01-27T07:31:08.000Z,3003,Pune,393914,kaveri nagar police line,818507,WAKAD PREMIER LEAGUE (WPL) SEASON-7,,1540339,Super Knockout,3226870,NA Warriors,73/5,5954883,RC Warriors,74/3,Toss: RC Warriors opt to field,4 wickets,RC Warriors,Resulted,0,0,2026-09-01T20:30:29.296971+00:00
9544611,Limited Overs,TENNIS,past,2024-01-28T05:06:10.000Z,2796,Dehu Road,416418,Gavali,812836,T20 Maitri Chashak Season 6,,1685619,Final,285804,Silverland SuperGiants,219/3,3839355,Jay Bhawani Mamurdi,166/9,Toss: Jay Bhawani Mamurdi opt to field,53 runs,Silverland SuperGiants,Resulted,0,0,2026-09-01T20:30:29.296971+00:00
9566475,Limited Overs,TENNIS,past,2024-01-28T05:09:59.000Z,3003,Pune,302433,Jagadguru Sports Club,857248,REPUBLIC CUP,,1617315,League Matches,4046863,HINDAVI SWARAJYA,63/3,5566722,Alif Warriors,37/3,Toss: HINDAVI SWARAJYA opt to bat,26 runs,HINDAVI SWARAJYA,Resulted,0,0,2026-09-01T20:30:29.296971+00:00
9566494,Limited Overs,TENNIS,past,2024-01-28T05:37:14.000Z,3003,Pune,302433,Jagadguru Sports Club,857248,REPUBLIC CUP,,1617315,League Matches,4046863,HINDAVI SWARAJYA,23/6,5837232,The Avengers,22/6,Toss: HINDAVI SWARAJYA opt to bat,1 run,HINDAVI SWARAJYA,Resulted,0,0,2026-09-01T20:30:29.296971+00:00
9572877,Limited Overs,TENNIS,past,2024-01-28T02:04:01.000Z,3003,Pune,262327,Kokate Cricket Academy,,,,,,2238751,All Stars,67/1,2681274,Khadki Royals,69/1,Toss: Khadki Royals opt to field,9 wickets,Khadki Royals,Resulted,0,0,2026-09-01T20:30:29.296971+00:00
9574904,Limited Overs,TENNIS,past,2024-01-28T02:56:27.000Z,3003,Pune,262327,Kokate Cricket Academy,,,,,,2681274,Khadki Royals,100/5,2238751,All Stars,68/7,Toss: Khadki Royals opt to bat,32 runs,Khadki Royals,Resulted,0,0,2026-09-01T20:30:29.296971+00:00
9594325,Limited Overs,TENNIS,past,2024-01-28T11:11:59.000Z,3003,Pune,302433,Jagadguru Sports Club,857248,REPUBLIC CUP,,1692911,Quarter Final,4046863,HINDAVI SWARAJYA,34/5,5855014,Nawab XI,10/6,Toss: Nawab XI opt to field,24 runs,HINDAVI SWARAJYA,Resulted,0,0,2026-09-01T20:30:29.296971+00:00
9595482,Limited Overs,TENNIS,past,2024-01-28T11:58:13.000Z,3003,Pune,302433,Jagadguru Sports Club,857248,REPUBLIC CUP,,1693188,Semi Final,5663210,The Ball Burners,26/4,4046863,HINDAVI SWARAJYA,27/3,Toss: The Ball Burners opt to bat,3 wickets,HINDAVI SWARAJYA,Resulted,0,0,2026-09-01T20:30:29.296971+00:00
9596697,Limited Overs,LEATHER,past,2024-02-03T04:07:00.000Z,3003,Pune,220312,Urawde,866914,Winter Cup 2 By PS,,1693488,League Matches,4232251,Centurion Cricketers,136/4,3507332,Legends United,138/7,Toss: Legends United opt to field,3 wickets,Legends United,Resulted,0,0,2026-09-01T20:30:29.296971+00:00
9596923,Limited Overs,TENNIS,past,2024-01-28T13:12:37.000Z,3003,Pune,302433,Jagadguru Sports Club,857248,REPUBLIC CUP,,1693539,Final,4046863,HINDAVI SWARAJYA,21/3,3272280,Jagdambh,24/0,Toss: Jagdambh opt to field,6 wickets,Jagdambh,Resulted,0,0,2026-09-01T20:30:29.296971+00:00
9609765,Limited Overs,LEATHER,past,2024-02-03T08:22:30.000Z,3003,Pune,406981,"30YCA Cricket Ground, Chandkhed",828648,30YCA CricX CPL2.0,,1636870,League Matches,3515421,Hawk Hunters,136/6,4323345,Horizons Cricket Club,89/7,Toss: Horizons Cricket Club opt to field,47 runs,Hawk Hunters,Resulted,0,0,2026-09-01T20:30:29.296971+00:00
9634671,Limited Overs,TENNIS,past,2024-02-03T03:28:44.000Z,3003,Pune,543349,Sportz Square Arena,895956,Friendship Bond,,1700255,Round One,6037820,Super Kings,78/2,6102190,Dream Crusher,64/5,Toss: Super Kings opt to bat,14 runs,Super Kings,Resulted,0,0,2026-09-01T20:30:29.296971+00:00
9662794,Limited Overs,TENNIS,past,2024-02-03T02:21:31.000Z,3003,Pune,42688,Jolly Ground,,,,,,285804,Silverland SuperGiants,95/6,5997495,Rising Warriors Pune,86/5,Toss: Rising Warriors Pune opt to field,9 runs,Silverland SuperGiants,Resulted,0,0,2026-09-01T20:30:29.296971+00:00
9663107,Limited Overs,TENNIS,past,2024-02-03T10:58:59.000Z,3003,Pune,36645,embassy tech zone,895669,Rockwell Cricket League 2024 (Mens),,1702095,League Matches,6110271,Team Phoenix,126/1,6101673,RA Spartans,94/6,Toss: RA Spartans opt to field,32 runs,Team Phoenix,Resulted,0,0,2026-09-01T20:30:29.296971+00:00
9664486,Limited Overs,TENNIS,past,2024-02-03T03:51:04.000Z,3003,Pune,42688,Jolly Ground,,,,,,285804,Silverland SuperGiants,100/5,5997495,Rising Warriors Pune,51/7,Toss: Silverland SuperGiants opt to bat,49 runs,Silverland SuperGiants,Resulted,0,0,2026-09-01T20:30:29.296971+00:00
9664845,Limited Overs,TENNIS,past,2024-02-03T04:09:24.000Z,3003,Pune,543349,Sportz Square Arena,895956,Friendship Bond,,1700261,Round Two,6037820,Super Kings,39/6,6102190,Dream Crusher,40/1,Toss: Super Kings opt to bat,6 wickets,Dream Crusher,Resulted,0,0,2026-09-01T20:30:29.296971+00:00
9665440,Limited Overs,TENNIS,past,2024-02-03T04:41:58.000Z,3003,Pune,543349,Sportz Square Arena,895956,Friendship Bond,,1705881,Final,6102190,Dream Crusher,45/6,6037820,Super Kings,46/4,Toss: Dream Crusher opt to bat,3 wickets,Super Kings,Resulted,0,0,2026-09-01T20:30:29.296971+00:00
9680444,Limited Overs,TENNIS,past,2024-02-04T08:13:50.000Z,3003,Pune,36645,embassy tech zone,895669,Rockwell Cricket League 2024 (Mens),,1702095,League Matches,6103577,RA COE GIANTS,154/2,6110271,Team Phoenix,64/5,Toss: RA COE GIANTS opt to bat,90 runs,RA COE GIANTS,Resulted,0,0,2026-09-01T20:30:29.296971+00:00
9711952,Limited Overs,LEATHER,past,2024-02-10T04:33:03.000Z,3003,Pune,59762,Barne Academy Ground Pusane,810083,30YCA Victory Cup(16 DEC Vijay Divas),,1542800,League Matches,3096792,BRAVEHEART WARRIORS CLUB,163/8,4323345,Horizons Cricket Club,98/10,Toss: BRAVEHEART WARRIORS CLUB opt to bat,65 runs,BRAVEHEART WARRIORS CLUB,Resulted,0,0,2026-09-01T20:30:29.296971+00:00
9731140,Limited Overs,LEATHER,past,2024-05-25T08:46:57.000Z,3003,Pune,279075,Virag Cricket Ground Wadki,749538,CORPORATE KINGDOM SEASON 2,,1465148,Super League,921956,ACC Forever,115/10,810983,MedicosUnited,116/6,Toss: ACC Forever opt to bat,4 wickets,MedicosUnited,Resulted,0,0,2026-09-01T20:30:29.296971+00:00
9731268,Limited Overs,LEATHER,past,2024-05-26T03:43:00.000Z,3003,Pune,12228,MIT College Ground,749538,CORPORATE KINGDOM SEASON 2,,1465148,Super League,4028345,Black Panthers,211/5,810983,MedicosUnited,166/10,Toss: MedicosUnited opt to field,45 runs,Black Panthers,Resulted,0,0,2026-09-01T20:30:29.296971+00:00
9748982,Limited Overs,TENNIS,past,2024-02-24T03:49:58.000Z,3003,Pune,309026,"Sachin Ghotkule Cricket Ground, Adhle",904828,Friendship Cup - League 1 - 24th Feb,,1720261,League Matches,2341773,MASTER BLASTER,79/4,2681274,Khadki Royals,79/5,Toss: Khadki Royals opt to field,Tie,,Tie,0,0,2026-09-01T20:30:29.296971+00:00
9749056,Limited Overs,TENNIS,past,2024-02-24T09:23:56.000Z,3003,Pune,309026,"Sachin Ghotkule Cricket Ground, Adhle",904828,Friendship Cup - League 1 - 24th Feb,,1720261,League Matches,2681274,Khadki Royals,64/2,4089065,Komti Warriors,66/4,Toss: Komti Warriors opt to field,6 wickets,Komti Warriors,Resulted,0,0,2026-09-01T20:30:29.296971+00:00
9749088,Limited Overs,TENNIS,past,2024-03-03T04:50:47.000Z,3003,Pune,262327,Kokate Cricket Academy,904831,Friendship Cup - League 2 - 3rd March,,1720276,League Matches,2681274,Khadki Royals,93/6,2341773,MASTER BLASTER,65/5,Toss: MASTER BLASTER opt to field,28 runs,Khadki Royals,Resulted,0,0,2026-09-01T20:30:29.296971+00:00
9749101,Limited Overs,TENNIS,past,2024-03-03T06:02:20.000Z,3003,Pune,262327,Kokate Cricket Academy,904831,Friendship Cup - League 2 - 3rd March,,1720276,League Matches,2681274,Khadki Royals,81/4,4089065,Komti Warriors,85/4,Toss: Khadki Royals opt to bat,6 wickets,Komti Warriors,Resulted,0,0,2026-09-01T20:30:29.296971+00:00
9775947,Limited Overs,TENNIS,past,2024-02-11T04:30:18.000Z,3003,Pune,393914,kaveri nagar police line,905633,Open Premiere League S-2,,1725176,League Matches,6191929,Bajrang Dal,81/1,6184696,W SUPER KINGS,82/1,Toss: W SUPER KINGS opt to field,5 wickets,W SUPER KINGS,Resulted,0,0,2026-09-01T20:30:29.296971+00:00
9775999,Limited Overs,TENNIS,past,2024-02-11T03:26:38.000Z,3003,Pune,393914,kaveri nagar police line,905633,Open Premiere League S-2,,1725176,League Matches,6181869,Black Strikers,89/2,6184696,W SUPER KINGS,76/5,Toss: W SUPER KINGS opt to field,13 runs,Black Strikers,Resulted,0,0,2026-09-01T20:30:29.296971+00:00
9776047,Limited Overs,TENNIS,past,2024-02-11T05:46:23.000Z,3003,Pune,393914,kaveri nagar police line,905633,Open Premiere League S-2,,1725176,League Matches,6178714,TYG,63/1,6184696,W SUPER KINGS,33/6,Toss: W SUPER KINGS opt to field,30 runs,TYG,Resulted,0,0,2026-09-01T20:30:29.296971+00:00
9777174,Limited Overs,TENNIS,past,2024-02-10T03:39:27.000Z,3003,Pune,395390,"SP Sports, Rangla Punjab, Pimple Saudagar",907918,Jai Ho,,1725331,Round One,6037820,Super Kings,54/2,6102190,Dream Crusher,49/2,Toss: Super Kings opt to bat,5 runs,Super Kings,Resulted,0,0,2026-09-01T20:30:29.296971+00:00
9777895,Limited Overs,TENNIS,past,2024-02-10T04:09:49.000Z,3003,Pune,395390,"SP Sports, Rangla Punjab, Pimple Saudagar",907918,Jai Ho,,1725476,Round Two,6037820,Super Kings,52/2,6102190,Dream Crusher,45/3,Toss: Super Kings opt to bat,7 runs,Super Kings,Resulted,0,0,2026-09-01T20:30:29.296971+00:00
9778765,Limited Overs,TENNIS,past,2024-02-10T04:38:15.000Z,3003,Pune,395390,"SP Sports, Rangla Punjab, Pimple Saudagar",907918,Jai Ho,,1725554,Round Three,6037820,Super Kings,41/5,6102190,Dream Crusher,47/3,Toss: Super Kings opt to bat,2 wickets,Dream Crusher,Resulted,0,0,2026-09-01T20:30:29.296971+00:00
9779498,Limited Overs,TENNIS,past,2024-02-10T05:08:19.000Z,3003,Pune,395390,"SP Sports, Rangla Punjab, Pimple Saudagar",907918,Jai Ho,,1725654,Final,6102190,Dream Crusher,57/4,6037820,Super Kings,60/3,Toss: Dream Crusher opt to bat,7 wickets,Super Kings,Resulted,0,0,2026-09-01T20:30:29.296971+00:00
9784825,Limited Overs,TENNIS,past,2024-02-11T02:50:55.000Z,3003,Pune,625414,22 Yard Cricket Ground Bhugaon,908202,Royals Vs Mawla,,1725974,Super League,2681274,Khadki Royals,94/5,603833,Sinhagad Mavla,72/6,Toss: Sinhagad Mavla opt to field,22 runs,Khadki Royals,Resulted,0,0,2026-09-01T20:30:29.296971+00:00
9784860,Limited Overs,TENNIS,past,2024-02-11T04:21:40.000Z,3003,Pune,625414,22 Yard Cricket Ground Bhugaon,908202,Royals Vs Mawla,,1725974,Super League,603833,Sinhagad Mavla,98/8,2681274,Khadki Royals,56/10,Toss: Sinhagad Mavla opt to bat,42 runs,Sinhagad Mavla,Resulted,0,0,2026-09-01T20:30:29.296971+00:00
9790986,Box Cricket,TENNIS,past,2024-02-11T13:28:26.000Z,3003,Pune,361773,"Ranvijay Sports Club, Balewadi",905861,Ranvijay Half Pitch Cricket Tournament,,1727242,League Matches,4046863,HINDAVI SWARAJYA,125/3,6179159,SAIRAJ WARRIORS,39/2,Toss: SAIRAJ WARRIORS opt to field,86 runs,HINDAVI SWARAJYA,Resulted,0,0,2026-09-01T20:30:29.296971+00:00
9791140,Box Cricket,TENNIS,past,2024-02-11T14:53:16.000Z,3003,Pune,361773,"Ranvijay Sports Club, Balewadi",905861,Ranvijay Half Pitch Cricket Tournament,,1727242,League Matches,4046863,HINDAVI SWARAJYA,128/0,6195477,Candorians Cricket Club,48/1,Toss: HINDAVI SWARAJYA opt to bat,80 runs,HINDAVI SWARAJYA,Resulted,0,0,2026-09-01T20:30:29.296971+00:00
9791310,Box Cricket,TENNIS,past,2024-02-11T15:44:04.000Z,3003,Pune,361773,"Ranvijay Sports Club, Balewadi",905861,Ranvijay Half Pitch Cricket Tournament,,1727242,League Matches,4043808,Shree Seva Cricket Club,87/1,4046863,HINDAVI SWARAJYA,63/2,Toss: HINDAVI SWARAJYA opt to field,24 runs,Shree Seva Cricket Club,Resulted,0,0,2026-09-01T20:30:29.296971+00:00
9791355,Box Cricket,TENNIS,past,2024-02-11T16:12:31.000Z,3003,Pune,361773,"Ranvijay Sports Club, Balewadi",905861,Ranvijay Half Pitch Cricket Tournament,,1727242,League Matches,6187685,Survivors,40/3,4046863,HINDAVI SWARAJYA,41/1,Toss: Survivors opt to bat,5 wickets,HINDAVI SWARAJYA,Resulted,0,0,2026-09-01T20:30:29.296971+00:00
9794930,Limited Overs,TENNIS,past,2024-02-11T01:58:54.000Z,2796,Dehu Road,416418,Gavali,897979,T20 Maitri Chashak Season 7,,1720009,League Matches,285804,Silverland SuperGiants,211/8,2485560,Enjoy Group,212/6,Toss: Enjoy Group opt to field,4 wickets,Enjoy Group,Resulted,0,0,2026-09-01T20:30:29.296971+00:00
9828622,Box Cricket,TENNIS,past,2024-02-11T17:23:43.000Z,3003,Pune,361773,"Ranvijay Sports Club, Balewadi",905861,Ranvijay Half Pitch Cricket Tournament,,1733377,Semi Final,5040063,Shivrudr,63/3,4046863,HINDAVI SWARAJYA,64/1,Toss: HINDAVI SWARAJYA opt to field,5 wickets,HINDAVI SWARAJYA,Resulted,0,0,2026-09-01T20:30:29.296971+00:00
9829307,Box Cricket,TENNIS,past,2024-02-11T18:28:00.000Z,3003,Pune,361773,"Ranvijay Sports Club, Balewadi",905861,Ranvijay Half Pitch Cricket Tournament,,1733543,Final,6199947,ABStars,80/4,4046863,HINDAVI SWARAJYA,57/1,Toss: HINDAVI SWARAJYA opt to field,23 runs,ABStars,Resulted,0,0,2026-09-01T20:30:29.296971+00:00
9838505,Limited Overs,LEATHER,past,2024-02-25T08:38:00.000Z,3003,Pune,409201,"Walke Sports Ground, Bhosari Alandi Road",846147,30YCA CricX Blaster 2.0,,1638690,League Matches,1462629,AVENGERS CRICKET CLUB,236/4,4323345,Horizons Cricket Club,129/10,Toss: AVENGERS CRICKET CLUB opt to bat,107 runs,AVENGERS CRICKET CLUB,Resulted,0,0,2026-09-01T20:30:29.296971+00:00
9845337,Limited Overs,TENNIS,past,2024-02-18T03:18:13.000Z,2811,Dombivli,597956,Khoni Ground,903445,LSG  Cricket Club Premier League 2024,,1716676,Super League,6160776,Fighter 11,68/4,6160775,Veera Super Kings,64/5,Toss: Veera Super Kings opt to field,4 runs,Fighter 11,Resulted,0,0,2026-09-01T20:30:29.296971+00:00
9845339,Limited Overs,TENNIS,past,2024-02-18T05:23:43.000Z,2811,Dombivli,597956,Khoni Ground,903445,LSG  Cricket Club Premier League 2024,,1716676,Super League,6160779,Aarambh,75/6,6160776,Fighter 11,44/6,Toss: Aarambh opt to bat,31 runs,Aarambh,Resulted,0,0,2026-09-01T20:30:29.296971+00:00
9847973,Limited Overs,TENNIS,past,2024-02-24T07:12:11.000Z,3003,Pune,309026,"Sachin Ghotkule Cricket Ground, Adhle",904828,Friendship Cup - League 1 - 24th Feb,,1720261,League Matches,6229382,AV Smashers,66/5,2681274,Khadki Royals,70/2,Toss: AV Smashers opt to bat,8 wickets,Khadki Royals,Resulted,0,0,2026-09-01T20:30:29.296971+00:00
9848262,Limited Overs,TENNIS,past,2024-03-03T09:46:17.000Z,3003,Pune,262327,Kokate Cricket Academy,904831,Friendship Cup - League 2 - 3rd March,,1720276,League Matches,6229382,AV Smashers,99/5,2681274,Khadki Royals,104/5,Toss: AV Smashers opt to bat,5 wickets,Khadki Royals,Resulted,0,0,2026-09-01T20:30:29.296971+00:00
9849402,Limited Overs,LEATHER,past,2024-03-02T08:08:00.000Z,3003,Pune,220312,Urawde,866914,Winter Cup 2 By PS,,1693488,League Matches,5974915,Hawks Cricket Club,141/5,3507332,Legends United,147/3,Toss: Hawks Cricket Club opt to bat,7 wickets,Legends United,Resulted,0,0,2026-09-01T20:30:29.296971+00:00
9887058,Limited Overs,TENNIS,past,2024-02-17T09:16:00.000Z,2796,Dehu Road,416418,Gavali,897979,T20 Maitri Chashak Season 7,,1720009,League Matches,285804,Silverland SuperGiants,236/6,3085833,MVS Smashers,177/8,Toss: Silverland SuperGiants opt to bat,59 runs,Silverland SuperGiants,Resulted,0,0,2026-09-01T20:30:29.296971+00:00
9900807,Limited Overs,TENNIS,past,2024-02-17T04:49:31.000Z,3003,Pune,593226,Sportzy Arena,915427,Shivadevotees Box Cricket Tournament,,1745183,League Matches,6184696,W SUPER KINGS,58/2,5853219,Super 7,54/3,Toss: Super 7 opt to field,4 runs,W SUPER KINGS,Resulted,0,0,2026-09-01T20:30:29.296971+00:00
9901699,Box Cricket,TENNIS,past,2024-02-17T05:32:21.000Z,3003,Pune,593226,Sportzy Arena,915427,Shivadevotees Box Cricket Tournament,,1745183,League Matches,6184696,W SUPER KINGS,83/1,6062869,Mantra Super Kings,55/2,Toss: W SUPER KINGS opt to bat,28 runs,W SUPER KINGS,Resulted,0,0,2026-09-01T20:30:29.296971+00:00
9902402,Box Cricket,TENNIS,past,2024-02-17T06:11:11.000Z,3003,Pune,593226,Sportzy Arena,915427,Shivadevotees Box Cricket Tournament,,1745183,League Matches,6184696,W SUPER KINGS,52/0,6255193,Hindutva Sports Club,46/1,Toss: W SUPER KINGS opt to bat,6 runs,W SUPER KINGS,Resulted,0,0,2026-09-01T20:30:29.296971+00:00
9931169,Box Cricket,TENNIS,past,2024-02-18T07:52:52.000Z,3003,Pune,593226,Sportzy Arena,915427,Shivadevotees Box Cricket Tournament,,1749646,Pre Quarter Final,6184696,W SUPER KINGS,68/2,6254843,ZiCo WARRIOR,57/2,Toss: W SUPER KINGS opt to bat,11 runs,W SUPER KINGS,Resulted,0,0,2026-09-01T20:30:29.296971+00:00
9933054,Limited Overs,TENNIS,past,2024-02-18T09:00:12.000Z,2811,Dombivli,597956,Khoni Ground,903445,LSG  Cricket Club Premier League 2024,,1736345,Semi Final,6160776,Fighter 11,60/4,6160765,Palava Warriors,31/4,Toss: Fighter 11 opt to bat,29 runs,Fighter 11,Resulted,0,0,2026-09-01T20:30:29.296971+00:00
9936758,Limited Overs,TENNIS,past,2024-02-18T11:01:44.000Z,2811,Dombivli,597956,Khoni Ground,903445,LSG  Cricket Club Premier League 2024,,1736346,Final,6160776,Fighter 11,50/4,6160768,LSG Blaster,51/2,Toss: Fighter 11 opt to bat,8 wickets,LSG Blaster,Resulted,0,0,2026-09-01T20:30:29.296971+00:00
9937889,Box Cricket,TENNIS,past,2024-02-18T11:39:51.000Z,3003,Pune,593226,Sportzy Arena,915427,Shivadevotees Box Cricket Tournament,,1750689,Quarter Final,6184696,W SUPER KINGS,48/2,6267777,Pavana Super Kings,54/0,Toss: W SUPER KINGS opt to bat,7 wickets,Pavana Super Kings,Resulted,0,0,2026-09-01T20:30:29.296971+00:00
9975509,Limited Overs,TENNIS,past,2024-03-09T05:49:03.000Z,3003,Pune,129163,Impetus turf wakad,919976,MVS Premier League Season 3,,1757551,League Matches,6290769,Sugreev Shakti Superstars,42/5,6299519,Ayodhya Adbhut Avengers,44/3,Toss: Ayodhya Adbhut Avengers opt to field,3 wickets,Ayodhya Adbhut Avengers,Resulted,0,0,2026-09-01T20:30:29.296971+00:00
9975511,Limited Overs,TENNIS,past,2024-03-09T06:33:02.000Z,3003,Pune,129163,Impetus turf wakad,919976,MVS Premier League Season 3,,1757551,League Matches,6290546,Veer Hanuman Hitters,53/4,6290769,Sugreev Shakti Superstars,54/1,Toss: Sugreev Shakti Superstars opt to field,5 wickets,Sugreev Shakti Superstars,Resulted,0,0,2026-09-01T20:30:29.296971+00:00
9975512,Limited Overs,TENNIS,past,2024-03-10T05:22:06.000Z,3003,Pune,129163,Impetus turf wakad,919976,MVS Premier League Season 3,,1757551,League Matches,6305049,Vanar Sena Gladiators,20/6,6290769,Sugreev Shakti Superstars,22/1,Toss: Sugreev Shakti Superstars opt to field,5 wickets,Sugreev Shakti Superstars,Resulted,0,0,2026-09-01T20:30:29.296971+00:00
9986876,Limited Overs,LEATHER,past,2024-03-30T04:41:40.000Z,3003,Pune,253255,Veerangan Cricket Academy,914203,STALLIONS CUP 2024,,1756261,League Matches,3507332,Legends United,107/10,885618,Pharma 11 A,111/5,Toss: Legends United opt to bat,5 wickets,Pharma 11 A,Resulted,0,0,2026-09-01T20:30:29.296971+00:00
9989866,Limited Overs,TENNIS,past,2024-02-24T05:58:25.000Z,3003,Pune,454410,30 Yard CRICKET  GROUND  WAKAD,845279,PCPL Season 2,,1758423,Round Two,5783878,Atlante Challengers,110/3,3226556,Horizons Incredibles,105/3,Toss: Horizons Incredibles opt to field,5 runs,Atlante Challengers,Resulted,0,0,2026-09-01T20:30:29.296971+00:00
9997441,Limited Overs,TENNIS,past,2024-02-24T02:30:33.000Z,2796,Dehu Road,474352,Thomas Colony,897979,T20 Maitri Chashak Season 7,,1720009,League Matches,285804,Silverland SuperGiants,198/6,3383051,Morya Fighters,200/5,Toss: Morya Fighters opt to field,6 wickets,Morya Fighters,Resulted,0,0,2026-09-01T20:30:29.296971+00:00
9997507,Limited Overs,TENNIS,past,2024-02-25T09:30:41.000Z,2796,Dehu Road,416418,Gavali,897979,T20 Maitri Chashak Season 7,,1720009,League Matches,285804,Silverland SuperGiants,194/5,6165860,Jay Bhawani Mamurdi Gaon,161/8,Toss: Silverland SuperGiants opt to bat,33 runs,Silverland SuperGiants,Resulted,0,0,2026-09-01T20:30:29.296971+00:00
9999926,Limited Overs,LEATHER,past,2024-03-03T02:20:34.000Z,3003,Pune,406981,"30YCA Cricket Ground, Chandkhed",828648,30YCA CricX CPL2.0,,1636870,League Matches,2141371,Cricathon Sports Club,142/7,4323345,Horizons Cricket Club,143/3,Toss: Cricathon Sports Club opt to bat,7 wickets,Horizons Cricket Club,Resulted,0,0,2026-09-01T20:30:29.296971+00:00
10011340,Limited Overs,LEATHER,past,2024-02-24T03:54:39.000Z,3003,Pune,569134,"kings sports club ,dhanori ",,,,,,3507332,Legends United,214/6,6130012,Tritons,173/10,Toss: Legends United opt to bat,41 runs,Legends United,Resulted,0,0,2026-09-01T20:30:29.296971+00:00
10090860,Box Cricket,TENNIS,past,2024-03-02T14:55:09.000Z,2811,Dombivli,635433,Hydutane,926717,CRS Turf Cricket Tournament - 3rd Edition (Night),,1776393,League Matches,6356239,Miracle Boys,63/7,6356201,Sexy Boys,64/4,Toss: Sexy Boys opt to field,6 wickets,Sexy Boys,Resulted,0,0,2026-09-01T20:30:29.296971+00:00
10090903,Box Cricket,TENNIS,past,2024-03-02T17:17:22.000Z,2811,Dombivli,635433,Hydutane,926717,CRS Turf Cricket Tournament - 3rd Edition (Night),,1776393,League Matches,6356201,Sexy Boys,92/5,6352066,Pranika 11,85/5,Toss: Pranika 11 opt to field,7 runs,Sexy Boys,Resulted,0,0,2026-09-01T20:30:29.296971+00:00
10117832,Box Cricket,TENNIS,past,2024-03-02T05:30:32.000Z,2947,Mumbai,478751,"Vasant Dada Patil Turf, Chunabhatti Sion",929096,NeoSOFT Box cricket (M) 2024,,1774939,League Matches,6365536,Neo Titans,33/5,6361171,Testing Titans,36/3,Toss: Testing Titans opt to field,4 wickets,Testing Titans,Resulted,0,0,2026-09-01T20:30:29.296971+00:00
10120677,Limited Overs,TENNIS,past,2024-03-03T04:33:30.000Z,3003,Pune,221429,Maidan turf,932608,Kondhwa Cricket Tournament 2024,,1780574,League Matches,6384750,Eshanya Commerce Classes,122/4,6385812,RJ Challengers,48/8,Toss: RJ Challengers opt to field,74 runs,Eshanya Commerce Classes,Resulted,0,0,2026-09-01T20:30:29.296971+00:00
10120710,Box Cricket,TENNIS,past,2024-03-03T07:53:11.000Z,3003,Pune,221429,Maidan turf,932608,Kondhwa Cricket Tournament 2024,,1780574,League Matches,6350653,Akshay Oswal warriors,91/6,6384750,Eshanya Commerce Classes,97/3,Toss: Eshanya Commerce Classes opt to field,5 wickets,Eshanya Commerce Classes,Resulted,0,0,2026-09-01T20:30:29.296971+00:00
10120756,Box Cricket,TENNIS,past,2024-03-03T11:30:15.000Z,3003,Pune,221429,Maidan turf,932608,Kondhwa Cricket Tournament 2024,,1780574,League Matches,6385798,SJ Loans Champions,88/5,6384750,Eshanya Commerce Classes,92/6,Toss: SJ Loans Champions opt to bat,2 wickets,Eshanya Commerce Classes,Resulted,0,0,2026-09-01T20:30:29.296971+00:00
10120782,Box Cricket,TENNIS,past,2024-03-03T13:40:14.000Z,3003,Pune,221429,Maidan turf,932608,Kondhwa Cricket Tournament 2024,,1780574,League Matches,6350656,Parth Enforces,61/5,6384750,Eshanya Commerce Classes,62/5,Toss: Eshanya Commerce Classes opt to field,3 wickets,Eshanya Commerce Classes,Resulted,0,0,2026-09-01T20:30:29.296971+00:00
10121036,Limited Overs,TENNIS,past,2024-03-02T05:33:19.000Z,3003,Pune,240284,D N Parande,916889,Challengers Cup 2024,,1776033,League Matches,4046863,HINDAVI SWARAJYA,91/1,6367717,Club Daku,56/5,Toss: HINDAVI SWARAJYA opt to bat,35 runs,HINDAVI SWARAJYA,Resulted,0,0,2026-09-01T20:30:29.296971+00:00
10121052,Limited Overs,TENNIS,past,2024-03-02T06:31:07.000Z,3003,Pune,240284,D N Parande,916889,Challengers Cup 2024,,1776033,League Matches,4046863,HINDAVI SWARAJYA,66/1,6377326,SUPER 7,28/2,Toss: HINDAVI SWARAJYA opt to bat,38 runs,HINDAVI SWARAJYA,Resulted,0,0,2026-09-01T20:30:29.296971+00:00
10121301,Limited Overs,TENNIS,past,2024-03-02T06:36:52.000Z,3003,Pune,448036,Vit Pune,931815,VISHWAKARANDAK 2K24,,1779089,Super Knockout,6379274,IT-AI-B,81/3,6379350,DESH-E,52/4,Toss: IT-AI-B opt to bat,29 runs,IT-AI-B,Resulted,0,0,2026-09-01T20:30:29.296971+00:00
10128493,Limited Overs,TENNIS,past,2024-03-02T06:25:55.000Z,3003,Pune,240284,D N Parande,916889,Challengers Cup 2024,,1780448,Quarter Final,4046863,HINDAVI SWARAJYA,75/1,6367698,Straw hat,30/4,Toss: Straw hat opt to field,45 runs,HINDAVI SWARAJYA,Resulted,0,0,2026-09-01T20:30:29.296971+00:00
10136479,Box Cricket,TENNIS,past,2024-03-03T15:50:06.000Z,3003,Pune,361773,"Ranvijay Sports Club, Balewadi",931118,Ranvijay Half Pitch Box Cricket Tournament ,,1784052,League Matches,4046863,HINDAVI SWARAJYA,127/2,6374507,Omega Super kings,28/2,Toss: Omega Super kings opt to field,99 runs,HINDAVI SWARAJYA,Resulted,0,0,2026-09-01T20:30:29.296971+00:00
10136495,Box Cricket,TENNIS,past,2024-03-03T16:16:32.000Z,3003,Pune,361773,"Ranvijay Sports Club, Balewadi",931118,Ranvijay Half Pitch Box Cricket Tournament ,,1784052,League Matches,4046863,HINDAVI SWARAJYA,119/0,6376939,Sunderland Champs,50/3,Toss: HINDAVI SWARAJYA opt to bat,69 runs,HINDAVI SWARAJYA,Resulted,0,0,2026-09-01T20:30:29.296971+00:00
10136527,Box Cricket,TENNIS,past,2024-03-03T17:06:53.000Z,3003,Pune,361773,"Ranvijay Sports Club, Balewadi",931118,Ranvijay Half Pitch Box Cricket Tournament ,,1784052,League Matches,4046863,HINDAVI SWARAJYA,78/2,5794748,Baner Kings,17/4,Toss: HINDAVI SWARAJYA opt to bat,61 runs,HINDAVI SWARAJYA,Resulted,0,0,2026-09-01T20:30:29.296971+00:00
10136657,Box Cricket,TENNIS,past,2024-03-03T18:16:52.000Z,3003,Pune,361773,"Ranvijay Sports Club, Balewadi",931118,Ranvijay Half Pitch Box Cricket Tournament ,,1784052,League Matches,4230638,Avengers,56/3,4046863,HINDAVI SWARAJYA,59/4,Toss: HINDAVI SWARAJYA opt to field,2 wickets,HINDAVI SWARAJYA,Resulted,0,0,2026-09-01T20:30:29.296971+00:00
10140746,Limited Overs,TENNIS,past,2024-03-03T08:13:38.000Z,3003,Pune,448036,Vit Pune,931815,VISHWAKARANDAK 2K24,,1779089,Super Knockout,6379274,IT-AI-B,53/5,6379333,IPM-A,57/2,Toss: IPM-A opt to field,5 wickets,IPM-A,Resulted,0,0,2026-09-01T20:30:29.296971+00:00
10162423,Limited Overs,TENNIS,past,2024-03-03T11:03:24.000Z,3003,Pune,262327,Kokate Cricket Academy,904831,Friendship Cup - League 2 - 3rd March,,1720277,Final,4089065,Komti Warriors,50/6,2681274,Khadki Royals,Yet to bat,Toss: Khadki Royals opt to field,"33 wickets (Ffff
)",Khadki Royals,Resulted,0,0,2026-09-01T20:30:29.296971+00:00
10167049,Box Cricket,TENNIS,past,2024-03-03T15:31:41.000Z,3003,Pune,221429,Maidan turf,932608,Kondhwa Cricket Tournament 2024,,1781808,Semi Final,6385798,SJ Loans Champions,38/7,6384750,Eshanya Commerce Classes,43/1,Toss: Eshanya Commerce Classes opt to field,7 wickets,Eshanya Commerce Classes,Resulted,0,0,2026-09-01T20:30:29.296971+00:00
10168198,Box Cricket,TENNIS,past,2024-03-03T17:23:47.000Z,3003,Pune,221429,Maidan turf,932608,Kondhwa Cricket Tournament 2024,,1781809,Final,6384750,Eshanya Commerce Classes,48/8,6388473,Samrat Titans,49/3,Toss: Samrat Titans opt to field,4 wickets,Samrat Titans,Resulted,0,0,2026-09-01T20:30:29.296971+00:00
10168907,Limited Overs,TENNIS,past,2024-03-04T08:42:34.000Z,3003,Pune,448036,Vit Pune,931815,VISHWAKARANDAK 2K24,,1779089,Super Knockout,6379352,DESH-F,45/4,6379272,IT-AI-A,48/2,Toss: IT-AI-A opt to field,5 wickets,IT-AI-A,Resulted,0,0,2026-09-01T20:30:29.296971+00:00
10169373,Box Cricket,TENNIS,past,2024-03-03T21:13:15.000Z,3003,Pune,361773,"Ranvijay Sports Club, Balewadi",931118,Ranvijay Half Pitch Box Cricket Tournament ,,1789519,Semi Final,4046863,HINDAVI SWARAJYA,28/0,5008942,ROYAL CHALLENGERS AVENGERS,21/0,Toss: HINDAVI SWARAJYA opt to bat,7 runs,HINDAVI SWARAJYA,Resulted,0,0,2026-09-01T20:30:29.296971+00:00
10169378,Box Cricket,TENNIS,past,2024-03-03T21:24:15.000Z,3003,Pune,361773,"Ranvijay Sports Club, Balewadi",931118,Ranvijay Half Pitch Box Cricket Tournament ,,1789522,Final,4046863,HINDAVI SWARAJYA,27/0,5040063,Shivrudr,26/0,Toss: HINDAVI SWARAJYA opt to bat,1 run,HINDAVI SWARAJYA,Resulted,0,0,2026-09-01T20:30:29.296971+00:00
10178604,Limited Overs,LEATHER,past,2024-03-10T08:16:45.000Z,3003,Pune,409201,"Walke Sports Ground, Bhosari Alandi Road",846147,30YCA CricX Blaster 2.0,,1638690,League Matches,4323345,Horizons Cricket Club,179/5,4115371,ProCor United 11,160/9,Toss: Horizons Cricket Club opt to bat,19 runs,Horizons Cricket Club,Resulted,0,0,2026-09-01T20:30:29.296971+00:00
10181411,Limited Overs,TENNIS,past,2024-03-05T03:56:57.000Z,3003,Pune,448036,Vit Pune,931815,VISHWAKARANDAK 2K24,,1779089,Super Knockout,6379272,IT-AI-A,87/0,6379345,DESH-B,60/5,Toss: DESH-B opt to field,27 runs,IT-AI-A,Resulted,0,0,2026-09-01T20:30:29.296971+00:00
10205594,Limited Overs,TENNIS,past,2024-03-07T04:06:00.000Z,3003,Pune,448036,Vit Pune,931815,VISHWAKARANDAK 2K24,,1779089,Super Knockout,6379272,IT-AI-A,46/5,6379258,COMP-A,37/7,Toss: COMP-A opt to field,9 runs,IT-AI-A,Resulted,0,0,2026-09-01T20:30:29.296971+00:00
10221359,Limited Overs,LEATHER,past,2024-03-31T04:02:00.000Z,3003,Pune,220312,Urawde,866914,Winter Cup 2 By PS,,1755853,Semi Final,3653446,Power Smashers,110/9,3507332,Legends United,112/4,Toss: Legends United opt to field,6 wickets,Legends United,Resulted,0,0,2026-09-01T20:30:29.296971+00:00
10221910,Limited Overs,TENNIS,past,2024-03-08T05:26:12.000Z,3003,Pune,448036,Vit Pune,931815,VISHWAKARANDAK 2K24,,1779086,Semi Final,6379230,ICML-A,74/6,6379272,IT-AI-A,78/0,Toss: IT-AI-A opt to field,7 wickets,IT-AI-A,Resulted,0,0,2026-09-01T20:30:29.296971+00:00
10225519,Limited Overs,TENNIS,past,2024-03-09T02:42:13.000Z,2796,Dehu Road,474352,Thomas Colony,897979,T20 Maitri Chashak Season 7,,1720009,League Matches,6171830,Hindavi cricket club,165/10,285804,Silverland SuperGiants,166/9,Toss: Silverland SuperGiants opt to field,1 wicket,Silverland SuperGiants,Resulted,0,0,2026-09-01T20:30:29.296971+00:00
10231064,Limited Overs,TENNIS,past,2024-03-10T09:30:37.000Z,2796,Dehu Road,416418,Gavali,897979,T20 Maitri Chashak Season 7,,1720009,League Matches,6204115,Shitaladevi Trackers,245/3,285804,Silverland SuperGiants,174/10,Toss: Shitaladevi Trackers opt to bat,71 runs,Shitaladevi Trackers,Resulted,0,0,2026-09-01T20:30:29.296971+00:00
10234902,Limited Overs,TENNIS,past,2024-03-09T06:22:26.000Z,3003,Pune,587413,Smp Sports Arena,932462,CAPL - Season 1,,1791120,League Matches,6413298,AEG Strikers,104/4,6412995,Charter Legends,61/3,Toss: AEG Strikers opt to bat,43 runs,AEG Strikers,Resulted,0,0,2026-09-01T20:30:29.296971+00:00
10242878,Limited Overs,TENNIS,past,2024-03-09T08:20:37.000Z,3003,Pune,587413,Smp Sports Arena,932462,CAPL - Season 1,,1791120,League Matches,6414021,Bell Blasters,82/2,6412995,Charter Legends,27/8,Toss: Bell Blasters opt to bat,55 runs,Bell Blasters,Resulted,0,0,2026-09-01T20:30:29.296971+00:00
10257138,Limited Overs,TENNIS,past,2024-03-10T09:53:38.000Z,3003,Pune,587413,Smp Sports Arena,932462,CAPL - Season 1,,1791120,League Matches,6412995,Charter Legends,38/4,6413178,Telus Titans,39/5,Toss: Telus Titans opt to field,3 wickets,Telus Titans,Resulted,0,0,2026-09-01T20:30:29.296971+00:00
10270616,Limited Overs,TENNIS,past,2024-03-10T06:58:00.000Z,3003,Pune,129163,Impetus turf wakad,919976,MVS Premier League Season 3,,1805900,Final,6299519,Ayodhya Adbhut Avengers,60/5,6290769,Sugreev Shakti Superstars,61/1,Toss: Sugreev Shakti Superstars opt to field,5 wickets,Sugreev Shakti Superstars,Resulted,0,0,2026-09-01T20:30:29.296971+00:00
10272630,Limited Overs,TENNIS,past,2024-03-10T08:02:07.000Z,3003,Pune,587413,Smp Sports Arena,932462,CAPL - Season 1,,1791120,League Matches,6416756,TMO SHOOTERS,69/4,6412995,Charter Legends,35/6,Toss: TMO SHOOTERS opt to bat,34 runs,TMO SHOOTERS,Resulted,0,0,2026-09-01T20:30:29.296971+00:00
10273390,Limited Overs,TENNIS,past,2024-03-10T08:27:00.000Z,3003,Pune,448036,Vit Pune,931815,VISHWAKARANDAK 2K24,,1779087,Final,6379210,ENTC-A,106/5,6379272,IT-AI-A,31/7,Toss: ENTC-A opt to bat,75 runs,ENTC-A,Resulted,0,0,2026-09-01T20:30:29.296971+00:00
10277033,Limited Overs,LEATHER,past,2024-03-10T10:17:11.000Z,3003,Pune,655468,Cricksqad,,,,,,5974915,Hawks Cricket Club,197/7,2969837,Xtreme Cricket Club,55/10,Toss: Hawks Cricket Club opt to bat,142 runs,Hawks Cricket Club,Resulted,0,0,2026-09-01T20:30:29.296971+00:00
10293652,Limited Overs,LEATHER,past,2024-03-17T02:37:56.000Z,3003,Pune,406981,"30YCA Cricket Ground, Chandkhed",846147,30YCA CricX Blaster 2.0,,1638690,League Matches,4323345,Horizons Cricket Club,138/6,460694,Pune Rangers Cricket Club,139/3,Toss: Horizons Cricket Club opt to bat,7 wickets,Pune Rangers Cricket Club,Resulted,0,0,2026-09-01T20:30:29.296971+00:00
10304327,Box Cricket,TENNIS,past,2024-03-15T04:46:32.000Z,3003,Pune,429739,Amar Tech Park,946956,ATP CRICKET LEAGUE ,,1811485,Super Knockout,6483238,Cloudwerx,70/4,6483385,PTPL Lions,67/1,Toss: PTPL Lions opt to field,3 runs,Cloudwerx,Resulted,0,0,2026-09-01T20:30:29.296971+00:00
10304389,Box Cricket,TENNIS,past,2024-03-15T11:04:33.000Z,3003,Pune,429739,Amar Tech Park,946956,ATP CRICKET LEAGUE ,,1811485,Super Knockout,6483316,Inspira warriors,47/3,6483323,Josh Strikers,33/5,Toss: Inspira warriors opt to bat,14 runs,Inspira warriors,Resulted,0,0,2026-09-01T20:30:29.296971+00:00
10318106,Limited Overs,LEATHER,past,2024-03-24T02:21:04.000Z,3003,Pune,406981,"30YCA Cricket Ground, Chandkhed",828648,30YCA CricX CPL2.0,,1636870,League Matches,2202895,FCC ( Fortiter Cricket Club),147/6,4323345,Horizons Cricket Club,117/10,Toss: FCC ( Fortiter Cricket Club) opt to bat,30 runs,FCC ( Fortiter Cricket Club),Resulted,0,0,2026-09-01T20:30:29.296971+00:00
10335763,Limited Overs,TENNIS,past,2024-03-15T12:33:36.000Z,3003,Pune,504523,Enfield Arena,942761,EPAM Box Cricket,,1803899,League Matches,6465511,Coding Mafia,47/6,6465129,Bug Builders,19/7,Toss: Bug Builders opt to field,28 runs,Coding Mafia,Resulted,0,0,2026-09-01T20:30:29.296971+00:00
10335764,Limited Overs,TENNIS,past,2024-03-15T13:13:39.000Z,3003,Pune,504523,Enfield Arena,942761,EPAM Box Cricket,,1803899,League Matches,6466276,Warriors,25/6,6465511,Coding Mafia,26/2,Toss: Coding Mafia opt to field,4 wickets,Coding Mafia,Resulted,0,0,2026-09-01T20:30:29.296971+00:00
10335765,Limited Overs,TENNIS,past,2024-03-15T13:44:26.000Z,3003,Pune,504523,Enfield Arena,942761,EPAM Box Cricket,,1803899,League Matches,6465129,Bug Builders,72/2,6466276,Warriors,32/7,Toss: Warriors opt to field,40 runs,Bug Builders,Resulted,0,0,2026-09-01T20:30:29.296971+00:00
10337573,Limited Overs,TENNIS,past,2024-03-15T14:39:40.000Z,3003,Pune,504523,Enfield Arena,942761,EPAM Box Cricket,,1803900,Final,6465129,Bug Builders,63/5,6465511,Coding Mafia,67/2,Toss: Coding Mafia opt to field,4 wickets,Coding Mafia,Resulted,0,0,2026-09-01T20:30:29.296971+00:00
10341971,Limited Overs,LEATHER,past,2024-04-06T05:47:31.000Z,3003,Pune,282913,Cricathon Cricket Ground,846644,Cricathon Premier League T20 Season 2,,1598734,League Matches,5719073,Malhar 11,234/5,4796047,CricYoddhas,142/9,Toss: Malhar 11 opt to bat,92 runs,Malhar 11,Resulted,0,0,2026-09-01T20:30:29.296971+00:00
10439368,Limited Overs,TENNIS,past,2024-03-24T05:37:33.000Z,2796,Dehu Road,416418,Gavali,897979,T20 Maitri Chashak Season 7,,1720009,League Matches,6164029,Little Earth Cricket Club,200/6,285804,Silverland SuperGiants,206/4,Toss: Little Earth Cricket Club opt to bat,7 wickets,Silverland SuperGiants,Resulted,0,0,2026-09-01T20:30:29.296971+00:00
10441852,Limited Overs,TENNIS,past,2024-03-23T04:35:10.000Z,3003,Pune,5062,Vision Cricket Academy Ground,958770,Komti Premier League 2024,,1834578,League Matches,603833,Sinhagad Mavala,73/5,2681274,Khadki Royals,76/8,Toss: Khadki Royals opt to field,2 wickets,Khadki Royals,Resulted,0,0,2026-09-01T20:30:29.296971+00:00
10441863,Limited Overs,TENNIS,past,2024-03-23T09:08:54.000Z,3003,Pune,5062,Vision Cricket Academy Ground,958770,Komti Premier League 2024,,1834578,League Matches,2681274,Khadki Royals,58/8,3489488,Rucha Titans,59/2,Toss: Khadki Royals opt to bat,8 wickets,Rucha Titans,Resulted,0,0,2026-09-01T20:30:29.296971+00:00
10443190,Limited Overs,TENNIS,past,2024-03-23T02:07:51.000Z,3003,Pune,42688,Jolly Ground,,,,,,2210454,Smashers XI,187/7,285804,Silverland SuperGiants,183/7,Toss: Smashers XI opt to bat,4 runs,Smashers XI,Resulted,0,0,2026-09-01T20:30:29.296971+00:00
10455682,Limited Overs,TENNIS,past,2024-03-24T05:28:00.000Z,3003,Pune,5062,Vision Cricket Academy Ground,958770,Komti Premier League 2024,,1834578,League Matches,2681274,Khadki Royals,78/5,2341773,MASTER BLASTER 2024,81/4,Toss: Khadki Royals opt to bat,6 wickets,MASTER BLASTER 2024,Resulted,0,0,2026-09-01T20:30:29.296971+00:00
10473290,Limited Overs,LEATHER,past,2024-03-24T09:38:34.000Z,3003,Pune,282913,Cricathon Cricket Ground,,,,,,6569093,Elites,161/8,4232251,Centurion Cricketers,164/8,Toss: Elites opt to bat,2 wickets,Centurion Cricketers,Resulted,0,0,2026-09-01T20:30:29.296971+00:00
10497073,Limited Overs,LEATHER,past,2024-06-02T09:44:05.000Z,3003,Pune,282913,Cricathon Cricket Ground,846644,Cricathon Premier League T20 Season 2,,1598734,League Matches,4951857,Sahyadri Warriors,168/8,3515433,Melange Cricket Club,112/10,Toss: Melange Cricket Club opt to field,56 runs,Sahyadri Warriors,Resulted,0,0,2026-09-01T20:30:29.296971+00:00
10503304,Limited Overs,TENNIS,past,2024-03-28T01:42:15.000Z,3003,Pune,334600,MCG Cricket Ground,,,,,,6370317,Challengers XI,51/10,5997495,Rising Warriors Pune,53/4,Toss: Rising Warriors Pune opt to field,6 wickets,Rising Warriors Pune,Resulted,0,0,2026-09-01T20:30:29.296971+00:00
10511361,Limited Overs,TENNIS,past,2024-03-28T03:05:03.000Z,3003,Pune,334600,MCG Cricket Ground,,,,,,5997495,Rising Warriors Pune,61/5,6370317,Challengers XI,65/2,Toss: Rising Warriors Pune opt to bat,9 wickets,Challengers XI,Resulted,0,0,2026-09-01T20:30:29.296971+00:00
10512892,Limited Overs,TENNIS,past,2024-03-29T01:38:00.000Z,3003,Pune,12485,Mulshi Cricket Ground,,,,,,3085833,MVS Smashers,152/4,3596831,Wakad Mavericks XI,137/5,Toss: Wakad Mavericks XI opt to field,15 runs,MVS Smashers,Resulted,0,0,2026-09-01T20:30:29.296971+00:00
10527027,Limited Overs,TENNIS,past,2024-03-29T19:24:47.000Z,3003,Pune,388105,Desire Ground Baner,935773,BBSM 2024 - (Season 3),,1832548,Super Knockout,6412593,Jardin Men Team,61/8,6498952,Krishna Classic Society,39/4,Toss: Jardin Men Team opt to bat,22 runs,Jardin Men Team,Resulted,0,0,2026-09-01T20:30:29.296971+00:00
10531756,Limited Overs,TENNIS,past,2024-03-30T03:02:00.000Z,3003,Pune,39291,Kodre Cricket Ground,962682,APL-7.0,,1849143,League Matches,6589822,11 Dictators,98/8,6370317,Challengers XI,63/9,Toss: Challengers XI opt to field,35 runs,11 Dictators,Resulted,0,0,2026-09-01T20:30:29.296971+00:00
10531974,Limited Overs,TENNIS,past,2024-03-30T06:27:29.000Z,3003,Pune,39291,Kodre Cricket Ground,962682,APL-7.0,,1849143,League Matches,6370317,Challengers XI,134/6,6564888,Spartans,61/10,Toss: Challengers XI opt to bat,73 runs,Challengers XI,Resulted,0,0,2026-09-01T20:30:29.296971+00:00
10536258,Limited Overs,TENNIS,past,2024-03-30T03:00:00.000Z,3003,Pune,388105,Desire Ground Baner,935773,BBSM 2024 - (Season 3),,1832548,Super Knockout,6497202,Veerbhadra Nagar Mens Team 1,70/3,6412593,Jardin Men Team,74/3,Toss: Veerbhadra Nagar Mens Team 1 opt to bat,7 wickets,Jardin Men Team,Resulted,0,0,2026-09-01T20:30:29.296971+00:00
10543041,Limited Overs,TENNIS,past,2024-04-05T01:28:56.000Z,3003,Pune,12485,Mulshi Cricket Ground,,,,,,3085833,MVS Smashers,195/3,3703869,Elite Heroes,127/9,Toss: Elite Heroes opt to field,68 runs,MVS Smashers,Resulted,0,0,2026-09-01T20:30:29.296971+00:00
10544856,Limited Overs,LEATHER,past,2024-04-13T02:20:02.000Z,3003,Pune,406981,"30YCA Cricket Ground, Chandkhed",828648,30YCA CricX CPL2.0,,1636870,League Matches,2694211,Old Monks,139/9,4323345,Horizons Cricket Club,130/10,Toss: Old Monks opt to bat,9 runs,Old Monks,Resulted,0,0,2026-09-01T20:30:29.296971+00:00
10545036,Limited Overs,TENNIS,past,2024-03-30T11:49:00.000Z,3003,Pune,388105,Desire Ground Baner,935773,BBSM 2024 - (Season 3),,1832548,Super Knockout,6156612,Arcus Green,61/4,6412593,Jardin Men Team,47/6,Toss: Arcus Green opt to bat,14 runs,Arcus Green,Resulted,0,0,2026-09-01T20:30:29.296971+00:00
10548514,Limited Overs,TENNIS,past,2024-03-31T07:00:26.000Z,2796,Dehu Road,416418,Gavali,897979,T20 Maitri Chashak Season 7,,1851555,Quarter Final,285804,Silverland SuperGiants,241/8,2485560,Enjoy Group,89/10,Toss: Enjoy Group opt to field,152 runs,Silverland SuperGiants,Resulted,0,0,2026-09-01T20:30:29.296971+00:00
10581877,Limited Overs,LEATHER,past,2024-04-07T05:29:44.000Z,3003,Pune,409201,"Walke Sports Ground, Bhosari Alandi Road",810083,30YCA Victory Cup(16 DEC Vijay Divas),,1542800,League Matches,1878875,PCC,201/7,4323345,Horizons Cricket Club,120/10,Toss: PCC opt to bat,81 runs,PCC,Resulted,0,0,2026-09-01T20:30:29.296971+00:00
10607411,Limited Overs,TENNIS,past,2024-04-06T02:44:03.000Z,2796,Dehu Road,416418,Gavali,897979,T20 Maitri Chashak Season 7,,1860624,Semi Final,6164029,Little Earth Cricket Club,226/9,285804,Silverland SuperGiants,135/10,Toss: Silverland SuperGiants opt to field,91 runs,Little Earth Cricket Club,Resulted,0,0,2026-09-01T20:30:29.296971+00:00
10659126,Limited Overs,LEATHER,past,2024-04-13T04:06:47.000Z,3003,Pune,418173,"Vedanta Cricket Stadium, Parandwadi",902424,Coolenemy Summer Cup,,1822403,League Matches,3507332,Legends United,91/10,4575293,STALLION STRIKERS,92/7,Toss: Legends United opt to bat,3 wickets,STALLION STRIKERS,Resulted,0,0,2026-09-01T20:30:29.296971+00:00
10706713,Limited Overs,TENNIS,past,2024-04-14T02:10:00.000Z,3003,Pune,188404,GK Silverland Residency PHASE 1,979496,SUMMER SERIES,,1876043,League Matches,6705523,Godam Garam,86/3,6705547,Thunder Blitz,88/2,Toss: Thunder Blitz opt to field,4 wickets,Thunder Blitz,Resulted,0,0,2026-09-01T20:30:29.296971+00:00
10706813,Limited Overs,TENNIS,past,2024-04-14T02:48:44.000Z,3003,Pune,188404,GK Silverland Residency PHASE 1,979496,SUMMER SERIES,,1876043,League Matches,6705560,Sunburn Squad,101/5,6705805,Summer Slammers,64/6,Toss: Summer Slammers opt to field,37 runs,Sunburn Squad,Resulted,0,0,2026-09-01T20:30:29.296971+00:00
10706824,Limited Overs,TENNIS,past,2024-04-14T03:25:03.000Z,3003,Pune,188404,GK Silverland Residency PHASE 1,979496,SUMMER SERIES,,1876043,League Matches,6705560,Sunburn Squad,106/1,6705523,Godam Garam,63/6,Toss: Sunburn Squad opt to bat,43 runs,Sunburn Squad,Resulted,0,0,2026-09-01T20:30:29.296971+00:00
10706834,Limited Overs,TENNIS,past,2024-04-14T04:12:00.000Z,3003,Pune,188404,GK Silverland Residency PHASE 1,979496,SUMMER SERIES,,1876043,League Matches,6705805,Summer Slammers,61/6,6705547,Thunder Blitz,62/1,Toss: Thunder Blitz opt to field,5 wickets,Thunder Blitz,Resulted,0,0,2026-09-01T20:30:29.296971+00:00
10706839,Limited Overs,TENNIS,past,2024-04-14T04:37:31.000Z,3003,Pune,188404,GK Silverland Residency PHASE 1,979496,SUMMER SERIES,,1876043,League Matches,6705547,Thunder Blitz,90/3,6705560,Sunburn Squad,92/5,Toss: Thunder Blitz opt to bat,1 wicket,Sunburn Squad,Resulted,0,0,2026-09-01T20:30:29.296971+00:00
10735317,Limited Overs,TENNIS,past,2024-04-13T04:11:19.000Z,3003,Pune,346741,Park ivory multipurpose court,970620,IPL - Ivory premier league,,1863998,League Matches,6666138,Ivory Lions,25/7,6664981,Ivory Strikers,30/1,Toss: Ivory Lions opt to bat,6 wickets,Ivory Strikers,Resulted,0,0,2026-09-01T20:30:29.296971+00:00
10742550,Limited Overs,TENNIS,past,2024-04-14T02:55:59.000Z,2811,Dombivli,597956,Khoni Ground,975935,LSG CRICKET OPEN TOURNAMENT 2024,,1869375,League Matches,6702356,LSG A,45/6,6702366,CROWN A,48/1,Toss: CROWN A opt to field,9 wickets,CROWN A,Resulted,0,0,2026-09-01T20:30:29.296971+00:00
10742563,Limited Overs,TENNIS,past,2024-04-14T06:41:52.000Z,2811,Dombivli,597956,Khoni Ground,975935,LSG CRICKET OPEN TOURNAMENT 2024,,1869375,League Matches,6702356,LSG A,70/4,6629998,United Cricket Lovers,44/8,Toss: LSG A opt to bat,26 runs,LSG A,Resulted,0,0,2026-09-01T20:30:29.296971+00:00
10752111,Limited Overs,TENNIS,past,2024-04-14T02:03:08.000Z,3003,Pune,346741,Park ivory multipurpose court,970620,IPL - Ivory premier league,,1863998,League Matches,6645652,Ivory Indians,36/7,6664981,Ivory Strikers,40/1,Toss: Ivory Strikers opt to field,6 wickets,Ivory Strikers,Resulted,0,0,2026-09-01T20:30:29.296971+00:00
10758149,Limited Overs,TENNIS,past,2024-04-14T04:40:53.000Z,491,Punganur,673978,Mpc,970620,IPL - Ivory premier league,,1863998,League Matches,6664977,Ivory Champions,22/6,6664981,Ivory Strikers,26/1,Toss: Ivory Strikers opt to field,6 wickets,Ivory Strikers,Resulted,0,0,2026-09-01T20:30:29.296971+00:00
10760254,Limited Overs,TENNIS,past,2024-04-14T05:55:49.000Z,3003,Pune,188404,GK Silverland Residency PHASE 1,979496,SUMMER SERIES,,1876043,League Matches,6705547,Thunder Blitz,95/3,6705560,Sunburn Squad,70/6,Toss: Sunburn Squad opt to field,25 runs,Thunder Blitz,Resulted,0,0,2026-09-01T20:30:29.296971+00:00
10772783,Limited Overs,TENNIS,past,2024-04-14T16:51:38.000Z,3003,Pune,346741,Park ivory multipurpose court,970620,IPL - Ivory premier league,,1863998,League Matches,6664981,Ivory Strikers,31/6,6645642,Ivory Warriors,20/6,Toss: Ivory Strikers opt to bat,11 runs,Ivory Strikers,Resulted,0,0,2026-09-01T20:30:29.296971+00:00
10830290,Limited Overs,TENNIS,past,2024-04-20T02:05:04.000Z,3003,Pune,452736,Gawali,,,,,,3382845,RISINGXI,72/5,285804,Silverland SuperGiants,73/4,Toss: RISINGXI opt to bat,6 wickets,Silverland SuperGiants,Resulted,0,0,2026-09-01T20:30:29.296971+00:00
10831552,Limited Overs,TENNIS,past,2024-04-20T03:24:32.000Z,3003,Pune,452736,Gawali,,,,,,3382845,RISINGXI,129/3,285804,Silverland SuperGiants,90/7,Toss: RISINGXI opt to bat,39 runs,RISINGXI,Resulted,0,0,2026-09-01T20:30:29.296971+00:00
10840559,Limited Overs,LEATHER,past,2024-04-20T14:34:00.000Z,3003,Pune,282913,Cricathon Cricket Ground,,,,,,5974915,Hawks Cricket Club,132/9,2141371,Cricathon Sports Club,114/10,Toss: Hawks Cricket Club opt to bat,18 runs,Hawks Cricket Club,Resulted,0,0,2026-09-01T20:30:29.296971+00:00
10843114,Limited Overs,TENNIS,past,2024-04-21T01:59:14.000Z,2796,Dehu Road,34039,Dhobi cricket ground Dehuroad,988668,Bhairavnath Chashak,,1896340,League Matches,3382845,RISINGXI,209/9,285804,Silverland SuperGiants,211/5,Toss: Silverland SuperGiants opt to field,5 wickets,Silverland SuperGiants,Resulted,0,0,2026-09-01T20:30:29.296971+00:00
10852101,Limited Overs,TENNIS,past,2024-04-21T03:43:08.000Z,491,Punganur,673978,Mpc,970620,IPL - Ivory premier league,,1864007,Semi Final,6664981,Ivory Strikers,45/7,6645574,Ivory Titans,31/7,Toss: Ivory Titans opt to field,14 runs,Ivory Strikers,Resulted,0,0,2026-09-01T20:30:29.296971+00:00
10865021,Limited Overs,TENNIS,past,2024-04-21T13:54:06.000Z,491,Punganur,673978,Mpc,970620,IPL - Ivory premier league,,1864008,Final,6645691,Ivory Cheetaz,33/4,6664981,Ivory Strikers,36/3,Toss: Ivory Cheetaz opt to bat,4 wickets,Ivory Strikers,Resulted,0,0,2026-09-01T20:30:29.296971+00:00
10873878,Limited Overs,LEATHER,past,2024-04-27T05:12:26.000Z,3003,Pune,456738,"30YCA Spark Cricket Ground, Jambhe",937619,30 YCA Supermacy  Cup 5.0,,1810731,League Matches,5903036,Star Strikers,95/10,4323345,Horizons Cricket Club,53/10,Toss: Horizons Cricket Club opt to field,42 runs,Star Strikers,Resulted,0,0,2026-09-01T20:30:29.296971+00:00
10873889,Limited Overs,LEATHER,past,2024-04-28T09:19:00.000Z,3003,Pune,456738,"30YCA Spark Cricket Ground, Jambhe",937619,30 YCA Supermacy  Cup 5.0,,1810731,League Matches,4323345,Horizons Cricket Club,109/10,2140346,Crickenginers,113/2,Toss: Horizons Cricket Club opt to bat,8 wickets,Crickenginers,Resulted,0,0,2026-09-01T20:30:29.296971+00:00
10900606,Limited Overs,LEATHER,past,2024-04-27T07:58:01.000Z,3004,Pune Cantonment,471685,Achievers Cricket Ground,910574,Summer Cup 2024 - Mix Corporate T20 Tournament,,1830548,League Matches,6419468,Strikers United,206/10,2405733,Pune Titans,172/8,Toss: Pune Titans opt to field,34 runs,Strikers United,Resulted,0,0,2026-09-01T20:30:29.296971+00:00
10900637,Limited Overs,LEATHER,past,2024-04-28T07:24:26.000Z,3004,Pune Cantonment,471685,Achievers Cricket Ground,910574,Summer Cup 2024 - Mix Corporate T20 Tournament,,1830548,League Matches,4796047,CricYoddhas,133/9,5477187,DUGOUT - XI,135/1,Toss: CricYoddhas opt to bat,9 wickets,DUGOUT - XI,Resulted,0,0,2026-09-01T20:30:29.296971+00:00
10914182,Limited Overs,TENNIS,past,2024-04-27T11:27:59.000Z,3003,Pune,365543,The Fortress,993963,Testrig Premier League Season-02,,1904566,League Matches,6810062,Boundary Bashers,13/5,6810086,Batting Bombers,14/2,Toss: Batting Bombers opt to field,4 wickets,Batting Bombers,Resulted,0,0,2026-09-01T20:30:29.296971+00:00
10914224,Limited Overs,TENNIS,past,2024-04-27T11:52:22.000Z,3003,Pune,365543,The Fortress,993963,Testrig Premier League Season-02,,1904566,League Matches,6809968,Stump smashers,55/2,6810062,Boundary Bashers,36/2,Toss: Boundary Bashers opt to field,19 runs,Stump smashers,Resulted,0,0,2026-09-01T20:30:29.296971+00:00
10914276,Limited Overs,TENNIS,past,2024-04-27T14:04:54.000Z,3003,Pune,365543,The Fortress,993963,Testrig Premier League Season-02,,1904566,League Matches,6810037,Spin Masters,11/5,6810062,Boundary Bashers,12/1,Toss: Spin Masters opt to bat,5 wickets,Boundary Bashers,Resulted,0,0,2026-09-01T20:30:29.296971+00:00
10937204,Limited Overs,TENNIS,past,2024-04-28T02:06:49.000Z,2796,Dehu Road,449601,Gawli,988668,Bhairavnath Chashak,,1896340,League Matches,6165860,Jay Bhawani Mamurdi Gaon,165/8,285804,Silverland SuperGiants,168/5,Toss: Silverland SuperGiants opt to field,5 wickets,Silverland SuperGiants,Resulted,0,0,2026-09-01T20:30:29.296971+00:00
10939451,Limited Overs,TENNIS,past,2024-04-27T15:39:06.000Z,3003,Pune,210074,Sai Sports,996804,park street cricket tournament,,1909660,League Matches,6830244,PARK IVORY STRIKER,87/6,6836440,Sapphire Panthers,54/10,Toss: Sapphire Panthers opt to field,33 runs,PARK IVORY STRIKER,Resulted,0,0,2026-09-01T20:30:29.296971+00:00
10951466,Limited Overs,LEATHER,past,2024-04-28T04:24:01.000Z,3003,Pune,158926,PIOC CRICKET GROUND,749538,CORPORATE KINGDOM SEASON 2,,1465148,Super League,1994038,Bela-Bela,168/9,810983,MedicosUnited,169/6,Toss: Bela-Bela opt to bat,4 wickets,MedicosUnited,Resulted,0,0,2026-09-01T20:30:29.296971+00:00
10952504,Limited Overs,TENNIS,past,2024-04-28T04:40:44.000Z,3003,Pune,210074,Sai Sports,996804,park street cricket tournament,,1909660,League Matches,6830244,PARK IVORY STRIKER,110/7,6807838,Topaz Mavericks,89/10,Toss: PARK IVORY STRIKER opt to bat,21 runs,PARK IVORY STRIKER,Resulted,0,0,2026-09-01T20:30:29.296971+00:00
11005096,Limited Overs,TENNIS,past,2024-05-13T01:38:00.000Z,3003,Pune,12485,Mulshi Cricket Ground,,,,,,3085833,MVS Smashers,97/5,4138181,WP Spartans,101/5,Toss: WP Spartans opt to field,5 wickets,WP Spartans,Resulted,0,0,2026-09-01T20:30:29.296971+00:00
11012800,Limited Overs,LEATHER,past,2024-05-07T03:20:00.000Z,3003,Pune,343490,"Pune Cricket Club, Wagholi",958450,PCC MORNING TOURNAMENT SEASON 3,,1921958,Semi Final,934080,Ivy Yorkers,246/2,6130012,Tritons,82/10,Toss: Ivy Yorkers opt to bat,164 runs,Ivy Yorkers,Resulted,0,0,2026-09-01T20:30:29.296971+00:00
11017226,Limited Overs,TENNIS,past,2024-05-02T16:49:49.000Z,2892,Kolhapur,494576,Balinge High School Balinge,1000632,Balinge premier league season 3,,1917963,Super League,5188386,MJ Warriers,49/4,4467096,Katyayani Sports,45/3,Toss: MJ Warriers opt to bat,4 runs,MJ Warriers,Resulted,0,0,2026-09-01T20:30:29.296971+00:00
11031521,Limited Overs,TENNIS,past,2024-05-03T14:20:19.000Z,2892,Kolhapur,494576,Balinge High School Balinge,1000632,Balinge premier league season 3,,1917963,Super League,4467096,Katyayani Sports,59/7,5188401,Rising Star,35/7,Toss: Katyayani Sports opt to bat,24 runs,Katyayani Sports,Resulted,0,0,2026-09-01T20:30:29.296971+00:00
11035008,Box Cricket,TENNIS,past,2024-05-04T11:13:03.000Z,3003,Pune,129163,Impetus turf wakad,996702,MPL 2024,,1925224,Super League,4280361,Super Stars,127/3,2428135,Royal Players,30/8,Toss: Royal Players opt to field,97 runs,Super Stars,Resulted,0,0,2026-09-01T20:30:29.296971+00:00
11038930,Limited Overs,TENNIS,past,2024-05-04T02:47:54.000Z,3003,Pune,210074,Sai Sports,996804,park street cricket tournament,,1909660,League Matches,6830244,PARK IVORY STRIKER,85/6,6830029,TITANIUM WARRIORS,59/10,Toss: PARK IVORY STRIKER opt to bat,26 runs,PARK IVORY STRIKER,Resulted,0,0,2026-09-01T20:30:29.296971+00:00
11044818,Limited Overs,TENNIS,past,2024-05-04T15:37:09.000Z,2892,Kolhapur,494576,Balinge High School Balinge,1000632,Balinge premier league season 3,,1917963,Super League,4467096,Katyayani Sports,76/2,5188389,SP King,44/8,Toss: SP King opt to field,32 runs,Katyayani Sports,Resulted,0,0,2026-09-01T20:30:29.296971+00:00
11048617,Limited Overs,TENNIS,past,2024-05-04T12:04:13.000Z,3004,Pune Cantonment,662114,Impetus Sporting,996702,MPL 2024,,1925231,League Matches,2496519,Red Smashers,64/4,4280361,Super Stars,65/2,Toss: Super Stars opt to field,7 wickets,Super Stars,Resulted,0,0,2026-09-01T20:30:29.296971+00:00
11051085,Limited Overs,TENNIS,past,2024-05-04T14:34:00.000Z,3003,Pune,549968,S k Sports Club,1005741,SK Sports,,1927383,Super League,6897025,Team Sanket,60/4,6896983,Team Sagar,53/3,Toss: Team Sanket opt to bat,7 runs,Team Sanket,Resulted,0,0,2026-09-01T20:30:29.296971+00:00
11051395,Box Cricket,TENNIS,past,2024-05-04T14:50:20.000Z,3003,Pune,129163,Impetus turf wakad,996702,MPL 2024,,1927441,Qualifier  2,2496625,Strickers,34/2,4280361,Super Stars,35/1,Toss: Strickers opt to bat,8 wickets,Super Stars,Resulted,0,0,2026-09-01T20:30:29.296971+00:00
11051850,Limited Overs,TENNIS,past,2024-05-04T15:10:08.000Z,3003,Pune,549968,S k Sports Club,1005741,SK Sports,,1927383,Super League,6897025,Team Sanket,151/0,6896983,Team Sagar,115/6,Toss: Team Sanket opt to bat,36 runs,Team Sanket,Resulted,0,0,2026-09-01T20:30:29.296971+00:00
11052576,Limited Overs,TENNIS,past,2024-05-04T15:42:52.000Z,3003,Pune,549968,S k Sports Club,1005741,SK Sports,,1927383,Super League,6897025,Team Sanket,78/7,6896983,Team Sagar,83/2,Toss: Team Sanket opt to bat,5 wickets,Team Sagar,Resulted,0,0,2026-09-01T20:30:29.296971+00:00
11053504,Box Cricket,TENNIS,past,2024-05-04T16:40:08.000Z,3003,Pune,129163,Impetus turf wakad,996702,MPL 2024,,1927818,Final,2496519,Red Smashers,39/2,4280361,Super Stars,26/4,Toss: Red Smashers opt to bat,13 runs,Red Smashers,Resulted,0,0,2026-09-01T20:30:29.296971+00:00
11054582,Limited Overs,TENNIS,past,2024-05-05T01:48:48.000Z,2796,Dehu Road,34039,Dhobi cricket ground Dehuroad,988668,Bhairavnath Chashak,,1896340,League Matches,285804,Silverland SuperGiants,225/9,2485560,Enjoy Group,192/10,Toss: Enjoy Group opt to field,33 runs,Silverland SuperGiants,Resulted,0,0,2026-09-01T20:30:29.296971+00:00
11066985,Limited Overs,TENNIS,past,2024-05-05T05:04:40.000Z,3000,Pimpri,195489,Sai Pearl Ground,996804,park street cricket tournament,,1909660,League Matches,6830244,PARK IVORY STRIKER,105/7,6830439,Titanium Challengers,94/6,Toss: PARK IVORY STRIKER opt to bat,11 runs,PARK IVORY STRIKER,Resulted,0,0,2026-09-01T20:30:29.296971+00:00
11078996,Limited Overs,TENNIS,past,2024-05-05T13:59:48.000Z,3000,Pimpri,195489,Sai Pearl Ground,996804,park street cricket tournament,,1909660,League Matches,6835224,Ivory Super-kings,100/5,6830244,PARK IVORY STRIKER,90/6,Toss: Ivory Super-kings opt to bat,10 runs,Ivory Super-kings,Resulted,0,0,2026-09-01T20:30:29.296971+00:00
11080488,Limited Overs,TENNIS,past,2024-05-05T15:33:05.000Z,2892,Kolhapur,494576,Balinge High School Balinge,1000632,Balinge premier league season 3,,1931329,Eliminator,4467096,Katyayani Sports,52/2,5188389,SP King,47/5,Toss: Katyayani Sports opt to bat,5 runs,Katyayani Sports,Resulted,0,0,2026-09-01T20:30:29.296971+00:00
11109146,Limited Overs,LEATHER,past,2024-05-11T02:20:56.000Z,3003,Pune,406981,"30YCA Cricket Ground, Chandkhed",937619,30 YCA Supermacy  Cup 5.0,,1810731,League Matches,6372907,Cric Panthers,219/5,4323345,Horizons Cricket Club,115/8,Toss: Horizons Cricket Club opt to field,104 runs,Cric Panthers,Resulted,0,0,2026-09-01T20:30:29.296971+00:00
11144318,Box Cricket,TENNIS,past,2024-05-10T14:39:26.000Z,3003,Pune,543598,SK Sports Club,1012507,Friday night cricket ,,1941193,League Matches,6896983,Team Sagar,74/2,6948727,Team Sanket,68/4,Toss: Team Sagar opt to bat,6 runs,Team Sagar,Resulted,0,0,2026-09-01T20:30:29.296971+00:00
11144760,Box Cricket,TENNIS,past,2024-05-10T15:10:19.000Z,3003,Pune,543598,SK Sports Club,1012507,Friday night cricket ,,1941193,League Matches,6896983,Team Sagar,60/1,6948727,Team Sanket,Yet to bat,Toss: Team Sagar opt to bat,8 wickets,Team Sagar,Resulted,0,0,2026-09-01T20:30:29.296971+00:00
11150074,Limited Overs,TENNIS,past,2024-05-11T02:10:08.000Z,2796,Dehu Road,449601,Gawli,988668,Bhairavnath Chashak,,1896340,League Matches,285804,Silverland SuperGiants,192/5,3383051,Morya Fighters,172/7,Toss: Silverland SuperGiants opt to bat,20 runs,Silverland SuperGiants,Resulted,0,0,2026-09-01T20:30:29.296971+00:00
11154443,Limited Overs,LEATHER,past,2024-06-01T13:26:33.000Z,3003,Pune,282913,Cricathon Cricket Ground,995768,Cricathon Night Weekend Tournament S2,,1911995,League Matches,6914624,Elites 11,149/10,3367570,Cric Warriors 11,123/10,Toss: Elites 11 opt to bat,26 runs,Elites 11,Resulted,0,0,2026-09-01T20:30:29.296971+00:00
11154560,Limited Overs,LEATHER,past,2024-06-14T13:58:00.000Z,3003,Pune,282913,Cricathon Cricket Ground,995768,Cricathon Night Weekend Tournament S2,,1911995,League Matches,6914624,Elites 11,114/5,1586336,Vishal C C PUNE,97/10,Toss: Elites 11 opt to bat,17 runs,Elites 11,Resulted,0,0,2026-09-01T20:30:29.296971+00:00
11177624,Limited Overs,TENNIS,past,2024-05-18T03:36:22.000Z,3003,Pune,252239,AFK Cricket Ground Khadki,1013840,Komti Champions League 2024 Season - 4 ,,1943925,League Matches,4181325,Sambhajinagar Yoddhas,34/7,2681274,Khadki Royals,35/3,Toss: Khadki Royals opt to field,7 wickets,Khadki Royals,Resulted,0,0,2026-09-01T20:30:29.296971+00:00
11177722,Limited Overs,TENNIS,past,2024-05-18T07:06:44.000Z,3003,Pune,252239,AFK Cricket Ground Khadki,1013840,Komti Champions League 2024 Season - 4 ,,1943925,League Matches,6229382,AV Smashers,73/2,2681274,Khadki Royals,72/7,Toss: Khadki Royals opt to field,1 run,AV Smashers,Resulted,0,0,2026-09-01T20:30:29.296971+00:00
11177812,Limited Overs,TENNIS,past,2024-05-19T04:20:26.000Z,3003,Pune,252239,AFK Cricket Ground Khadki,1013840,Komti Champions League 2024 Season - 4 ,,1943925,League Matches,2341773,MASTER BLASTER,28/9,2681274,Khadki Royals,29/1,Toss: Khadki Royals opt to field,9 wickets,Khadki Royals,Resulted,0,0,2026-09-01T20:30:29.296971+00:00
11179093,Limited Overs,TENNIS,past,2024-05-19T08:04:17.000Z,3003,Pune,252239,AFK Cricket Ground Khadki,1013840,Komti Champions League 2024 Season - 4 ,,1943925,League Matches,3489488,Rucha Titans,39/6,2681274,Khadki Royals,43/3,Toss: Khadki Royals opt to field,7 wickets,Khadki Royals,Resulted,0,0,2026-09-01T20:30:29.296971+00:00
11222990,Limited Overs,TENNIS,past,2024-05-16T01:43:43.000Z,3003,Pune,347005,Gawli,,,,,,285804,Silverland SuperGiants,171/9,4305348,ROYAL GLADIATORS,134/10,Toss: Silverland SuperGiants opt to bat,37 runs,Silverland SuperGiants,Resulted,0,0,2026-09-01T20:30:29.296971+00:00
11247290,Limited Overs,TENNIS,past,2024-05-18T01:40:17.000Z,3003,Pune,22428,Dhobi Graund dehuroad,1018757,Champions League - Mini Series,,1956515,League Matches,285804,Silverland SuperGiants,97/3,3382845,RISINGXI,65/9,Toss: RISINGXI opt to field,32 runs,Silverland SuperGiants,Resulted,0,0,2026-09-01T20:30:29.296971+00:00
11247407,Box Cricket,TENNIS,past,2024-06-01T03:46:00.000Z,3003,Pune,202730,"4 Lions Academy, Lane 4, Vinayak Nagar , Pimpale Nilhak,",1019389,RCL - 2024 - Phoenix Edition,,1954860,League Matches,6871955,Mavericks,70/6,6877922,ROCKFORD,58/5,Toss: Mavericks opt to bat,12 runs,Mavericks,Resulted,0,0,2026-09-01T20:30:29.296971+00:00
11247426,Box Cricket,TENNIS,past,2024-06-01T04:44:09.000Z,3003,Pune,202730,"4 Lions Academy, Lane 4, Vinayak Nagar , Pimpale Nilhak,",1019389,RCL - 2024 - Phoenix Edition,,1954860,League Matches,6871955,Mavericks,91/5,6917108,GLADIATORS,64/8,Toss: GLADIATORS opt to field,27 runs,Mavericks,Resulted,0,0,2026-09-01T20:30:29.296971+00:00
11247526,Box Cricket,TENNIS,past,2024-06-02T05:41:36.000Z,3003,Pune,202730,"4 Lions Academy, Lane 4, Vinayak Nagar , Pimpale Nilhak,",1019389,RCL - 2024 - Phoenix Edition,,1954860,League Matches,6871955,Mavericks,84/3,6917108,GLADIATORS,85/2,Toss: Mavericks opt to bat,5 wickets,GLADIATORS,Resulted,0,0,2026-09-01T20:30:29.296971+00:00
11247550,Box Cricket,TENNIS,past,2024-06-08T03:42:22.000Z,3003,Pune,202730,"4 Lions Academy, Lane 4, Vinayak Nagar , Pimpale Nilhak,",1019389,RCL - 2024 - Phoenix Edition,,1954860,League Matches,7008176,The Supremes,48/8,6871955,Mavericks,46/8,Toss: The Supremes opt to bat,2 runs,The Supremes,Resulted,0,0,2026-09-01T20:30:29.296971+00:00
11252634,Limited Overs,LEATHER,past,2024-05-19T07:59:00.000Z,3003,Pune,557585,Platinum Cricket Ground.,988766,PCG PREMIER LEAGUE 2024 SEASON 1,,1894266,League Matches,507932,Turf Hitters,60/10,810983,MedicosUnited,63/5,Toss: Turf Hitters opt to bat,5 wickets,MedicosUnited,Resulted,0,0,2026-09-01T20:30:29.296971+00:00
11264349,Limited Overs,TENNIS,past,2024-05-19T01:45:17.000Z,3003,Pune,22428,Dhobi Graund dehuroad,1018757,Champions League - Mini Series,,1956520,Quarter Final,285804,Silverland SuperGiants,99/6,6320459,Ridge RANGERS,56/5,Toss: Ridge RANGERS opt to field,43 runs,Silverland SuperGiants,Resulted,0,0,2026-09-01T20:30:29.296971+00:00
11285340,Limited Overs,TENNIS,past,2024-05-19T04:44:57.000Z,3003,Pune,22428,Dhobi Graund dehuroad,1018757,Champions League - Mini Series,,1961294,Final,3382845,RISINGXI,102/5,285804,Silverland SuperGiants,94/4,Toss: RISINGXI opt to bat,8 runs,RISINGXI,Resulted,0,0,2026-09-01T20:30:29.296971+00:00
11293593,Limited Overs,TENNIS,past,2024-05-19T11:08:07.000Z,3003,Pune,252239,AFK Cricket Ground Khadki,1013840,Komti Champions League 2024 Season - 4 ,,1962436,Final,6229382,AV Smashers,53/5,2681274,Khadki Royals,5/1,Toss: Khadki Royals opt to field,Match Abandoned(joint winner),Khadki Royals,Abandoned,0,0,2026-09-01T20:30:29.296971+00:00
11329662,Limited Overs,TENNIS,past,2024-06-03T01:18:00.000Z,3003,Pune,282913,Cricathon Cricket Ground,,,,,,285804,Silverland SuperGiants,87/10,4305348,ROYAL GLADIATORS,91/8,Toss: Silverland SuperGiants opt to bat,2 wickets,ROYAL GLADIATORS,Resulted,0,0,2026-09-01T20:30:29.296971+00:00
11350269,Box Cricket,TENNIS,past,2024-05-24T01:58:33.000Z,3003,Pune,639627,"MatchDay Arena, Wakad",959630,Morning Group By RCC,,1835465,League Matches,5878824,RCC MW Titans,40/6,6652011,RCC MW Sunrisers,45/2,Toss: RCC MW Titans opt to bat,5 wickets,RCC MW Sunrisers,Resulted,0,0,2026-09-01T20:30:29.296971+00:00
11350724,Box Cricket,TENNIS,past,2024-05-24T02:33:57.000Z,3003,Pune,639627,"MatchDay Arena, Wakad",959630,Morning Group By RCC,,1835465,League Matches,6652005,RCC MW Dreamers,63/4,6652011,RCC MW Sunrisers,22/8,Toss: RCC MW Dreamers opt to bat,41 runs,RCC MW Dreamers,Resulted,0,0,2026-09-01T20:30:29.296971+00:00
11366269,Limited Overs,TENNIS,past,2024-05-25T01:35:18.000Z,3003,Pune,42688,Jolly Ground,,,,,,285804,Silverland SuperGiants,106/7,6755088,Mh 12 Cricket Club,94/7,Toss: Mh 12 Cricket Club opt to field,12 runs,Silverland SuperGiants,Resulted,0,0,2026-09-01T20:30:29.296971+00:00
11368191,Limited Overs,TENNIS,past,2024-05-25T03:10:12.000Z,3003,Pune,42688,Jolly Ground,,,,,,6755088,Mh 12 Cricket Club,80/10,285804,Silverland SuperGiants,81/0,Toss: Mh 12 Cricket Club opt to bat,10 wickets,Silverland SuperGiants,Resulted,0,0,2026-09-01T20:30:29.296971+00:00
11369334,Limited Overs,TENNIS,past,2024-05-25T04:13:32.000Z,3003,Pune,42688,Jolly Ground,,,,,,285804,Silverland SuperGiants,90/7,6755088,Mh 12 Cricket Club,55/3,Toss: Silverland SuperGiants opt to bat,35 runs,Silverland SuperGiants,Resulted,0,0,2026-09-01T20:30:29.296971+00:00
11388957,Limited Overs,TENNIS,past,2024-05-26T01:54:47.000Z,3003,Pune,42688,Jolly Ground,,,,,,285804,Silverland SuperGiants,79/7,882803,Rejoin Cricket Club,83/5,Toss: Silverland SuperGiants opt to bat,5 wickets,Rejoin Cricket Club,Resulted,0,0,2026-09-01T20:30:29.296971+00:00
11391871,Limited Overs,TENNIS,past,2024-05-26T03:12:46.000Z,3003,Pune,42688,Jolly Ground,,,,,,882803,Rejoin Cricket Club,108/9,285804,Silverland SuperGiants,109/6,Toss: Rejoin Cricket Club opt to bat,4 wickets,Silverland SuperGiants,Resulted,0,0,2026-09-01T20:30:29.296971+00:00
11408353,Limited Overs,TENNIS,past,2024-05-27T01:09:17.000Z,3003,Pune,639627,"MatchDay Arena, Wakad",959630,Morning Group By RCC,,1835465,League Matches,5878867,RCC MW Falcons,154/5,5878824,RCC MW Titans,147/8,Toss: RCC MW Falcons opt to bat,7 runs,RCC MW Falcons,Resulted,0,0,2026-09-01T20:30:29.296971+00:00
11411019,Limited Overs,TENNIS,past,2024-05-27T02:32:19.000Z,3003,Pune,639627,"MatchDay Arena, Wakad",959630,Morning Group By RCC,,1835465,League Matches,5878867,RCC MW Falcons,121/4,5878824,RCC MW Titans,102/8,Toss: RCC MW Falcons opt to bat,19 runs,RCC MW Falcons,Resulted,0,0,2026-09-01T20:30:29.296971+00:00
11419035,Limited Overs,TENNIS,past,2024-05-28T01:16:17.000Z,3003,Pune,639627,"MatchDay Arena, Wakad",959630,Morning Group By RCC,,1835465,League Matches,5878867,RCC MW Falcons,122/5,5878824,RCC MW Titans,68/8,Toss: RCC MW Falcons opt to bat,54 runs,RCC MW Falcons,Resulted,0,0,2026-09-01T20:30:29.296971+00:00
11423419,Limited Overs,TENNIS,past,2024-05-28T02:04:47.000Z,3003,Pune,639627,"MatchDay Arena, Wakad",959630,Morning Group By RCC,,1835465,League Matches,5878867,RCC MW Falcons,105/7,5878824,RCC MW Titans,86/7,Toss: RCC MW Falcons opt to bat,19 runs,RCC MW Falcons,Resulted,0,0,2026-09-01T20:30:29.296971+00:00
11424002,Limited Overs,TENNIS,past,2024-05-28T02:58:27.000Z,3003,Pune,639627,"MatchDay Arena, Wakad",959630,Morning Group By RCC,,1835465,League Matches,5878867,RCC MW Falcons,59/5,5878824,RCC MW Titans,29/11,Toss: RCC MW Falcons opt to bat,30 runs,RCC MW Falcons,Resulted,0,0,2026-09-01T20:30:29.296971+00:00
11456231,Limited Overs,TENNIS,past,2024-06-01T04:36:46.000Z,3003,Pune,346898,Balasaheb Kunjir Kridangan,1034211,Professional Cricket League,,1988440,League Matches,4447038,LP Titans,79/5,5957178,MNC Cricket Club,57/6,Toss: MNC Cricket Club opt to field,22 runs,LP Titans,Resulted,0,0,2026-09-01T20:30:29.296971+00:00
11467380,Limited Overs,LEATHER,past,2024-06-01T04:00:00.000Z,3003,Pune,557585,Platinum Cricket Ground.,988766,PCG PREMIER LEAGUE 2024 SEASON 1,,1894266,League Matches,2446183,THE PALTAN CC,103/9,810983,MedicosUnited,104/3,Toss: MedicosUnited opt to field,7 wickets,MedicosUnited,Resulted,0,0,2026-09-01T20:30:29.296971+00:00
11468575,Limited Overs,TENNIS,past,2024-06-01T01:47:00.000Z,2796,Dehu Road,449601,Gawli,988668,Bhairavnath Chashak,,1896340,League Matches,285804,Silverland SuperGiants,193/5,2485560,Enjoy Group,157/9,Toss: Silverland SuperGiants opt to bat,36 runs,Silverland SuperGiants,Resulted,0,0,2026-09-01T20:30:29.296971+00:00
11483141,Limited Overs,TENNIS,past,2024-06-01T06:39:47.000Z,3003,Pune,346898,Balasaheb Kunjir Kridangan,1034211,Professional Cricket League,,1989915,Semi Final,4447038,LP Titans,68/7,4576866,Dark Thunders,54/7,Toss: Dark Thunders opt to field,14 runs,LP Titans,Resulted,0,0,2026-09-01T20:30:29.296971+00:00
11484767,Limited Overs,TENNIS,past,2024-06-01T09:06:35.000Z,3003,Pune,346898,Balasaheb Kunjir Kridangan,1034211,Professional Cricket League,,1992791,Final,4447038,LP Titans,46/5,5161030,SD Sports,52/0,Toss: LP Titans opt to bat,8 wickets,SD Sports,Resulted,0,0,2026-09-01T20:30:29.296971+00:00
11495531,Limited Overs,TENNIS,past,2024-06-02T08:21:00.000Z,2811,Dombivli,485268,Euro Turf,1018253,Navi Mumbai Turf Tournament 3,,1994268,League Matches,6994784,Vakratunda 11,55/5,7144914,Friends 11,56/1,Toss: Friends 11 opt to field,7 wickets,Friends 11,Resulted,0,0,2026-09-01T20:30:29.296971+00:00
11495536,Limited Overs,TENNIS,past,2024-06-02T08:54:52.000Z,2811,Dombivli,485268,Euro Turf,1018253,Navi Mumbai Turf Tournament 3,,1994268,League Matches,7127265,MPL Thane Worriors,50/6,7144914,Friends 11,51/2,Toss: Friends 11 opt to field,6 wickets,Friends 11,Resulted,0,0,2026-09-01T20:30:29.296971+00:00
11495553,Limited Overs,TENNIS,past,2024-06-02T10:42:41.000Z,2811,Dombivli,485268,Euro Turf,1018253,Navi Mumbai Turf Tournament 3,,1994268,League Matches,7144914,Friends 11,52/6,7166082,V-United,50/3,Toss: V-United opt to field,2 runs,Friends 11,Resulted,0,0,2026-09-01T20:30:29.296971+00:00
11500757,Limited Overs,TENNIS,past,2024-06-02T02:15:23.000Z,3003,Pune,42688,Jolly Ground,,,,,,285804,Silverland SuperGiants,96/6,882803,Rejoin Cricket Club,81/7,Toss: Silverland SuperGiants opt to bat,15 runs,Silverland SuperGiants,Resulted,0,0,2026-09-01T20:30:29.296971+00:00
11501284,Limited Overs,LEATHER,past,2024-06-02T02:26:51.000Z,3004,Pune Cantonment,592949,Eden Park,,,,,,3507332,Legends United,277/9,6994528,Amravati Warriors,75/10,Toss: Legends United opt to bat,202 runs,Legends United,Resulted,0,0,2026-09-01T20:30:29.296971+00:00
11504279,Limited Overs,TENNIS,past,2024-06-02T04:02:45.000Z,3003,Pune,42688,Jolly Ground,,,,,,285804,Silverland SuperGiants,118/5,882803,Rejoin Cricket Club,56/10,Toss: Rejoin Cricket Club opt to field,62 runs,Silverland SuperGiants,Resulted,0,0,2026-09-01T20:30:29.296971+00:00
11517928,Box Cricket,TENNIS,past,2024-06-02T13:54:54.000Z,2811,Dombivli,485268,Euro Turf,1018253,Navi Mumbai Turf Tournament 3,,1997117,Pre Quarter Final,7030927,The Elite Club,24/6,7144914,Friends 11,25/1,Toss: Friends 11 opt to field,8 wickets,Friends 11,Resulted,0,0,2026-09-01T20:30:29.296971+00:00
11519962,Box Cricket,TENNIS,past,2024-06-02T16:27:30.000Z,2811,Dombivli,485268,Euro Turf,1018253,Navi Mumbai Turf Tournament 3,,1997737,Quarter Final,7166881,Kiran vihan 11,43/4,7144914,Friends 11,42/4,Toss: Friends 11 opt to field,1 run,Kiran vihan 11,Resulted,0,0,2026-09-01T20:30:29.296971+00:00
11523590,Limited Overs,LEATHER,past,2024-06-03T03:28:46.000Z,3003,Pune,343490,"Pune Cricket Club, Wagholi",,,,,,7179434,Sunrise,101/10,7179363,Tritons,107/7,Toss: Sunrise opt to bat,2 wickets,Tritons,Resulted,0,0,2026-09-01T20:30:29.296971+00:00
11530969,Limited Overs,TENNIS,past,2024-06-04T01:11:38.000Z,3003,Pune,639627,"MatchDay Arena, Wakad",959630,Morning Group By RCC,,1835465,League Matches,5878867,RCC MW Falcons,90/10,5878824,RCC MW Titans,91/1,Toss: RCC MW Falcons opt to bat,8 wickets,RCC MW Titans,Resulted,0,0,2026-09-01T20:30:29.296971+00:00
11534011,Limited Overs,TENNIS,past,2024-06-04T02:12:11.000Z,3003,Pune,639627,"MatchDay Arena, Wakad",959630,Morning Group By RCC,,1835465,League Matches,5878824,RCC MW Titans,59/10,5878867,RCC MW Falcons,60/2,Toss: RCC MW Titans opt to bat,7 wickets,RCC MW Falcons,Resulted,0,0,2026-09-01T20:30:29.296971+00:00
11538373,Limited Overs,LEATHER,past,2024-06-07T13:40:00.000Z,3003,Pune,282913,Cricathon Cricket Ground,995768,Cricathon Night Weekend Tournament S2,,1911995,League Matches,6914624,Elites 11,170/7,6744762,Alone Warriors,48/10,Toss: Elites 11 opt to bat,122 runs,Elites 11,Resulted,0,0,2026-09-01T20:30:29.296971+00:00
11542691,Limited Overs,TENNIS,past,2024-06-05T01:13:49.000Z,3003,Pune,639627,"MatchDay Arena, Wakad",959630,Morning Group By RCC,,1835465,League Matches,5878867,RCC MW Falcons,107/7,5878824,RCC MW Titans,105/9,Toss: RCC MW Falcons opt to bat,2 runs,RCC MW Falcons,Resulted,0,0,2026-09-01T20:30:29.296971+00:00
11543119,Limited Overs,LEATHER,past,2024-06-08T05:41:47.000Z,3003,Pune,406981,"30YCA Cricket Ground, Chandkhed",903019,30YCA Summer Shield 2.O,,1716415,League Matches,4537273,Mavericks,202/7,1897462,Spartans,87/8,Toss: Mavericks opt to bat,115 runs,Mavericks,Resulted,0,0,2026-09-01T20:30:29.296971+00:00
11545675,Limited Overs,TENNIS,past,2024-06-05T02:38:46.000Z,3003,Pune,639627,"MatchDay Arena, Wakad",959630,Morning Group By RCC,,1835465,League Matches,5878867,RCC MW Falcons,116/9,5878824,RCC MW Titans,117/6,Toss: RCC MW Falcons opt to bat,4 wickets,RCC MW Titans,Resulted,0,0,2026-09-01T20:30:29.296971+00:00
11568104,Box Cricket,TENNIS,past,2024-06-08T03:34:08.000Z,3003,Pune,639627,"MatchDay Arena, Wakad",1044877,Growfinn Royals Premier League Season 7,PREMIUM,2005297,League Matches,7206921,Rains of Castamere,78/6,7207015,Royal Legends,79/3,Toss: Royal Legends opt to field,4 wickets,Royal Legends,Resulted,0,0,2026-09-01T20:30:29.296971+00:00
11568124,Box Cricket,TENNIS,past,2024-06-09T01:39:47.000Z,3003,Pune,639627,"MatchDay Arena, Wakad",1044877,Growfinn Royals Premier League Season 7,PREMIUM,2005297,League Matches,7206921,Rains of Castamere,80/5,7207022,Royal Avengers,69/5,Toss: Rains of Castamere opt to bat,11 runs,Rains of Castamere,Resulted,0,0,2026-09-01T20:30:29.296971+00:00
11568146,Limited Overs,TENNIS,past,2024-06-08T01:49:46.000Z,3003,Pune,639627,"MatchDay Arena, Wakad",1044877,Growfinn Royals Premier League Season 7,PREMIUM,2005297,League Matches,7206921,Rains of Castamere,73/6,7207018,Royal Elites,79/2,Toss: Rains of Castamere opt to bat,5 wickets,Royal Elites,Resulted,0,0,2026-09-01T20:30:29.296971+00:00
11568154,Box Cricket,TENNIS,past,2024-06-09T01:00:48.000Z,3003,Pune,639627,"MatchDay Arena, Wakad",1044877,Growfinn Royals Premier League Season 7,PREMIUM,2005297,League Matches,7206921,Rains of Castamere,13/7,7207016,Royal United,14/2,Toss: Royal United opt to field,5 wickets,Royal United,Resulted,0,0,2026-09-01T20:30:29.296971+00:00
11571474,Box Cricket,TENNIS,past,2024-06-08T06:17:47.000Z,3003,Pune,549968,S k Sports Club,1029953,SPIREA SPARTANS -BOX CRICKET LEAGUE-SEASON II,,2005639,League Matches,4827507,CHETAK WARRIORS,82/3,7144879,Elementa Super kings,40/6,Toss: Elementa Super kings opt to field,42 runs,CHETAK WARRIORS,Resulted,0,0,2026-09-01T20:30:29.296971+00:00
11571511,Box Cricket,TENNIS,past,2024-06-08T07:05:48.000Z,3003,Pune,549968,S k Sports Club,1029953,SPIREA SPARTANS -BOX CRICKET LEAGUE-SEASON II,,2005639,League Matches,7144879,Elementa Super kings,81/3,6907391,Opus Blasters,80/3,Toss: Opus Blasters opt to field,1 run,Elementa Super kings,Resulted,0,0,2026-09-01T20:30:29.296971+00:00
11571538,Box Cricket,TENNIS,past,2024-06-08T07:57:17.000Z,3003,Pune,549968,S k Sports Club,1029953,SPIREA SPARTANS -BOX CRICKET LEAGUE-SEASON II,,2005639,League Matches,3717944,Finishers,65/2,7144879,Elementa Super kings,34/3,Toss: Elementa Super kings opt to field,31 runs,Finishers,Resulted,0,0,2026-09-01T20:30:29.296971+00:00
11587196,Limited Overs,LEATHER,past,2024-06-08T06:30:00.000Z,3003,Pune,557585,Platinum Cricket Ground.,988766,PCG PREMIER LEAGUE 2024 SEASON 1,,1894266,League Matches,810983,MedicosUnited,171/7,6914316,*FEATHER ENTERPRISES*,172/4,Toss: *FEATHER ENTERPRISES* opt to field,6 wickets,*FEATHER ENTERPRISES*,Resulted,0,0,2026-09-01T20:30:29.296971+00:00
11608393,Box Cricket,TENNIS,past,2024-06-09T04:45:24.000Z,3003,Pune,202730,"4 Lions Academy, Lane 4, Vinayak Nagar , Pimpale Nilhak,",1019389,RCL - 2024 - Phoenix Edition,,2011047,Final,7008176,The Supremes,100/4,6877922,ROCKFORD,101/5,Toss: ROCKFORD opt to field,1 wicket,ROCKFORD,Resulted,0,0,2026-09-01T20:30:29.296971+00:00
11645584,Limited Overs,LEATHER,past,2024-06-15T08:35:07.000Z,3003,Pune,557585,Platinum Cricket Ground.,988766,PCG PREMIER LEAGUE 2024 SEASON 1,,1894266,League Matches,810983,MedicosUnited,133/9,1075339,Ferocious XI Pune,136/9,Toss: MedicosUnited opt to bat,1 wicket,Ferocious XI Pune,Resulted,0,0,2026-09-01T20:30:29.296971+00:00
11656028,Limited Overs,LEATHER,past,2024-06-16T02:03:06.000Z,3003,Pune,277870,"Maval Cricket Academy, Sudumbre",,,,,,6994528,Amravati Warriors,100/7,3507332,Legends United,101/7,Toss: Amravati Warriors opt to bat,3 wickets,Legends United,Resulted,0,0,2026-09-01T20:30:29.296971+00:00
11661480,Limited Overs,TENNIS,past,2024-06-16T11:15:34.000Z,3003,Pune,313027,Spark Cricket Ground A1,,,,,,7002092,Strikers 11,151/6,5853549,VIKINGS,106/10,Toss: Strikers 11 opt to bat,45 runs,Strikers 11,Resulted,0,0,2026-09-01T20:30:29.296971+00:00
11677355,Box Cricket,TENNIS,past,2024-06-15T02:13:23.000Z,2964,Nashik,220268,Champions Turf,1053228,Sahyadri Premier League SPL SatV7,,2022019,League Matches,7213598,Team Vijaydurg,42/6,7213594,Sahyadri Rockers,43/4,Toss: Team Vijaydurg opt to bat,1 wicket,Sahyadri Rockers,Resulted,0,0,2026-09-01T20:30:29.296971+00:00
11677356,Box Cricket,TENNIS,past,2024-06-15T02:33:48.000Z,2964,Nashik,220268,Champions Turf,1053228,Sahyadri Premier League SPL SatV7,,2022019,League Matches,7213590,Sahyadri Strikers,28/6,7213598,Team Vijaydurg,33/3,Toss: Sahyadri Strikers opt to bat,2 wickets,Team Vijaydurg,Resulted,0,0,2026-09-01T20:30:29.296971+00:00
11677359,Box Cricket,TENNIS,past,2024-06-15T03:12:33.000Z,2964,Nashik,220268,Champions Turf,1053228,Sahyadri Premier League SPL SatV7,,2022019,League Matches,7213590,Sahyadri Strikers,42/2,7213598,Team Vijaydurg,44/0,Toss: Team Vijaydurg opt to field,5 wickets,Team Vijaydurg,Resulted,0,0,2026-09-01T20:30:29.296971+00:00
11677706,Limited Overs,TENNIS,past,2024-06-15T02:16:23.000Z,2796,Dehu Road,413776,Gawali,988668,Bhairavnath Chashak,,1896340,League Matches,285804,Silverland SuperGiants,235/4,3383051,Morya Fighters,107/3,Toss: Silverland SuperGiants opt to bat,128 runs,Silverland SuperGiants,Resulted,0,0,2026-09-01T20:30:29.296971+00:00
11679020,Box Cricket,TENNIS,past,2024-06-15T03:29:16.000Z,2964,Nashik,220268,Champions Turf,1053228,Sahyadri Premier League SPL SatV7,,2022164,Final,7213598,Team Vijaydurg,60/4,7213594,Sahyadri Rockers,57/6,Toss: Team Vijaydurg opt to bat,3 runs,Team Vijaydurg,Resulted,0,0,2026-09-01T20:30:29.296971+00:00
11695585,Limited Overs,TENNIS,past,2024-06-16T02:17:33.000Z,2796,Dehu Road,413776,Gawali,988668,Bhairavnath Chashak,,1896340,League Matches,285804,Silverland SuperGiants,156/10,6165860,Jay Bhawani Mamurdi Gaon,54/10,Toss: Silverland SuperGiants opt to bat,102 runs,Silverland SuperGiants,Resulted,0,0,2026-09-01T20:30:29.296971+00:00
11699231,Limited Overs,LEATHER,past,2024-06-16T04:06:42.000Z,3003,Pune,557585,Platinum Cricket Ground.,988766,PCG PREMIER LEAGUE 2024 SEASON 1,,1894266,League Matches,5530720,Catalyst,152/8,810983,MedicosUnited,119/7,Toss: Catalyst opt to bat,33 runs,Catalyst,Resulted,0,0,2026-09-01T20:30:29.296971+00:00
11711257,Limited Overs,LEATHER,past,2024-06-21T13:28:00.000Z,3003,Pune,282913,Cricathon Cricket Ground,995768,Cricathon Night Weekend Tournament S2,,1911995,League Matches,6293372,Mighty Lions,86/10,6914624,Elites 11,87/3,Toss: Mighty Lions opt to bat,7 wickets,Elites 11,Resulted,0,0,2026-09-01T20:30:29.296971+00:00
11712337,Limited Overs,TENNIS,past,2024-06-17T01:12:16.000Z,3003,Pune,639627,"MatchDay Arena, Wakad",959630,Morning Group By RCC,,1835465,League Matches,5878867,RCC MW Falcons,124/10,5878824,RCC MW Titans,69/10,Toss: RCC MW Falcons opt to bat,55 runs,RCC MW Falcons,Resulted,0,0,2026-09-01T20:30:29.296971+00:00
11715916,Limited Overs,TENNIS,past,2024-06-17T02:23:30.000Z,3003,Pune,639627,"MatchDay Arena, Wakad",959630,Morning Group By RCC,,1835465,League Matches,5878867,RCC MW Falcons,99/10,5878824,RCC MW Titans,62/10,Toss: RCC MW Falcons opt to bat,37 runs,RCC MW Falcons,Resulted,0,0,2026-09-01T20:30:29.296971+00:00
11727229,Limited Overs,LEATHER,past,2024-06-18T03:07:40.000Z,3003,Pune,343490,"Pune Cricket Club, Wagholi",1035328,Monsoon League 2024,,1989724,League Matches,7144193,Fighters,148/6,6130012,Tritons,106/10,Toss: Fighters opt to bat,42 runs,Fighters,Resulted,0,0,2026-09-01T20:30:29.296971+00:00
11742633,Limited Overs,TENNIS,past,2024-06-20T01:07:46.000Z,3003,Pune,639627,"MatchDay Arena, Wakad",959630,Morning Group By RCC,,1835465,League Matches,5878824,RCC MW Titans,103/8,5878867,RCC MW Falcons,107/6,Toss: RCC MW Titans opt to bat,4 wickets,RCC MW Falcons,Resulted,0,0,2026-09-01T20:30:29.296971+00:00
11746074,Limited Overs,TENNIS,past,2024-06-20T02:18:52.000Z,3003,Pune,639627,"MatchDay Arena, Wakad",959630,Morning Group By RCC,,1835465,League Matches,5878867,RCC MW Falcons,110/9,5878824,RCC MW Titans,87/10,Toss: RCC MW Falcons opt to bat,23 runs,RCC MW Falcons,Resulted,0,0,2026-09-01T20:30:29.296971+00:00
11760609,Limited Overs,LEATHER,past,2024-06-23T04:00:00.000Z,3003,Pune,557585,Platinum Cricket Ground.,988766,PCG PREMIER LEAGUE 2024 SEASON 1,,1894266,League Matches,2218959,GOLDEN CC,125/10,810983,MedicosUnited,124/10,Toss: GOLDEN CC opt to bat,1 run,GOLDEN CC,Resulted,0,0,2026-09-01T20:30:29.296971+00:00
11768709,Limited Overs,TENNIS,past,2024-06-22T01:55:29.000Z,3003,Pune,42688,Jolly Ground,,,,,,285804,Silverland SuperGiants,114/6,882803,Rejoin Cricket Club,62/9,Toss: Rejoin Cricket Club opt to field,52 runs,Silverland SuperGiants,Resulted,0,0,2026-09-01T20:30:29.296971+00:00
11770013,Limited Overs,TENNIS,past,2024-06-22T03:23:23.000Z,3003,Pune,42688,Jolly Ground,,,,,,285804,Silverland SuperGiants,147/4,3382845,RISINGXI,110/8,Toss: Silverland SuperGiants opt to bat,37 runs,Silverland SuperGiants,Resulted,0,0,2026-09-01T20:30:29.296971+00:00
11786430,Limited Overs,TENNIS,past,2024-06-23T02:02:16.000Z,3003,Pune,22428,Dhobi Graund dehuroad,,,,,,285804,Silverland SuperGiants,112/6,3382845,RISINGXI,64/9,Toss: RISINGXI opt to field,48 runs,Silverland SuperGiants,Resulted,0,0,2026-09-01T20:30:29.296971+00:00
11790004,Limited Overs,TENNIS,past,2024-06-23T03:45:06.000Z,3003,Pune,22428,Dhobi Graund dehuroad,,,,,,3382845,RISINGXI,119/4,285804,Silverland SuperGiants,105/6,Toss: RISINGXI opt to bat,14 runs,RISINGXI,Resulted,0,0,2026-09-01T20:30:29.296971+00:00
11845025,Limited Overs,LEATHER,past,2024-06-29T04:10:00.000Z,3003,Pune,557585,Platinum Cricket Ground.,988766,PCG PREMIER LEAGUE 2024 SEASON 1,,1894266,League Matches,5148503,Rogue Rider,153/9,810983,MedicosUnited,154/6,Toss: Rogue Rider opt to bat,2 wickets,MedicosUnited,Resulted,0,0,2026-09-01T20:30:29.296971+00:00
11857921,Box Cricket,TENNIS,past,2024-06-30T01:35:28.000Z,2964,Nashik,594176,Champions Turf SSD Nagar,1066922,Sahyadri Premier League SPL V10,,2048434,League Matches,7213657,Sahyadri Warriors,40/5,7213590,Sahyadri Strikers,17/6,Toss: Sahyadri Warriors opt to bat,23 runs,Sahyadri Warriors,Resulted,0,0,2026-09-01T20:30:29.296971+00:00
11863864,Limited Overs,TENNIS,past,2024-06-30T02:59:00.000Z,2796,Dehu Road,413776,Gawali,988668,Bhairavnath Chashak,,2049222,Final,3383051,Morya Fighters,134/9,285804,Silverland SuperGiants,136/7,Toss: Silverland SuperGiants opt to field,3 wickets,Silverland SuperGiants,Resulted,0,0,2026-09-01T20:30:29.296971+00:00
11898515,Box Cricket,TENNIS,past,2024-07-06T07:53:05.000Z,3003,Pune,639627,"MatchDay Arena, Wakad",1069384,Wakad Olympic -Mens,,2053642,League Matches,7377866,Bliss Samurais,72/1,7377873,Elementa Trailblazers,53/5,Toss: Elementa Trailblazers opt to field,19 runs,Bliss Samurais,Resulted,0,0,2026-09-01T20:30:29.296971+00:00
11898567,Box Cricket,TENNIS,past,2024-07-06T09:03:44.000Z,3003,Pune,639627,"MatchDay Arena, Wakad",1069384,Wakad Olympic -Mens,,2053642,League Matches,7377873,Elementa Trailblazers,82/5,7377883,Hi Life 4,88/2,Toss: Elementa Trailblazers opt to bat,5 wickets,Hi Life 4,Resulted,0,0,2026-09-01T20:30:29.296971+00:00
11898690,Limited Overs,TENNIS,past,2024-07-04T01:38:35.000Z,3003,Pune,639627,"MatchDay Arena, Wakad",959630,Morning Group By RCC,,1835465,League Matches,5878824,RCC MW Titans,158/11,5878867,RCC MW Falcons,89/10,Toss: RCC MW Titans opt to bat,69 runs,RCC MW Titans,Resulted,0,0,2026-09-01T20:30:29.296971+00:00
11921414,Box Cricket,TENNIS,past,2024-07-06T12:37:04.000Z,3003,Pune,639627,"MatchDay Arena, Wakad",1069384,Wakad Olympic -Mens,,2053642,League Matches,7388428,Vedanta Warriors,104/3,7381549,Matchday 3,42/6,Toss: Matchday 3 opt to field,62 runs,Vedanta Warriors,Resulted,0,0,2026-09-01T20:30:29.296971+00:00
11923230,Box Cricket,TENNIS,past,2024-07-05T14:43:44.000Z,3003,Pune,543598,SK Sports Club,1071315,Friday Monsoon Cricket ,,2056671,League Matches,7389021,Team Sagar,56/6,7389030,Team Sanket,53/5,Toss: Team Sagar opt to bat,3 runs,Team Sagar,Resulted,0,0,2026-09-01T20:30:29.296971+00:00
11923651,Box Cricket,TENNIS,past,2024-07-05T15:19:15.000Z,3003,Pune,543598,SK Sports Club,1071315,Friday Monsoon Cricket ,,2056671,League Matches,7389021,Team Sagar,69/5,7389030,Team Sanket,74/4,Toss: Team Sagar opt to bat,6 wickets,Team Sanket,Resulted,0,0,2026-09-01T20:30:29.296971+00:00
11923902,Box Cricket,TENNIS,past,2024-07-05T15:44:35.000Z,3003,Pune,543598,SK Sports Club,1071315,Friday Monsoon Cricket ,,2056671,League Matches,7389030,Team Sanket,74/7,7389021,Team Sagar,79/3,Toss: Team Sanket opt to bat,4 wickets,Team Sagar,Resulted,0,0,2026-09-01T20:30:29.296971+00:00
11924199,Box Cricket,TENNIS,past,2024-07-05T16:11:22.000Z,3003,Pune,543598,SK Sports Club,1071315,Friday Monsoon Cricket ,,2056671,League Matches,7389021,Team Sagar,57/3,7389030,Team Sanket,48/2,Toss: Team Sagar opt to bat,9 runs,Team Sagar,Resulted,0,0,2026-09-01T20:30:29.296971+00:00
11930497,Limited Overs,TENNIS,past,2024-07-06T10:45:59.000Z,3003,Pune,313027,Spark Cricket Ground A1,,,,,,6835632,Dominator XI,166/6,7002092,Strikers 11,94/9,Toss: Dominator XI opt to bat,72 runs,Dominator XI,Resulted,0,0,2026-09-01T20:30:29.296971+00:00
11933988,Box Cricket,TENNIS,past,2024-07-06T13:36:16.000Z,3003,Pune,639627,"MatchDay Arena, Wakad",1069384,Wakad Olympic -Mens,,2053642,League Matches,7381549,Matchday 3,59/5,7381527,Wakad Olympics 1,61/0,Toss: Wakad Olympics 1 opt to field,7 wickets,Wakad Olympics 1,Resulted,0,0,2026-09-01T20:30:29.296971+00:00
11957274,Limited Overs,TENNIS,past,2024-07-09T01:41:55.000Z,3003,Pune,639627,"MatchDay Arena, Wakad",959630,Morning Group By RCC,,1835465,League Matches,5878867,RCC MW Falcons,99/5,5878824,RCC MW Titans,86/10,Toss: RCC MW Falcons opt to bat,13 runs,RCC MW Falcons,Resulted,0,0,2026-09-01T20:30:29.296971+00:00
11966993,Limited Overs,TENNIS,past,2024-07-09T02:46:06.000Z,3003,Pune,639627,"MatchDay Arena, Wakad",959630,Morning Group By RCC,,1835465,League Matches,5878867,RCC MW Falcons,122/4,5878824,RCC MW Titans,118/7,Toss: RCC MW Falcons opt to bat,4 runs,RCC MW Falcons,Resulted,0,0,2026-09-01T20:30:29.296971+00:00
12018003,Box Cricket,TENNIS,past,2024-07-14T04:29:06.000Z,3003,Pune,678493,Powered Athletes High Performance Centre,1077732,Sunday Cricket 14 July,,2069557,League Matches,4667770,Ball Burners,77/7,4667754,Ball Tamperers,78/7,Toss: Ball Burners opt to bat,0 wicket,Ball Tamperers,Resulted,0,0,2026-09-01T20:30:29.296971+00:00
12018952,Box Cricket,TENNIS,past,2024-07-14T05:05:10.000Z,3003,Pune,678493,Powered Athletes High Performance Centre,1077732,Sunday Cricket 14 July,,2069557,League Matches,4667754,Ball Tamperers,87/7,4667770,Ball Burners,90/3,Toss: Ball Tamperers opt to bat,5 wickets,Ball Burners,Resulted,0,0,2026-09-01T20:30:29.296971+00:00
12019898,Box Cricket,TENNIS,past,2024-07-14T05:41:03.000Z,3003,Pune,678493,Powered Athletes High Performance Centre,1077732,Sunday Cricket 14 July,,2069557,League Matches,4667770,Ball Burners,121/6,4667754,Ball Tamperers,103/9,Toss: Ball Burners opt to bat,18 runs,Ball Burners,Resulted,0,0,2026-09-01T20:30:29.296971+00:00
12021004,Box Cricket,TENNIS,past,2024-07-14T06:28:15.000Z,3003,Pune,678493,Powered Athletes High Performance Centre,1077732,Sunday Cricket 14 July,,2069557,League Matches,4667770,Ball Burners,110/7,4667754,Ball Tamperers,50/9,Toss: Ball Tamperers opt to field,60 runs,Ball Burners,Resulted,0,0,2026-09-01T20:30:29.296971+00:00
12021676,Box Cricket,TENNIS,past,2024-07-14T07:02:57.000Z,3003,Pune,678493,Powered Athletes High Performance Centre,1077732,Sunday Cricket 14 July,,2069557,League Matches,4667770,Ball Burners,91/7,4667754,Ball Tamperers,88/6,Toss: Ball Burners opt to bat,3 runs,Ball Burners,Resulted,0,0,2026-09-01T20:30:29.296971+00:00
12028986,Limited Overs,LEATHER,past,2024-07-21T04:10:00.000Z,3003,Pune,557585,Platinum Cricket Ground.,988766,PCG PREMIER LEAGUE 2024 SEASON 1,,1894269,Eliminator,810983,MedicosUnited,129/10,1075339,Ferocious XI Pune,113/10,Toss: Ferocious XI Pune opt to field,16 runs,MedicosUnited,Resulted,0,0,2026-09-01T20:30:29.296971+00:00
12072579,Box Cricket,TENNIS,past,2024-07-19T14:10:33.000Z,3003,Pune,543598,SK Sports Club,1081869,Friday Monsoon Cricket  ,,2076760,League Matches,7456878,Team Orange,109/1,7456881,Team Blue,77/3,Toss: Team Orange opt to bat,32 runs,Team Orange,Resulted,0,0,2026-09-01T20:30:29.296971+00:00
12072843,Box Cricket,TENNIS,past,2024-07-19T14:39:44.000Z,3003,Pune,543598,SK Sports Club,1081869,Friday Monsoon Cricket  ,,2076760,League Matches,7456878,Team Orange,108/2,7456881,Team Blue,44/3,Toss: Team Orange opt to bat,64 runs,Team Orange,Resulted,0,0,2026-09-01T20:30:29.296971+00:00
12073175,Box Cricket,TENNIS,past,2024-07-19T15:10:47.000Z,3003,Pune,543598,SK Sports Club,1081869,Friday Monsoon Cricket  ,,2076760,League Matches,7456878,Team Orange,32/7,7456881,Team Blue,33/1,Toss: Team Orange opt to bat,9 wickets,Team Blue,Resulted,0,0,2026-09-01T20:30:29.296971+00:00
12073363,Box Cricket,TENNIS,past,2024-07-19T15:29:54.000Z,3003,Pune,543598,SK Sports Club,1081869,Friday Monsoon Cricket  ,,2076760,League Matches,7456881,Team Blue,74/4,7456878,Team Orange,60/4,Toss: Team Blue opt to bat,14 runs,Team Blue,Resulted,0,0,2026-09-01T20:30:29.296971+00:00
12073570,Box Cricket,TENNIS,past,2024-07-19T15:54:03.000Z,3003,Pune,543598,SK Sports Club,1081869,Friday Monsoon Cricket  ,,2076760,League Matches,7456881,Team Blue,69/4,7456878,Team Orange,66/4,Toss: Team Blue opt to bat,3 runs,Team Blue,Resulted,0,0,2026-09-01T20:30:29.296971+00:00
12097457,Box Cricket,TENNIS,past,2024-07-21T05:05:45.000Z,3003,Pune,678493,Powered Athletes High Performance Centre,1083576,Sunday cricket 21 July,,2079953,League Matches,4667770,Ball Burners,117/7,4667754,Ball Tamperers,85/9,Toss: Ball Tamperers opt to field,32 runs,Ball Burners,Resulted,0,0,2026-09-01T20:30:29.296971+00:00
12098559,Box Cricket,TENNIS,past,2024-07-21T05:48:59.000Z,3003,Pune,678493,Powered Athletes High Performance Centre,1083576,Sunday cricket 21 July,,2079953,League Matches,4667770,Ball Burners,93/7,4667754,Ball Tamperers,56/10,Toss: Ball Tamperers opt to field,37 runs,Ball Burners,Resulted,0,0,2026-09-01T20:30:29.296971+00:00
12099508,Box Cricket,TENNIS,past,2024-07-21T06:33:16.000Z,3003,Pune,678493,Powered Athletes High Performance Centre,1083576,Sunday cricket 21 July,,2079953,League Matches,4667754,Ball Tamperers,108/8,4667770,Ball Burners,57/9,Toss: Ball Burners opt to field,51 runs,Ball Tamperers,Resulted,0,0,2026-09-01T20:30:29.296971+00:00
12100379,Box Cricket,TENNIS,past,2024-07-21T07:17:20.000Z,3003,Pune,678493,Powered Athletes High Performance Centre,1083576,Sunday cricket 21 July,,2079953,League Matches,4667754,Ball Tamperers,94/7,4667770,Ball Burners,96/2,Toss: Ball Tamperers opt to bat,8 wickets,Ball Burners,Resulted,0,0,2026-09-01T20:30:29.296971+00:00
12146264,Limited Overs,LEATHER,past,2024-07-27T09:13:00.000Z,3003,Pune,557585,Platinum Cricket Ground.,988766,PCG PREMIER LEAGUE 2024 SEASON 1,,1894270,Qualifier  2,6914316,*FEATHER ENTERPRISES*,182/8,810983,MedicosUnited,131/8,Toss: *FEATHER ENTERPRISES* opt to bat,51 runs,*FEATHER ENTERPRISES*,Resulted,0,0,2026-09-01T20:30:29.296971+00:00
12175304,Limited Overs,TENNIS,past,2024-07-28T08:13:14.000Z,3003,Pune,639627,"MatchDay Arena, Wakad",959630,Morning Group By RCC,,1835465,League Matches,5878824,RCC MW Titans,128/12,5878867,RCC MW Falcons,132/8,Toss: RCC MW Titans opt to bat,2 wickets,RCC MW Falcons,Resulted,0,0,2026-09-01T20:30:29.296971+00:00
12179114,Limited Overs,TENNIS,past,2024-07-28T09:39:16.000Z,3003,Pune,639627,"MatchDay Arena, Wakad",959630,Morning Group By RCC,,1835465,League Matches,5878867,RCC MW Falcons,108/7,5878824,RCC MW Titans,114/8,Toss: RCC MW Titans opt to field,3 wickets,RCC MW Titans,Resulted,0,0,2026-09-01T20:30:29.296971+00:00
12185885,Limited Overs,LEATHER,past,2024-12-07T04:07:55.000Z,3003,Pune,722190,Sunny 11 Cricket Ground Handewadi,1081027,BIG HIT CORPORATE  TOURNAMENT 2024 - season 1,,2082779,League Matches,4477488,UFCC- United Friends Cricket Club,139/9,4115371,ProCor United 11,99/10,Toss: ProCor United 11 opt to field,40 runs,UFCC- United Friends Cricket Club,Resulted,0,0,2026-09-01T20:30:29.296971+00:00
12194211,Limited Overs,TENNIS,past,2024-07-30T01:44:35.000Z,3003,Pune,639627,"MatchDay Arena, Wakad",959630,Morning Group By RCC,,1835465,League Matches,5878867,RCC MW Falcons,88/10,5878824,RCC MW Titans,94/7,Toss: RCC MW Falcons opt to bat,3 wickets,RCC MW Titans,Resulted,0,0,2026-09-01T20:30:29.296971+00:00
12194609,Limited Overs,TENNIS,past,2024-07-30T02:57:25.000Z,3003,Pune,639627,"MatchDay Arena, Wakad",959630,Morning Group By RCC,,1835465,League Matches,5878824,RCC MW Titans,113/8,5878867,RCC MW Falcons,77/6,Toss: RCC MW Titans opt to bat,36 runs,RCC MW Titans,Resulted,0,0,2026-09-01T20:30:29.296971+00:00
12210578,Limited Overs,LEATHER,past,2024-08-17T07:53:34.000Z,3003,Pune,557585,Platinum Cricket Ground.,1087371,PCG Royal Monsoon Cup 2024,,2086987,League Matches,810983,MedicosUnited,83/10,5254542,*JWD*,85/5,Toss: MedicosUnited opt to bat,5 wickets,*JWD*,Resulted,0,0,2026-09-01T20:30:29.296971+00:00
12210603,Limited Overs,LEATHER,past,2024-08-18T08:18:00.000Z,3003,Pune,557585,Platinum Cricket Ground.,1087371,PCG Royal Monsoon Cup 2024,,2086987,League Matches,3499616,MIGHTY LIONS,110/10,810983,MedicosUnited,111/5,Toss: MIGHTY LIONS opt to bat,5 wickets,MedicosUnited,Resulted,0,0,2026-09-01T20:30:29.296971+00:00
12244814,Box Cricket,TENNIS,past,2024-08-04T04:36:56.000Z,3003,Pune,678493,Powered Athletes High Performance Centre,1094016,Sunday Cricket 4 August ,,2099651,League Matches,4667770,Ball Burners,93/3,4667754,Ball Tamperers,53/4,Toss: Ball Tamperers opt to field,40 runs,Ball Burners,Resulted,0,0,2026-09-01T20:30:29.296971+00:00
12245327,Box Cricket,TENNIS,past,2024-08-04T04:56:19.000Z,3003,Pune,678493,Powered Athletes High Performance Centre,1094016,Sunday Cricket 4 August ,,2099651,League Matches,4667754,Ball Tamperers,50/5,4667770,Ball Burners,51/6,Toss: Ball Tamperers opt to bat,1 wicket,Ball Burners,Resulted,0,0,2026-09-01T20:30:29.296971+00:00
12246304,Box Cricket,TENNIS,past,2024-08-04T05:32:56.000Z,3003,Pune,678493,Powered Athletes High Performance Centre,1094016,Sunday Cricket 4 August ,,2099651,League Matches,4667770,Ball Burners,66/6,4667754,Ball Tamperers,69/5,Toss: Ball Tamperers opt to field,3 wickets,Ball Tamperers,Resulted,0,0,2026-09-01T20:30:29.296971+00:00
12247160,Box Cricket,TENNIS,past,2024-08-04T06:02:14.000Z,3003,Pune,678493,Powered Athletes High Performance Centre,1094016,Sunday Cricket 4 August ,,2099651,League Matches,4667770,Ball Burners,108/6,4667754,Ball Tamperers,102/4,Toss: Ball Burners opt to bat,6 runs,Ball Burners,Resulted,0,0,2026-09-01T20:30:29.296971+00:00
12247986,Box Cricket,TENNIS,past,2024-08-04T06:38:09.000Z,3003,Pune,678493,Powered Athletes High Performance Centre,1094016,Sunday Cricket 4 August ,,2099651,League Matches,4667770,Ball Burners,49/10,4667754,Ball Tamperers,50/4,Toss: Ball Tamperers opt to field,4 wickets,Ball Tamperers,Resulted,0,0,2026-09-01T20:30:29.296971+00:00
12248628,Limited Overs,TENNIS,past,2024-08-04T07:11:59.000Z,3003,Pune,678493,Powered Athletes High Performance Centre,1094016,Sunday Cricket 4 August ,,2099651,League Matches,4667770,Ball Burners,77/6,4667754,Ball Tamperers,59/8,Toss: Ball Burners opt to bat,18 runs,Ball Burners,Resulted,0,0,2026-09-01T20:30:29.296971+00:00
12256040,Limited Overs,TENNIS,past,2024-08-05T01:40:49.000Z,3003,Pune,639627,"MatchDay Arena, Wakad",959630,Morning Group By RCC,,1835465,League Matches,5878824,RCC MW Titans,90/6,5878867,RCC MW Falcons,91/5,Toss: RCC MW Titans opt to bat,5 wickets,RCC MW Falcons,Resulted,0,0,2026-09-01T20:30:29.296971+00:00
12259908,Limited Overs,TENNIS,past,2024-08-05T02:49:47.000Z,3003,Pune,639627,"MatchDay Arena, Wakad",959630,Morning Group By RCC,,1835465,League Matches,5878867,RCC MW Falcons,129/9,5878824,RCC MW Titans,124/7,Toss: RCC MW Falcons opt to bat,5 runs,RCC MW Falcons,Resulted,0,0,2026-09-01T20:30:29.296971+00:00
12280339,Limited Overs,LEATHER,past,2024-10-06T08:23:44.000Z,3003,Pune,681222,Rajgad Sports Club Awhalwadi Pune,1033601,Corporate Cricket League 4 - White Ball Tournament,,2104566,League Matches,810983,MedicosUnited,137/10,1123700,Pune Hurricanes,88/10,Toss: MedicosUnited opt to bat,49 runs,MedicosUnited,Resulted,0,0,2026-09-01T20:30:29.296971+00:00
12318978,Box Cricket,TENNIS,past,2024-08-11T06:46:58.000Z,3003,Pune,600182,kaveri nagar football turf,1075086,Mansoon Box Open League,,2110273,Round One,7570440,Aarcon Challengers,69/4,7570449,SK Challengers,71/1,Toss: Aarcon Challengers opt to bat,5 wickets,SK Challengers,Resulted,0,0,2026-09-01T20:30:29.296971+00:00
12327901,Box Cricket,TENNIS,past,2024-08-11T10:26:06.000Z,3003,Pune,600182,kaveri nagar football turf,1075086,Mansoon Box Open League,,2111367,Quarter Final,7570449,SK Challengers,60/3,7571767,Sambhav Warriors,63/2,Toss: SK Challengers opt to bat,4 wickets,Sambhav Warriors,Resulted,0,0,2026-09-01T20:30:29.296971+00:00
12359339,Limited Overs,LEATHER,past,2024-12-08T03:43:00.000Z,3003,Pune,282913,Cricathon Cricket Ground,1065002,Cricathon Bigbash Cup 2024-25 Season 3,,2067490,League Matches,938988,Sunrisers-Phoenix,203/8,2141371,Cricathon Sports Club,94/10,Toss: Cricathon Sports Club opt to field,109 runs,Sunrisers-Phoenix,Resulted,0,0,2026-09-01T20:30:29.296971+00:00
12361958,Box Cricket,TENNIS,past,2024-08-15T02:20:12.000Z,3003,Pune,678493,Powered Athletes High Performance Centre,1103322,Independence Day Cricket,,2117180,League Matches,4667754,Ball Tamperers,49/4,4667770,Ball Burners,50/3,Toss: Ball Tamperers opt to bat,2 wickets,Ball Burners,Resulted,0,0,2026-09-01T20:30:29.296971+00:00
12362383,Box Cricket,TENNIS,past,2024-08-15T02:43:45.000Z,3003,Pune,678493,Powered Athletes High Performance Centre,1103322,Independence Day Cricket,,2117180,League Matches,4667754,Ball Tamperers,99/5,4667770,Ball Burners,90/3,Toss: Ball Burners opt to field,9 runs,Ball Tamperers,Resulted,0,0,2026-09-01T20:30:29.296971+00:00
12362866,Box Cricket,TENNIS,past,2024-08-15T03:14:09.000Z,3003,Pune,678493,Powered Athletes High Performance Centre,1103322,Independence Day Cricket,,2117180,League Matches,4667770,Ball Burners,69/5,4667754,Ball Tamperers,70/3,Toss: Ball Burners opt to bat,2 wickets,Ball Tamperers,Resulted,0,0,2026-09-01T20:30:29.296971+00:00
12363240,Box Cricket,TENNIS,past,2024-08-15T03:39:33.000Z,3003,Pune,678493,Powered Athletes High Performance Centre,1103322,Independence Day Cricket,,2117180,League Matches,4667754,Ball Tamperers,64/6,4667770,Ball Burners,66/3,Toss: Ball Burners opt to field,3 wickets,Ball Burners,Resulted,0,0,2026-09-01T20:30:29.296971+00:00
12363559,Box Cricket,TENNIS,past,2024-08-15T04:02:26.000Z,3003,Pune,678493,Powered Athletes High Performance Centre,1103322,Independence Day Cricket,,2117180,League Matches,4667754,Ball Tamperers,81/5,4667770,Ball Burners,48/5,Toss: Ball Burners opt to field,33 runs,Ball Tamperers,Resulted,0,0,2026-09-01T20:30:29.296971+00:00
12364057,Box Cricket,TENNIS,past,2024-08-15T04:33:49.000Z,3003,Pune,678493,Powered Athletes High Performance Centre,1103322,Independence Day Cricket,,2117180,League Matches,4667754,Ball Tamperers,61/6,4667770,Ball Burners,62/0,Toss: Ball Tamperers opt to bat,5 wickets,Ball Burners,Resulted,0,0,2026-09-01T20:30:29.296971+00:00
12364509,Box Cricket,TENNIS,past,2024-08-15T04:53:00.000Z,3003,Pune,678493,Powered Athletes High Performance Centre,1103322,Independence Day Cricket,,2117180,League Matches,4667754,Ball Tamperers,70/5,4667770,Ball Burners,48/6,Toss: Ball Tamperers opt to bat,22 runs,Ball Tamperers,Resulted,0,0,2026-09-01T20:30:29.296971+00:00
12364900,Box Cricket,TENNIS,past,2024-08-15T05:16:13.000Z,3003,Pune,678493,Powered Athletes High Performance Centre,1103322,Independence Day Cricket,,2117180,League Matches,4667770,Ball Burners,113/2,4667754,Ball Tamperers,86/3,Toss: Ball Burners opt to bat,27 runs,Ball Burners,Resulted,0,0,2026-09-01T20:30:29.296971+00:00
12391466,Limited Overs,TENNIS,past,2024-08-17T09:30:00.000Z,4454,Hyderabad (Telangana),383303,Sanvi Cricket Ground,,,,,,5036365,Eagles,185/9,7603477,Dragon Defenders,136/9,Toss: Eagles opt to bat,49 runs,Eagles,Resulted,0,0,2026-09-01T20:30:29.296971+00:00
12411695,Limited Overs,OTHER,past,2024-08-25T02:47:36.000Z,2811,Dombivli,741441,New ground Palava,1106370,LSG CRICKET CLUB WIND BALL TOURNAMENT ,,2123884,Super Four,7609059,LSG SUPERGAINTS,57/5,7609048,LSG TITANS,60/2,Toss: LSG TITANS opt to field,8 wickets,LSG TITANS,Resulted,0,0,2026-09-01T20:30:29.296971+00:00
12411698,Limited Overs,OTHER,past,2024-08-25T04:38:07.000Z,2811,Dombivli,741441,New ground Palava,1106370,LSG CRICKET CLUB WIND BALL TOURNAMENT ,,2123884,Super Four,7609059,LSG SUPERGAINTS,65/3,7609054,LSG WARRIORS,32/4,Toss: LSG WARRIORS opt to field,33 runs,LSG SUPERGAINTS,Resulted,0,0,2026-09-01T20:30:29.296971+00:00
12411700,Limited Overs,OTHER,past,2024-08-25T06:45:14.000Z,2811,Dombivli,741441,New ground Palava,1106370,LSG CRICKET CLUB WIND BALL TOURNAMENT ,,2123884,Super Four,7609059,LSG SUPERGAINTS,84/2,7609052,LSG INDIANS,73/2,Toss: LSG SUPERGAINTS opt to bat,11 runs,LSG SUPERGAINTS,Resulted,0,0,2026-09-01T20:30:29.296971+00:00
12448070,Limited Overs,TENNIS,past,2024-08-25T04:16:00.000Z,3003,Pune,188404,GK Silverland Residency PHASE 1,1109286,Monsoon Series,,2129055,League Matches,7627386,Thunder Titans,72/5,7627400,Hurricane Blasters,74/1,Toss: Hurricane Blasters opt to field,5 wickets,Hurricane Blasters,Resulted,0,0,2026-09-01T20:30:29.296971+00:00
12448075,Limited Overs,TENNIS,past,2024-08-25T05:05:43.000Z,3003,Pune,188404,GK Silverland Residency PHASE 1,1109286,Monsoon Series,,2129055,League Matches,7627387,Cloud Busters,85/3 & 12/0,7627385,Tsunami Boys,85/1 & 10/0,Toss: Tsunami Boys opt to field,Match Tied (Cloud Busters won the super over),Cloud Busters,Resulted,0,1,2026-09-01T20:30:29.296971+00:00
12448082,Limited Overs,TENNIS,past,2024-08-25T06:29:56.000Z,3003,Pune,188404,GK Silverland Residency PHASE 1,1109286,Monsoon Series,,2129055,League Matches,7627400,Hurricane Blasters,41/6,7627387,Cloud Busters,43/1,Toss: Cloud Busters opt to field,5 wickets,Cloud Busters,Resulted,0,0,2026-09-01T20:30:29.296971+00:00
12448084,Limited Overs,TENNIS,past,2024-08-25T07:00:02.000Z,3003,Pune,188404,GK Silverland Residency PHASE 1,1109286,Monsoon Series,,2129055,League Matches,7627400,Hurricane Blasters,94/1,7627385,Tsunami Boys,66/5,Toss: Tsunami Boys opt to field,28 runs,Hurricane Blasters,Resulted,0,0,2026-09-01T20:30:29.296971+00:00
12448088,Limited Overs,TENNIS,past,2024-08-25T07:36:55.000Z,3003,Pune,188404,GK Silverland Residency PHASE 1,1109286,Monsoon Series,,2129055,League Matches,7627386,Thunder Titans,76/5,7627387,Cloud Busters,77/2,Toss: Thunder Titans opt to bat,4 wickets,Cloud Busters,Resulted,0,0,2026-09-01T20:30:29.296971+00:00
12462652,Limited Overs,TENNIS,past,2024-08-24T02:56:57.000Z,2469,Indore,731855,Offside Turf Near Treasure Town Bijapur,,,,,,7634220,Pushpendra xl off side,69/11,7634257,Aditiya xl,67/12,Toss: Pushpendra xl off side opt to bat,2 runs,Pushpendra xl off side,Resulted,0,0,2026-09-01T20:30:29.296971+00:00
12463460,Limited Overs,TENNIS,past,2024-08-24T04:09:35.000Z,2469,Indore,731855,Offside Turf Near Treasure Town Bijapur,,,,,,7634220,Pushpendra xl off side,111/9,7634257,Aditiya xl,93/10,Toss: Pushpendra xl off side opt to bat,18 runs,Pushpendra xl off side,Resulted,0,0,2026-09-01T20:30:29.296971+00:00
12464207,Limited Overs,TENNIS,past,2024-08-24T05:13:51.000Z,2469,Indore,731855,Offside Turf Near Treasure Town Bijapur,,,,,,7634220,Pushpendra xl off side,41/11,7634257,Aditiya xl,45/9,Toss: Pushpendra xl off side opt to bat,1 wicket,Aditiya xl,Resulted,0,0,2026-09-01T20:30:29.296971+00:00
12483176,Box Cricket,TENNIS,past,2024-08-25T04:50:32.000Z,3003,Pune,678493,Powered Athletes High Performance Centre,1111428,25 August Sunday Cricket,,2133746,League Matches,4667770,Ball Burners,121/5 & 0/2,4667754,Ball Tamperers,121/6 & 11/0,Toss: Ball Burners opt to bat,Match Tied (Team Akash won the super over),Ball Tamperers,Resulted,0,1,2026-09-01T20:30:29.296971+00:00
12484264,Box Cricket,TENNIS,past,2024-08-25T05:29:18.000Z,3003,Pune,678493,Powered Athletes High Performance Centre,1111428,25 August Sunday Cricket,,2133746,League Matches,4667754,Ball Tamperers,96/8,4667770,Ball Burners,89/9,Toss: Ball Burners opt to field,7 runs,Ball Tamperers,Resulted,0,0,2026-09-01T20:30:29.296971+00:00
12485174,Box Cricket,TENNIS,past,2024-08-25T06:00:26.000Z,3003,Pune,678493,Powered Athletes High Performance Centre,1111428,25 August Sunday Cricket,,2133746,League Matches,4667770,Ball Burners,61/8,4667754,Ball Tamperers,65/8,Toss: Ball Burners opt to bat,1 wicket,Ball Tamperers,Resulted,0,0,2026-09-01T20:30:29.296971+00:00
12485971,Box Cricket,TENNIS,past,2024-08-25T06:36:48.000Z,3003,Pune,678493,Powered Athletes High Performance Centre,1111428,25 August Sunday Cricket,,2133746,League Matches,4667770,Ball Burners,134/7,4667754,Ball Tamperers,90/7,Toss: Ball Burners opt to bat,44 runs,Ball Burners,Resulted,0,0,2026-09-01T20:30:29.296971+00:00
12486823,Box Cricket,TENNIS,past,2024-08-25T07:19:27.000Z,3003,Pune,678493,Powered Athletes High Performance Centre,1111428,25 August Sunday Cricket,,2133746,League Matches,4667770,Ball Burners,120/3,4667754,Ball Tamperers,91/8,Toss: Ball Burners opt to bat,29 runs,Ball Burners,Resulted,0,0,2026-09-01T20:30:29.296971+00:00
12487771,Limited Overs,TENNIS,past,2024-08-25T10:35:25.000Z,3003,Pune,188404,GK Silverland Residency PHASE 1,1109286,Monsoon Series,,2129055,League Matches,7627400,Hurricane Blasters,111/0,7627385,Tsunami Boys,72/6,Toss: Tsunami Boys opt to field,39 runs,Hurricane Blasters,Resulted,0,0,2026-09-01T20:30:29.296971+00:00
12488165,Limited Overs,OTHER,past,2024-08-25T08:30:31.000Z,2811,Dombivli,741441,New ground Palava,1106370,LSG CRICKET CLUB WIND BALL TOURNAMENT ,,2123879,Eliminator,7609054,LSG WARRIORS,65/5,7609059,LSG SUPERGAINTS,37/5,Toss: LSG WARRIORS opt to bat,28 runs,LSG WARRIORS,Resulted,0,0,2026-09-01T20:30:29.296971+00:00
12492474,Limited Overs,TENNIS,past,2024-08-25T11:19:37.000Z,3003,Pune,188404,GK Silverland Residency PHASE 1,1109286,Monsoon Series,,2129055,League Matches,7627387,Cloud Busters,80/6,7627400,Hurricane Blasters,82/0,Toss: Hurricane Blasters opt to field,6 wickets,Hurricane Blasters,Resulted,0,0,2026-09-01T20:30:29.296971+00:00
12517102,Limited Overs,LEATHER,past,2024-11-16T04:36:22.000Z,3003,Pune,253255,Veerangan Cricket Academy,1031928,Mercenaries Premier League -Season 6- Oct 2024,,2137148,League Matches,3877509,CrazyCricketers,116/9,7381298,KINGS CLUB,119/3,Toss: KINGS CLUB opt to field,7 wickets,KINGS CLUB,Resulted,0,0,2026-09-01T20:30:29.296971+00:00
12517126,Limited Overs,LEATHER,past,2024-11-17T04:17:00.000Z,3003,Pune,253255,Veerangan Cricket Academy,1031928,Mercenaries Premier League -Season 6- Oct 2024,,2137148,League Matches,1123700,Pune Hurricanes,157/4,7381298,KINGS CLUB,115/10,Toss: KINGS CLUB opt to field,42 runs,Pune Hurricanes,Resulted,0,0,2026-09-01T20:30:29.296971+00:00
12525381,Limited Overs,TENNIS,past,2024-10-13T04:15:12.000Z,3003,Pune,114039,Club Chrysallis,,,,,,4130879,Spandoo Spartans,144/6,5470272,Cricket Commandos,122/9,Toss: Spandoo Spartans opt to bat,22 runs,Spandoo Spartans,Resulted,0,0,2026-09-01T20:30:29.296971+00:00
12532881,Limited Overs,TENNIS,past,2024-08-31T04:48:04.000Z,3003,Pune,346898,Balasaheb Kunjir Kridangan,1115462,LP Tri series,,2140908,League Matches,4447038,LP Titans,94/4,7664645,Team Avengers,62/7,Toss: LP Titans opt to bat,32 runs,LP Titans,Resulted,0,0,2026-09-01T20:30:29.296971+00:00
12532888,Limited Overs,TENNIS,past,2024-08-31T06:05:49.000Z,3003,Pune,346898,Balasaheb Kunjir Kridangan,1115462,LP Tri series,,2140908,League Matches,7664645,Team Avengers,Yet to bat,4447038,LP Titans,Yet to bat,Toss: Team Avengers opt to bat,Abandoned,,Abandoned,0,0,2026-09-01T20:30:29.296971+00:00
12545142,Limited Overs,TENNIS,past,2024-08-31T11:39:14.000Z,3003,Pune,6853,Infinity Cricket Ground,1114248,Aai Baba Cricket Board-BCT-Season-2,,2141822,League Matches,6267777,Pavana Super Kings,50/2,7665970,Seven Strikers,26/1,Toss: Seven Strikers opt to field,24 runs,Pavana Super Kings,Resulted,0,0,2026-09-01T20:30:29.296971+00:00
12555375,Box Cricket,TENNIS,past,2024-09-01T03:05:52.000Z,3003,Pune,678493,Powered Athletes High Performance Centre,1117104,1 September Sunday Cricket,,2143998,League Matches,4667754,Ball Tamperers,91/6,4667770,Ball Burners,73/6,Toss: Ball Tamperers opt to bat,18 runs,Ball Tamperers,Resulted,0,0,2026-09-01T20:30:29.296971+00:00
12556179,Box Cricket,TENNIS,past,2024-09-01T03:35:39.000Z,3003,Pune,678493,Powered Athletes High Performance Centre,1117104,1 September Sunday Cricket,,2143998,League Matches,4667770,Ball Burners,83/8,4667754,Ball Tamperers,82/8,Toss: Ball Burners opt to bat,1 runs,Ball Burners,Resulted,0,0,2026-09-01T20:30:29.296971+00:00
12556941,Box Cricket,TENNIS,past,2024-09-01T04:02:54.000Z,3003,Pune,678493,Powered Athletes High Performance Centre,1117104,1 September Sunday Cricket,,2143998,League Matches,4667754,Ball Tamperers,104/8,4667770,Ball Burners,98/6,Toss: Ball Tamperers opt to bat,6 runs,Ball Tamperers,Resulted,0,0,2026-09-01T20:30:29.296971+00:00
12557793,Box Cricket,TENNIS,past,2024-09-01T04:34:55.000Z,3003,Pune,678493,Powered Athletes High Performance Centre,1117104,1 September Sunday Cricket,,2143998,League Matches,4667770,Ball Burners,45/9,4667754,Ball Tamperers,47/7,Toss: Ball Burners opt to bat,1 wicket,Ball Tamperers,Resulted,0,0,2026-09-01T20:30:29.296971+00:00
12558590,Box Cricket,TENNIS,past,2024-09-01T05:03:17.000Z,3003,Pune,678493,Powered Athletes High Performance Centre,1117104,1 September Sunday Cricket,,2143998,League Matches,4667754,Ball Tamperers,42/9,4667770,Ball Burners,48/2,Toss: Ball Tamperers opt to bat,6 wickets,Ball Burners,Resulted,0,0,2026-09-01T20:30:29.296971+00:00
12559127,Box Cricket,TENNIS,past,2024-09-01T05:20:57.000Z,3003,Pune,678493,Powered Athletes High Performance Centre,1117104,1 September Sunday Cricket,,2143998,League Matches,4667770,Ball Burners,142/4,4667754,Ball Tamperers,50/7,Toss: Ball Tamperers opt to field,92 runs,Ball Burners,Resulted,0,0,2026-09-01T20:30:29.296971+00:00
12559790,Box Cricket,TENNIS,past,2024-09-01T05:47:07.000Z,3003,Pune,678493,Powered Athletes High Performance Centre,1117104,1 September Sunday Cricket,,2143998,League Matches,4667754,Ball Tamperers,110/5,4667770,Ball Burners,114/3,Toss: Ball Tamperers opt to bat,5 wickets,Ball Burners,Resulted,0,0,2026-09-01T20:30:29.296971+00:00
12560361,Box Cricket,TENNIS,past,2024-09-01T06:11:15.000Z,3003,Pune,678493,Powered Athletes High Performance Centre,1117104,1 September Sunday Cricket,,2143998,League Matches,4667770,Ball Burners,145/5,4667754,Ball Tamperers,32/9,Toss: Ball Burners opt to bat,113 runs,Ball Burners,Resulted,0,0,2026-09-01T20:30:29.296971+00:00
12583097,Limited Overs,TENNIS,past,2024-10-19T08:54:00.000Z,4454,Hyderabad (Telangana),238106,Brinda Cricket Ground - 3,1108589,EPAM Premier League Season 6,,2127904,League Matches,7623237,EPAM Super Kings,68/10,7623236,Aces,70/2,Toss: EPAM Super Kings opt to bat,8 wickets,Aces,Resulted,0,0,2026-09-01T20:30:29.296971+00:00
12583171,Limited Overs,TENNIS,past,2024-10-19T08:24:12.000Z,4454,Hyderabad (Telangana),526369,Brinda Cricket Ground - 1,1108589,EPAM Premier League Season 6,,2127904,League Matches,7623262,Tech Titans,165/9,7623260,Dragon Defenders,95/10,Toss: Tech Titans opt to bat,70 runs,Tech Titans,Resulted,0,0,2026-09-01T20:30:29.296971+00:00
12583246,Limited Overs,TENNIS,past,2024-10-05T09:32:13.000Z,4454,Hyderabad (Telangana),526369,Brinda Cricket Ground - 1,1108589,EPAM Premier League Season 6,,2127904,League Matches,7623237,EPAM Super Kings,138/10,7623238,Circuit Avengers,139/1,Toss: EPAM Super Kings opt to bat,9 wickets,Circuit Avengers,Resulted,0,0,2026-09-01T20:30:29.296971+00:00
12583324,Limited Overs,TENNIS,past,2024-09-28T02:10:00.000Z,4454,Hyderabad (Telangana),79558,Rahul Cricket Ground,1108589,EPAM Premier League Season 6,,2127904,League Matches,7623235,Dominators,79/10,7623237,EPAM Super Kings,80/4,Toss: Dominators opt to bat,6 wickets,EPAM Super Kings,Resulted,0,0,2026-09-01T20:30:29.296971+00:00
12583479,Limited Overs,TENNIS,past,2024-09-14T08:58:00.000Z,4454,Hyderabad (Telangana),79558,Rahul Cricket Ground,1108589,EPAM Premier League Season 6,,2127904,League Matches,7623260,Dragon Defenders,89/10,7623258,EPAM Power Hitters,90/5,Toss: Dragon Defenders opt to bat,5 wickets,EPAM Power Hitters,Resulted,0,0,2026-09-01T20:30:29.296971+00:00
12583520,Limited Overs,TENNIS,past,2024-09-14T05:47:29.000Z,4454,Hyderabad (Telangana),238106,Brinda Cricket Ground - 3,1108589,EPAM Premier League Season 6,,2127904,League Matches,7623233,Golden Arrows,197/9,7623237,EPAM Super Kings,143/8,Toss: EPAM Super Kings opt to field,54 runs,Golden Arrows,Resulted,0,0,2026-09-01T20:30:29.296971+00:00
12583556,Limited Overs,TENNIS,past,2024-09-21T08:34:00.000Z,4454,Hyderabad (Telangana),716011,Msk Prasad International Cricket Grounds,1108589,EPAM Premier League Season 6,,2127904,League Matches,7623237,EPAM Super Kings,108/9,7623230,Elites,110/1,Toss: EPAM Super Kings opt to bat,9 wickets,Elites,Resulted,0,0,2026-09-01T20:30:29.296971+00:00
12583592,Limited Overs,TENNIS,past,2024-09-21T02:39:01.000Z,4454,Hyderabad (Telangana),526369,Brinda Cricket Ground - 1,1108589,EPAM Premier League Season 6,,2127904,League Matches,7623263,Elite Warriors,169/4,7623260,Dragon Defenders,94/10,Toss: Elite Warriors opt to bat,75 runs,Elite Warriors,Resulted,0,0,2026-09-01T20:30:29.296971+00:00
12583652,Limited Overs,TENNIS,past,2024-09-28T04:45:00.000Z,4454,Hyderabad (Telangana),238106,Brinda Cricket Ground - 3,1108589,EPAM Premier League Season 6,,2127904,League Matches,7623260,Dragon Defenders,87/10,7623253,Lancers,91/4,Toss: Lancers opt to field,6 wickets,Lancers,Resulted,0,0,2026-09-01T20:30:29.296971+00:00
12584580,Limited Overs,TENNIS,past,2024-09-03T15:42:38.000Z,3003,Pune,639627,"MatchDay Arena, Wakad",983089,Night Group By RCC,,1943519,League Matches,7522139,RCC Morning Regulars,70/8,3084764,Royals Regulars,72/9,Toss: Royals Regulars opt to field,2 wickets,Royals Regulars,Resulted,0,0,2026-09-01T20:30:29.296971+00:00
12586480,Limited Overs,TENNIS,past,2024-09-03T16:57:28.000Z,3003,Pune,639627,"MatchDay Arena, Wakad",983089,Night Group By RCC,,1943519,League Matches,3084764,Royals Regulars,78/10,7522139,RCC Morning Regulars,83/4,Toss: Royals Regulars opt to bat,6 wickets,RCC Morning Regulars,Resulted,0,0,2026-09-01T20:30:29.296971+00:00
12614886,Limited Overs,LEATHER,past,2024-09-08T08:48:39.000Z,3003,Pune,681222,Rajgad Sports Club Awhalwadi Pune,1073637,CCL - Weekend Matches,,2061520,League Matches,6982692,Incisive,148/10,810983,MedicosUnited,132/10,Toss: Incisive opt to bat,16 runs,Incisive,Resulted,0,0,2026-09-01T20:30:29.296971+00:00
12667729,Limited Overs,LEATHER,past,2024-09-14T04:33:54.000Z,3003,Pune,681222,Rajgad Sports Club Awhalwadi Pune,1073637,CCL - Weekend Matches,,2061520,League Matches,4028345,Black Panthers,172/10,7381298,KINGS CLUB,76/9,Toss: Black Panthers opt to bat,96 runs,Black Panthers,Resulted,0,0,2026-09-01T20:30:29.296971+00:00
12672174,Limited Overs,LEATHER,past,2025-02-15T02:04:00.000Z,3003,Pune,427292,SILVER CRICKET ACADAMY - CHIKHALI,1077758,Mahil Sports Presents KPL Mix Corporate T20 League Season 10,,2160100,League Matches,493156,Kridangan Sports Stallions CC Pune,75/10,2765155,CricUnited XI,80/3,Toss: CricUnited XI opt to field,7 wickets,CricUnited XI,Resulted,0,0,2026-09-01T20:30:29.296971+00:00
12672425,Limited Overs,LEATHER,past,2024-12-21T09:40:00.000Z,3003,Pune,427292,SILVER CRICKET ACADAMY - CHIKHALI,1077758,Mahil Sports Presents KPL Mix Corporate T20 League Season 10,,2160100,League Matches,3764421,Play IN Sports Club,108/6,2765155,CricUnited XI,111/1,Toss: Play IN Sports Club opt to bat,9 wickets,CricUnited XI,Resulted,0,0,2026-09-01T20:30:29.296971+00:00
12672574,Limited Overs,LEATHER,past,2025-02-08T08:47:00.000Z,3003,Pune,427292,SILVER CRICKET ACADAMY - CHIKHALI,1077758,Mahil Sports Presents KPL Mix Corporate T20 League Season 10,,2160100,League Matches,2765155,CricUnited XI,162/8,2436247,Kharadi Lions,163/4,Toss: CricUnited XI opt to bat,5 wickets,Kharadi Lions,Resulted,0,0,2026-09-01T20:30:29.296971+00:00
12672611,Limited Overs,LEATHER,past,2025-02-16T02:03:00.000Z,3003,Pune,427292,SILVER CRICKET ACADAMY - CHIKHALI,1077758,Mahil Sports Presents KPL Mix Corporate T20 League Season 10,,2160100,League Matches,2436247,Kharadi Lions,136/6,3014809,RDX,137/6,Toss: RDX opt to field,4 wickets,RDX,Resulted,0,0,2026-09-01T20:30:29.296971+00:00
12676201,Limited Overs,LEATHER,past,2024-09-15T04:26:08.000Z,3003,Pune,253255,Veerangan Cricket Academy,,,,,,810983,MedicosUnited,273/5,6092352,Pune Super Kings,106/10,Toss: Pune Super Kings opt to field,167 runs,MedicosUnited,Resulted,0,0,2026-09-01T20:30:29.296971+00:00
12680590,Limited Overs,TENNIS,past,2024-09-13T15:48:04.000Z,3003,Pune,70350,Soccer And Snooker Dhanori,1126024,SANMAN CHASHAK 2024,,2161186,League Matches,7578237,GAME CHANGERS,68/4,7578260,KHALSA QUEENS,12/0,Toss: GAME CHANGERS opt to bat,56 runs,GAME CHANGERS,Resulted,0,0,2026-09-01T20:30:29.296971+00:00
12687102,Limited Overs,LEATHER,past,2024-09-14T06:02:44.000Z,2718,Ahmednagar,370688,Trimurti Cricket Ground,,,,,,4195728,Warriors,78/2,4195790,Titans,38/0,Toss: Titans opt to field,40 runs,Warriors,Resulted,0,0,2026-09-01T20:30:29.296971+00:00
12749578,Limited Overs,TENNIS,past,2024-11-17T01:34:33.000Z,3003,Pune,377334,30 Yard cricket Ground Chandkhed,,,,,,5146670,LR-Fearless Fighters,142/7,3069797,RA Challengers,133/8,Toss: LR-Fearless Fighters opt to bat,9 runs,LR-Fearless Fighters,Resulted,0,0,2026-09-01T20:30:29.296971+00:00
12766716,Limited Overs,LEATHER,past,2024-09-21T04:19:00.000Z,3003,Pune,282913,Cricathon Cricket Ground,,,,,,6914624,Elites 11,138/8,6748181,SS (Shinning Stars),133/9,Toss: Elites 11 opt to bat,5 runs,Elites 11,Resulted,0,0,2026-09-01T20:30:29.296971+00:00
12784303,Limited Overs,TENNIS,past,2024-09-22T03:08:52.000Z,3003,Pune,22428,Dhobi Graund dehuroad,,,,,,285804,Silverland SuperGiants,56/5,882803,Rejoin Cricket Club,60/2,Toss: Rejoin Cricket Club opt to field,8 wickets,Rejoin Cricket Club,Resulted,0,0,2026-09-01T20:30:29.296971+00:00
12785916,Box Cricket,TENNIS,past,2024-09-22T03:52:46.000Z,3003,Pune,470307,Nutmeg Arena Turf,1133436,SUNDAY CRICKET ,,2175560,League Matches,7771710,Team Sagar,68/2,7771708,Team Pawar,40/4,Toss: Team Sagar opt to bat,28 runs,Team Sagar,Resulted,0,0,2026-09-01T20:30:29.296971+00:00
12786808,Box Cricket,TENNIS,past,2024-09-22T04:18:23.000Z,3003,Pune,470307,Nutmeg Arena Turf,1133436,SUNDAY CRICKET ,,2175560,League Matches,7771710,Team Sagar,105/4,7771708,Team Pawar,72/4,Toss: Team Sagar opt to bat,33 runs,Team Sagar,Resulted,0,0,2026-09-01T20:30:29.296971+00:00
12787362,Limited Overs,TENNIS,past,2024-09-22T04:35:21.000Z,3003,Pune,22428,Dhobi Graund dehuroad,,,,,,285804,Silverland SuperGiants,84/3,3382845,RISINGXI,77/3,Toss: RISINGXI opt to field,7 runs,Silverland SuperGiants,Resulted,0,0,2026-09-01T20:30:29.296971+00:00
12787657,Box Cricket,TENNIS,past,2024-09-22T04:44:41.000Z,3003,Pune,470307,Nutmeg Arena Turf,1133436,SUNDAY CRICKET ,,2175560,League Matches,7771708,Team Pawar,101/3,7771710,Team Sagar,79/3,Toss: Team Pawar opt to bat,22 runs,Team Pawar,Resulted,0,0,2026-09-01T20:30:29.296971+00:00
12788563,Box Cricket,TENNIS,past,2024-09-22T05:15:10.000Z,3003,Pune,470307,Nutmeg Arena Turf,1133436,SUNDAY CRICKET ,,2175560,League Matches,7771708,Team Pawar,60/8,7771710,Team Sagar,62/4,Toss: Team Pawar opt to bat,2 wickets,Team Sagar,Resulted,0,0,2026-09-01T20:30:29.296971+00:00
12789431,Box Cricket,TENNIS,past,2024-09-22T05:43:19.000Z,3003,Pune,470307,Nutmeg Arena Turf,1133436,SUNDAY CRICKET ,,2175560,League Matches,7771708,Team Pawar,37/7,7771710,Team Sagar,39/5,Toss: Team Pawar opt to bat,0 wicket,Team Sagar,Resulted,0,0,2026-09-01T20:30:29.296971+00:00
12789935,Box Cricket,TENNIS,past,2024-09-22T06:00:46.000Z,3003,Pune,470307,Nutmeg Arena Turf,1133436,SUNDAY CRICKET ,,2175560,League Matches,7771710,Team Sagar,60/4,7771708,Team Pawar,61/3,Toss: Team Sagar opt to bat,2 wickets,Team Pawar,Resulted,0,0,2026-09-01T20:30:29.296971+00:00
12815424,Limited Overs,LEATHER,past,2024-09-29T14:59:00.000Z,3003,Pune,448702,30YCA Cricket Ground(Spark) Jambhe,1119149,30YCA Champions Trophy ( Night Tournament),,2179576,Super League,2765155,CricUnited XI,129/9,4575293,STALLION STRIKERS,132/2,Toss: CricUnited XI opt to bat,8 wickets,STALLION STRIKERS,Resulted,0,0,2026-09-01T20:30:29.296971+00:00
12849127,Limited Overs,TENNIS,past,2024-09-28T02:41:44.000Z,2469,Indore,639275,The Offside Turf,,,,,,7634220,Pushpendra xl off side,71/10,7634257,Aditiya xl,73/5,Toss: Pushpendra xl off side opt to bat,5 wickets,Aditiya xl,Resulted,0,0,2026-09-01T20:30:29.296971+00:00
12850751,Limited Overs,TENNIS,past,2024-09-28T03:39:14.000Z,2469,Indore,639275,The Offside Turf,,,,,,7634257,Aditiya xl,90/7,7634220,Pushpendra xl off side,72/10,Toss: Aditiya xl opt to bat,18 runs,Aditiya xl,Resulted,0,0,2026-09-01T20:30:29.296971+00:00
12851639,Limited Overs,TENNIS,past,2024-09-28T04:48:33.000Z,2469,Indore,639275,The Offside Turf,,,,,,7634220,Pushpendra xl off side,76/11,7634257,Aditiya xl,77/6,Toss: Pushpendra xl off side opt to bat,4 wickets,Aditiya xl,Resulted,0,0,2026-09-01T20:30:29.296971+00:00
12872013,Limited Overs,TENNIS,past,2024-10-04T01:32:39.000Z,3003,Pune,114039,Club Chrysallis,,,,,,5208218,The Sledgers,128/7,5470272,Cricket Commandos,126/7,Toss: Cricket Commandos opt to field,2 runs,The Sledgers,Resulted,0,0,2026-09-01T20:30:29.296971+00:00
12892646,Limited Overs,TENNIS,past,2024-10-02T01:33:10.000Z,3003,Pune,543598,SK Sports Club,1126028,ESG Cricket Tournament Season 3 - 2024,,2190793,League Matches,6700489,Elementa Leopards 3.0,83/6,7765669,Elementa Royal Tigers,84/2,Toss: Elementa Leopards 3.0 opt to bat,5 wickets,Elementa Royal Tigers,Resulted,0,0,2026-09-01T20:30:29.296971+00:00
12895661,Limited Overs,TENNIS,past,2024-10-05T01:50:42.000Z,3003,Pune,543598,SK Sports Club,1126028,ESG Cricket Tournament Season 3 - 2024,,2190793,League Matches,7765669,Elementa Royal Tigers,100/6,6847029,Elementa Lions 3.0,102/3,Toss: Elementa Royal Tigers opt to bat,4 wickets,Elementa Lions 3.0,Resulted,0,0,2026-09-01T20:30:29.296971+00:00
12906397,Limited Overs,TENNIS,past,2024-10-06T02:28:29.000Z,3003,Pune,436240,H A Ground,1123658,T20 Cricket Practice Matches ,,2192906,Final,7229845,ELITE 11,208/7,7328484,Bajrang Warriors,176/7,Toss: Bajrang Warriors opt to field,32 runs,ELITE 11,Resulted,0,0,2026-09-01T20:30:29.296971+00:00
12916780,Limited Overs,TENNIS,past,2024-10-06T02:01:11.000Z,3003,Pune,543598,SK Sports Club,1126028,ESG Cricket Tournament Season 3 - 2024,,2190793,League Matches,7765669,Elementa Royal Tigers,109/7,6700517,Elementa Panthers,110/4,Toss: Elementa Royal Tigers opt to bat,4 wickets,Elementa Panthers,Resulted,0,0,2026-09-01T20:30:29.296971+00:00
12932643,Limited Overs,LEATHER,past,2024-11-09T01:16:00.000Z,5016,Noida,760604,Super Sixes Cricket Ground By Reejam Sports (Greater Noida),1094998,SUPER SIXES SATURDAY MADNESS Season - 3,,2136011,League Matches,2533647,OLD SCHOOL CLUB,218/5,5203101,CRI Striker-XI,130/6,Toss: OLD SCHOOL CLUB opt to bat,88 runs,OLD SCHOOL CLUB,Resulted,0,0,2026-09-01T20:30:29.296971+00:00
12939129,Limited Overs,LEATHER,past,2024-10-05T05:27:00.000Z,3003,Pune,343490,"Pune Cricket Club, Wagholi",1138440,PCC PREMIER LEAGUE,,2185626,League Matches,7381298,KINGS CLUB,176/10,7802769,Blue Bulls,125/9,Toss: Blue Bulls opt to field,51 runs,KINGS CLUB,Resulted,0,0,2026-09-01T20:30:29.296971+00:00
12939984,Limited Overs,LEATHER,past,2024-10-06T02:24:30.000Z,3004,Pune Cantonment,491595,"Cna Mukund Nagar, Pune",1052575,Monsoon League 6,,2036064,Super League,885618,Pharma 11,227/5,3271370,SUNRISE 11,116/8,Toss: Pharma 11 opt to bat,111 runs,Pharma 11,Resulted,0,0,2026-09-01T20:30:29.296971+00:00
12947948,Limited Overs,TENNIS,past,2024-10-05T02:47:30.000Z,2469,Indore,639275,The Offside Turf,,,,,,7634220,Pushpendra xl off side,88/7,7634257,Aditiya xl,83/4,Toss: Pushpendra xl off side opt to bat,5 runs,Pushpendra xl off side,Resulted,0,0,2026-09-01T20:30:29.296971+00:00
12948259,Limited Overs,TENNIS,past,2024-10-05T01:43:38.000Z,3003,Pune,759549,"Desire Cricket Ground, Upper Ground, Baner",,,,,,5807727,Chairman 11,102/8,5807749,Secretary 11,108/5,Toss: Chairman 11 opt to bat,3 wickets,Secretary 11,Resulted,0,0,2026-09-01T20:30:29.296971+00:00
12948716,Limited Overs,TENNIS,past,2024-10-05T02:02:33.000Z,2796,Dehu Road,761381,Jolly Ground,,,,,,285804,Silverland SuperGiants,83/4,3382845,RISINGXI,79/7,Toss: Silverland SuperGiants opt to bat,4 runs,Silverland SuperGiants,Resulted,0,0,2026-09-01T20:30:29.296971+00:00
12949915,Limited Overs,TENNIS,past,2024-10-05T03:15:33.000Z,2796,Dehu Road,761381,Jolly Ground,,,,,,3382845,RISINGXI,103/4,285804,Silverland SuperGiants,101/3,Toss: RISINGXI opt to bat,2 runs,RISINGXI,Resulted,0,0,2026-09-01T20:30:29.296971+00:00
12950293,Limited Overs,TENNIS,past,2024-10-05T03:44:43.000Z,2469,Indore,639275,The Offside Turf,,,,,,7634220,Pushpendra xl off side,83/7,7634257,Aditiya xl,89/7,Toss: Pushpendra xl off side opt to bat,3 wickets,Aditiya xl,Resulted,0,0,2026-09-01T20:30:29.296971+00:00
12951090,Limited Overs,TENNIS,past,2024-10-05T04:42:34.000Z,2469,Indore,639275,The Offside Turf,,,,,,7634257,Aditiya xl,61/9,7634220,Pushpendra xl off side,62/6,Toss: Aditiya xl opt to bat,4 wickets,Pushpendra xl off side,Resulted,0,0,2026-09-01T20:30:29.296971+00:00
12965310,Limited Overs,TENNIS,past,2024-10-06T02:09:48.000Z,3003,Pune,42688,Jolly Ground,,,,,,285804,Silverland SuperGiants,60/6,882803,Rejoin Cricket Club,49/4,Toss: Rejoin Cricket Club opt to field,11 runs,Silverland SuperGiants,Resulted,0,0,2026-09-01T20:30:29.296971+00:00
12968557,Limited Overs,TENNIS,past,2024-10-06T03:25:32.000Z,3003,Pune,42688,Jolly Ground,,,,,,285804,Silverland SuperGiants,60/10,882803,Rejoin Cricket Club,64/5,Toss: Rejoin Cricket Club opt to field,5 wickets,Rejoin Cricket Club,Resulted,0,0,2026-09-01T20:30:29.296971+00:00
12985931,Limited Overs,LEATHER,past,2024-10-12T03:59:00.000Z,3003,Pune,456738,"30YCA Spark Cricket Ground, Jambhe",1078162,30YCA Supremacy Cup 6.0 ,,2104903,League Matches,4323345,Horizons Cricket Club,65/10,1878875,PCC,71/3,Toss: PCC opt to field,7 wickets,PCC,Resulted,0,0,2026-09-01T20:30:29.296971+00:00
12992471,Limited Overs,LEATHER,past,2024-11-15T13:44:01.000Z,3003,Pune,282913,Cricathon Cricket Ground,1133581,Cricathon Night Weekend Tournament S3,,2191248,League Matches,7599313,Black Caps 11,148/8,6914624,Elites 11,149/7,Toss: Black Caps 11 opt to bat,3 wickets,Elites 11,Resulted,0,0,2026-09-01T20:30:29.296971+00:00
13010314,Limited Overs,LEATHER,past,2024-10-20T02:38:00.000Z,3003,Pune,557585,Platinum Cricket Ground.,1087371,PCG Royal Monsoon Cup 2024,,2086987,League Matches,810983,MedicosUnited,106/9,4028345,Black Panthers,107/5,Toss: Black Panthers opt to field,5 wickets,Black Panthers,Resulted,0,0,2026-09-01T20:30:29.296971+00:00
13034939,Limited Overs,TENNIS,past,2024-10-13T01:14:42.000Z,3003,Pune,543598,SK Sports Club,1126028,ESG Cricket Tournament Season 3 - 2024,,2190793,League Matches,6867780,Elementa Super Kings,40/8,7765669,Elementa Royal Tigers,42/3,Toss: Elementa Royal Tigers opt to field,5 wickets,Elementa Royal Tigers,Resulted,0,0,2026-09-01T20:30:29.296971+00:00
13034945,Limited Overs,TENNIS,past,2024-10-19T02:21:17.000Z,3003,Pune,543598,SK Sports Club,1126028,ESG Cricket Tournament Season 3 - 2024,,2190793,League Matches,6711477,Elementa Cheetahs 4.0,141/3,7765669,Elementa Royal Tigers,79/7,Toss: Elementa Cheetahs 4.0 opt to bat,62 runs,Elementa Cheetahs 4.0,Resulted,0,0,2026-09-01T20:30:29.296971+00:00
13037693,Limited Overs,TENNIS,past,2024-10-12T02:45:08.000Z,2469,Indore,639275,The Offside Turf,,,,,,7634257,Aditiya xl,64/11,7634220,Pushpendra xl off side,65/9,Toss: Aditiya xl opt to bat,1 wicket,Pushpendra xl off side,Resulted,0,0,2026-09-01T20:30:29.296971+00:00
13039271,Limited Overs,TENNIS,past,2024-10-12T03:35:11.000Z,2469,Indore,639275,The Offside Turf,,,,,,7634220,Pushpendra xl off side,74/6,7634257,Aditiya xl,66/8,Toss: Pushpendra xl off side opt to bat,8 runs,Pushpendra xl off side,Resulted,0,0,2026-09-01T20:30:29.296971+00:00
13040146,Limited Overs,TENNIS,past,2024-10-12T04:29:15.000Z,2469,Indore,639275,The Offside Turf,,,,,,7634257,Aditiya xl,77/5,7634220,Pushpendra xl off side,79/3,Toss: Aditiya xl opt to bat,7 wickets,Pushpendra xl off side,Resulted,0,0,2026-09-01T20:30:29.296971+00:00
13040719,Limited Overs,TENNIS,past,2024-10-12T07:06:08.000Z,3003,Pune,604973,Achievers Cricket Academy Ravet,,,,,,7883862,Bargshakha bagwati XI,70/8,7884108,Royal marathas XI,71/5,Toss: Bargshakha bagwati XI opt to bat,5 wickets,Royal marathas XI,Resulted,0,0,2026-09-01T20:30:29.296971+00:00
13041032,Limited Overs,TENNIS,past,2024-10-12T05:20:34.000Z,2469,Indore,639275,The Offside Turf,,,,,,7634220,Pushpendra xl off side,42/8,7634257,Aditiya xl,43/3,Toss: Pushpendra xl off side opt to bat,7 wickets,Aditiya xl,Resulted,0,0,2026-09-01T20:30:29.296971+00:00
13056641,Box Cricket,TENNIS,past,2024-10-13T02:48:51.000Z,3003,Pune,678493,Powered Athletes High Performance Centre,1152325,Sunday Cricket 13th October,,2213094,League Matches,4667754,Ball Tamperers,57/5,4667770,Ball Burners,33/5,Toss: Ball Tamperers opt to bat,24 runs,Ball Tamperers,Resulted,0,0,2026-09-01T20:30:29.296971+00:00
13057390,Box Cricket,TENNIS,past,2024-10-13T03:13:05.000Z,3003,Pune,678493,Powered Athletes High Performance Centre,1152325,Sunday Cricket 13th October,,2213094,League Matches,4667770,Ball Burners,76/8,4667754,Ball Tamperers,54/5,Toss: Ball Burners opt to bat,22 runs,Ball Burners,Resulted,0,0,2026-09-01T20:30:29.296971+00:00
13058519,Box Cricket,TENNIS,past,2024-10-13T03:48:11.000Z,3003,Pune,678493,Powered Athletes High Performance Centre,1152325,Sunday Cricket 13th October,,2213094,League Matches,4667770,Ball Burners,127/4,4667754,Ball Tamperers,128/4,Toss: Ball Burners opt to bat,4 wickets,Ball Tamperers,Resulted,0,0,2026-09-01T20:30:29.296971+00:00
13059506,Box Cricket,TENNIS,past,2024-10-13T04:20:08.000Z,3003,Pune,678493,Powered Athletes High Performance Centre,1152325,Sunday Cricket 13th October,,2213094,League Matches,4667754,Ball Tamperers,99/7,4667770,Ball Burners,102/5,Toss: Ball Tamperers opt to bat,3 wickets,Ball Burners,Resulted,0,0,2026-09-01T20:30:29.296971+00:00
13060704,Box Cricket,TENNIS,past,2024-10-13T05:00:11.000Z,3003,Pune,678493,Powered Athletes High Performance Centre,1152325,Sunday Cricket 13th October,,2213094,League Matches,4667770,Ball Burners,78/8,4667754,Ball Tamperers,52/9,Toss: Ball Burners opt to bat,26 runs,Ball Burners,Resulted,0,0,2026-09-01T20:30:29.296971+00:00
13066698,Limited Overs,LEATHER,past,2024-12-20T12:47:00.000Z,3003,Pune,282913,Cricathon Cricket Ground,1133581,Cricathon Night Weekend Tournament S3,,2191248,League Matches,7806254,PCMC LIONS,138/7,6914624,Elites 11,87/10,Toss: PCMC LIONS opt to bat,51 runs,PCMC LIONS,Resulted,0,0,2026-09-01T20:30:29.296971+00:00
13071225,Limited Overs,LEATHER,past,2024-10-26T03:00:35.000Z,2469,Indore,167036,Icc Cricket Ground,,,,,,7823728,PRIDE XI,261/8,6857267,KINGS 11,214/9,Toss: PRIDE XI opt to bat,47 runs,PRIDE XI,Resulted,0,0,2026-09-01T20:30:29.296971+00:00
13123874,Limited Overs,TENNIS,past,2024-10-19T02:03:25.000Z,3003,Pune,452736,Gawali,,,,,,285804,Silverland SuperGiants,170/7,2210454,Smashers XI,121/10,Toss: Smashers XI opt to field,49 runs,Silverland SuperGiants,Resulted,0,0,2026-09-01T20:30:29.296971+00:00
13130206,Limited Overs,LEATHER,past,2024-10-19T09:16:00.000Z,3003,Pune,343490,"Pune Cricket Club, Wagholi",1138440,PCC PREMIER LEAGUE,,2185626,League Matches,2033157,The Elite cricket Club,108/10,7381298,KINGS CLUB,114/4,Toss: The Elite cricket Club opt to bat,6 wickets,KINGS CLUB,Resulted,0,0,2026-09-01T20:30:29.296971+00:00
13136811,Limited Overs,TENNIS,past,2024-10-20T03:49:21.000Z,3003,Pune,409179,H.A Ground,,,,,,7767742,New Strikers,140/6,7229845,ELITE 11,106/4,Toss: ELITE 11 opt to field,34 runs,New Strikers,Resulted,0,0,2026-09-01T20:30:29.296971+00:00
13142006,Box Cricket,TENNIS,past,2024-10-20T02:24:07.000Z,3003,Pune,543598,SK Sports Club,1158936,Sunday Cricket ,,2225404,League Matches,7929688,Team Adi,68/3,7929702,Team Tejas,69/1,Toss: Team Adi opt to bat,5 wickets,Team Tejas,Resulted,0,0,2026-09-01T20:30:29.296971+00:00
13143100,Box Cricket,TENNIS,past,2024-10-20T02:46:00.000Z,3003,Pune,543598,SK Sports Club,1158936,Sunday Cricket ,,2225404,League Matches,7929702,Team Tejas,100/3,7929688,Team Adi,78/6,Toss: Team Tejas opt to bat,22 runs,Team Tejas,Resulted,0,0,2026-09-01T20:30:29.296971+00:00
13144212,Box Cricket,TENNIS,past,2024-10-20T03:12:10.000Z,3003,Pune,543598,SK Sports Club,1158936,Sunday Cricket ,,2225404,League Matches,7929702,Team Tejas,90/4,7929688,Team Adi,88/5,Toss: Team Tejas opt to bat,2 runs,Team Tejas,Resulted,0,0,2026-09-01T20:30:29.296971+00:00
13145287,Box Cricket,TENNIS,past,2024-10-20T03:40:43.000Z,3003,Pune,543598,SK Sports Club,1158936,Sunday Cricket ,,2225404,League Matches,7929702,Team Tejas,46/5,7929688,Team Adi,50/5,Toss: Team Tejas opt to bat,3 wickets,Team Adi,Resulted,0,0,2026-09-01T20:30:29.296971+00:00
13146167,Box Cricket,TENNIS,past,2024-10-20T04:06:09.000Z,3003,Pune,543598,SK Sports Club,1158936,Sunday Cricket ,,2225404,League Matches,7929688,Team Adi,111/4,7929702,Team Tejas,46/7,Toss: Team Adi opt to bat,65 runs,Team Adi,Resulted,0,0,2026-09-01T20:30:29.296971+00:00
13147398,Limited Overs,TENNIS,past,2024-10-20T04:50:53.000Z,2796,Dehu Road,416418,Gavali,,,,,,2210454,Smashers XI,172/10,285804,Silverland SuperGiants,137/10,Toss: Silverland SuperGiants opt to field,35 runs,Smashers XI,Resulted,0,0,2026-09-01T20:30:29.296971+00:00
13150442,Limited Overs,LEATHER,past,2024-11-06T13:25:00.000Z,3003,Pune,282913,Cricathon Cricket Ground,1158824,Cricathon Weekday Night Quadrangular 2024-25,,2225981,League Matches,2223945,Life Republic Royals,182/8,2141371,Cricathon Sports Club,121/9,Toss: Life Republic Royals opt to bat,61 runs,Life Republic Royals,Resulted,0,0,2026-09-01T20:30:29.296971+00:00
13165153,Limited Overs,TENNIS,past,2024-10-26T04:17:23.000Z,3003,Pune,114039,Club Chrysallis,,,,,,5470272,Cricket Commandos,120/9,5805040,SPARTANS,126/6,Toss: SPARTANS opt to field,4 wickets,SPARTANS,Resulted,0,0,2026-09-01T20:30:29.296971+00:00
13209127,Limited Overs,LEATHER,past,2024-11-16T08:30:12.000Z,3003,Pune,744485,A to Z CRICKET GROUND LAVALE,1123301,Mahil Sports Presents KPL Mix Corporate T25 League Season 11,,2235222,League Matches,2504072,V Edge,220/8,2765155,CricUnited XI,189/8,Toss: V Edge opt to bat,31 runs,V Edge,Resulted,0,0,2026-09-01T20:30:29.296971+00:00
13209443,Limited Overs,LEATHER,past,2024-11-24T03:30:00.000Z,3003,Pune,767694,Four Star Cricket Ground,1123301,Mahil Sports Presents KPL Mix Corporate T25 League Season 11,,2235222,League Matches,2765155,CricUnited XI,156/9,2436247,Kharadi Lions,140/10,Toss: CricUnited XI opt to bat,16 runs,CricUnited XI,Resulted,0,0,2026-09-01T20:30:29.296971+00:00
13209976,Limited Overs,LEATHER,past,2024-11-10T08:25:37.000Z,3003,Pune,744485,A to Z CRICKET GROUND LAVALE,1123301,Mahil Sports Presents KPL Mix Corporate T25 League Season 11,,2235222,League Matches,2765155,CricUnited XI,133/10,1661833,HRCAPITA SOLUTIONS PVT LTD,134/4,Toss: CricUnited XI opt to bat,6 wickets,HRCAPITA SOLUTIONS PVT LTD,Resulted,0,0,2026-09-01T20:30:29.296971+00:00
13216249,Limited Overs,TENNIS,past,2024-10-26T03:41:49.000Z,3003,Pune,120317,Achievers,,,,,,6830244,PARK IVORY STRIKER,119/9,7771998,Beer Beards,120/5,Toss: Beer Beards opt to field,5 wickets,Beer Beards,Resulted,0,0,2026-09-01T20:30:29.296971+00:00
13216970,Limited Overs,LEATHER,past,2024-10-27T05:30:00.000Z,3003,Pune,343490,"Pune Cricket Club, Wagholi",1138440,PCC PREMIER LEAGUE,,2185626,League Matches,7381298,KINGS CLUB,116/10,2216522,Mighty Stars,109/11,Toss: KINGS CLUB opt to bat,7 runs,KINGS CLUB,Resulted,0,0,2026-09-01T20:30:29.296971+00:00
13217405,Limited Overs,LEATHER,past,2024-10-26T04:26:17.000Z,3003,Pune,557585,Platinum Cricket Ground.,,,,,,5530720,Catalyst,186/4,810983,MedicosUnited,74/10,Toss: Catalyst opt to bat,112 runs,Catalyst,Resulted,0,0,2026-09-01T20:30:29.296971+00:00
13228831,Limited Overs,TENNIS,past,2024-10-27T02:08:07.000Z,2796,Dehu Road,34039,Dhobi cricket ground Dehuroad,1150784,T20 Maitri Chashak Season 8,,2223159,League Matches,285804,Silverland SuperGiants,163/10,3382845,RISINGXI,164/7,Toss: Silverland SuperGiants opt to bat,3 wickets,RISINGXI,Resulted,0,0,2026-09-01T20:30:29.296971+00:00
13234217,Box Cricket,TENNIS,past,2024-10-27T02:11:31.000Z,3003,Pune,585463,Highland Multisport Turf,1166022,Sunday SK Cricket ,,2238896,League Matches,7974668,Team Shashi,52/5,7974671,Team Ajinkya,53/1,Toss: Team Shashi opt to bat,5 wickets,Team Ajinkya,Resulted,0,0,2026-09-01T20:30:29.296971+00:00
13235258,Box Cricket,TENNIS,past,2024-10-27T02:32:12.000Z,3003,Pune,585463,Highland Multisport Turf,1166022,Sunday SK Cricket ,,2238896,League Matches,7974671,Team Ajinkya,110/1,7974668,Team Shashi,71/7,Toss: Team Ajinkya opt to bat,39 runs,Team Ajinkya,Resulted,0,0,2026-09-01T20:30:29.296971+00:00
13236281,Box Cricket,TENNIS,past,2024-10-27T02:54:18.000Z,3003,Pune,585463,Highland Multisport Turf,1166022,Sunday SK Cricket ,,2238896,League Matches,7974671,Team Ajinkya,71/1,7974668,Team Shashi,69/6,Toss: Team Ajinkya opt to bat,2 runs,Team Ajinkya,Resulted,0,0,2026-09-01T20:30:29.296971+00:00
13237031,Limited Overs,LEATHER,past,2024-10-27T03:11:37.000Z,2811,Dombivli,776842,inampuri,,,,,,3856375,RCA palava,152/10,7975195,RIL,153/5,Toss: RCA palava opt to bat,3 wickets,RIL,Resulted,0,0,2026-09-01T20:30:29.296971+00:00
13237341,Box Cricket,TENNIS,past,2024-10-27T03:19:28.000Z,3003,Pune,585463,Highland Multisport Turf,1166022,Sunday SK Cricket ,,2238896,League Matches,7974671,Team Ajinkya,88/3,7974668,Team Shashi,71/5,Toss: Team Ajinkya opt to bat,17 runs,Team Ajinkya,Resulted,0,0,2026-09-01T20:30:29.296971+00:00
13238427,Box Cricket,TENNIS,past,2024-10-27T03:45:03.000Z,3003,Pune,585463,Highland Multisport Turf,1166022,Sunday SK Cricket ,,2238896,League Matches,7974671,Team Ajinkya,93/5,7974668,Team Shashi,99/2,Toss: Team Ajinkya opt to bat,4 wickets,Team Shashi,Resulted,0,0,2026-09-01T20:30:29.296971+00:00
13239373,Box Cricket,TENNIS,past,2024-10-27T04:08:50.000Z,3003,Pune,585463,Highland Multisport Turf,1166022,Sunday SK Cricket ,,2238896,League Matches,7974668,Team Shashi,136/2,7974671,Team Ajinkya,75/5,Toss: Team Shashi opt to bat,61 runs,Team Shashi,Resulted,0,0,2026-09-01T20:30:29.296971+00:00
13281426,Limited Overs,LEATHER,past,2024-11-09T04:01:00.000Z,3003,Pune,406981,"30YCA Cricket Ground, Chandkhed",1078162,30YCA Supremacy Cup 6.0 ,,2104903,League Matches,4344757,Shankaracharya,205/3,4323345,Horizons Cricket Club,154/9,Toss: Shankaracharya opt to bat,51 runs,Shankaracharya,Resulted,0,0,2026-09-01T20:30:29.296971+00:00
13380146,Limited Overs,LEATHER,past,2024-11-09T08:55:00.000Z,3003,Pune,343490,"Pune Cricket Club, Wagholi",1138440,PCC PREMIER LEAGUE,,2185626,League Matches,7381298,KINGS CLUB,98/10,2340154,United 11,102/5,Toss: KINGS CLUB opt to bat,5 wickets,United 11,Resulted,0,0,2026-09-01T20:30:29.296971+00:00
13382236,Limited Overs,TENNIS,past,2024-11-07T01:33:22.000Z,3003,Pune,654003,Sparx Ground 2,,,,,,5146670,LR-Fearless Fighters,126/10,2573288,Challengers_11,131/4,Toss: LR-Fearless Fighters opt to bat,6 wickets,Challengers_11,Resulted,0,0,2026-09-01T20:30:29.296971+00:00
13385355,Limited Overs,TENNIS,past,2024-11-11T01:35:34.000Z,3003,Pune,406981,"30YCA Cricket Ground, Chandkhed",,,,,,4509709,All Whites,140/7,5146670,LR-Fearless Fighters,127/10,Toss: All Whites opt to bat,13 runs,All Whites,Resulted,0,0,2026-09-01T20:30:29.296971+00:00
13398723,Limited Overs,TENNIS,past,2024-11-09T03:32:53.000Z,3003,Pune,378902,sai sports turf,,,,,,3636749,CricMasters,50/6,6830244,PARK IVORY STRIKER,44/8,Toss: PARK IVORY STRIKER opt to field,6 runs,CricMasters,Resulted,0,0,2026-09-01T20:30:29.296971+00:00
13404597,Limited Overs,LEATHER,past,2024-11-10T08:05:00.000Z,3003,Pune,782869,"RK2 Ground, Wagholi",1175522,Wagholi Gaon Champion Leather Tournament,,2262679,League Matches,8037886,YKS Foundation,166/8,934080,Ivy Yorkers,169/4,Toss: YKS Foundation opt to bat,6 wickets,Ivy Yorkers,Resulted,0,0,2026-09-01T20:30:29.296971+00:00
13417231,Limited Overs,TENNIS,past,2024-11-09T02:02:36.000Z,2796,Dehu Road,94172,jolly,1150784,T20 Maitri Chashak Season 8,,2223159,League Matches,6655405,Daily Cricket Club Corporate,147/9,285804,Silverland SuperGiants,150/5,Toss: Silverland SuperGiants opt to field,5 wickets,Silverland SuperGiants,Resulted,0,0,2026-09-01T20:30:29.296971+00:00
13417249,Limited Overs,TENNIS,past,2024-11-10T05:57:20.000Z,2796,Dehu Road,94172,jolly,1150784,T20 Maitri Chashak Season 8,,2223159,League Matches,285804,Silverland SuperGiants,207/8,2210454,Smashers XI,209/4,Toss: Smashers XI opt to field,6 wickets,Smashers XI,Resulted,0,0,2026-09-01T20:30:29.296971+00:00
13429775,Limited Overs,TENNIS,past,2024-11-09T04:49:06.000Z,3003,Pune,210074,Sai Sports,,,,,,3636749,CricMasters,45/7,6830244,PARK IVORY STRIKER,49/5,Toss: CricMasters opt to bat,5 wickets,PARK IVORY STRIKER,Resulted,0,0,2026-09-01T20:30:29.296971+00:00
13435410,Unlimited Overs,TENNIS,past,2024-11-09T09:53:07.000Z,3003,Pune,346741,Park ivory multipurpose court,,,,,,7925400,Ivory Team 1,83/6 & 73/7,7925410,Ivory Team 2,106/6 & 44/7,Toss: Ivory Team 1 opt to bat,6 runs,Ivory Team 1,Resulted,0,0,2026-09-01T20:30:29.296971+00:00
13462918,Limited Overs,LEATHER,past,2024-11-10T09:29:51.000Z,3003,Pune,409003,Eden Park,1153755,Eden Park Super League ,,2217293,League Matches,6300390,Golds Gym,176/6,8078430,Cricathon Sports Club,122/6,Toss: Golds Gym opt to bat,54 runs,Golds Gym,Resulted,0,0,2026-09-01T20:30:29.296971+00:00
13466281,Limited Overs,LEATHER,past,2024-11-16T04:22:00.000Z,3003,Pune,766870,Cricket Haven Sport Club,1151797,Morning King Cricket Tournament ,,2215237,League Matches,7333870,The Scoring Willows,123/8,7889026,Dynamite Xl,127/6,Toss: The Scoring Willows opt to bat,4 wickets,Dynamite Xl,Resulted,0,0,2026-09-01T20:30:29.296971+00:00
13476677,Limited Overs,TENNIS,past,2024-11-13T01:31:49.000Z,3003,Pune,12485,Mulshi Cricket Ground,,,,,,4305348,ROYAL GLADIATORS,109/9,5146670,LR-Fearless Fighters,108/6,Toss: ROYAL GLADIATORS opt to bat,1 run,ROYAL GLADIATORS,Resulted,0,0,2026-09-01T20:30:29.296971+00:00
13488889,Limited Overs,TENNIS,past,2024-11-15T01:37:06.000Z,3003,Pune,114039,Club Chrysallis,,,,,,5470272,Cricket Commandos,124/8,7200959,PuneriPaltan,109/9,Toss: Cricket Commandos opt to bat,15 runs,Cricket Commandos,Resulted,0,0,2026-09-01T20:30:29.296971+00:00
13492638,Limited Overs,LEATHER,past,2024-11-13T02:42:00.000Z,3003,Pune,59337,Sportsage Cricket Ground,,,,,,2611705,Sportsage Senior B,240/5,3834401,Sportsage Corp A,118/10,Toss: Sportsage Corp A opt to field,122 runs,Sportsage Senior B,Resulted,0,0,2026-09-01T20:30:29.296971+00:00
13495428,Limited Overs,TENNIS,past,2024-11-18T01:45:33.000Z,3003,Pune,334600,MCG Cricket Ground,,,,,,5146670,LR-Fearless Fighters,130/7,3730854,Sahyadri Warriors,79/9,Toss: LR-Fearless Fighters opt to bat,51 runs,LR-Fearless Fighters,Resulted,0,0,2026-09-01T20:30:29.296971+00:00
13509930,Limited Overs,TENNIS,past,2024-11-19T01:28:00.000Z,3003,Pune,406981,"30YCA Cricket Ground, Chandkhed",,,,,,5146670,LR-Fearless Fighters,142/9,6324345,Radiant Rovers,128/9,Toss: Radiant Rovers opt to field,14 runs,LR-Fearless Fighters,Resulted,0,0,2026-09-01T20:30:29.296971+00:00
13528009,Limited Overs,TENNIS,past,2024-11-16T06:46:38.000Z,3003,Pune,19790,DNC,1152117,CORPORATE PREMIER LEAGUE 2024-2026,,2214824,League Matches,7894702,ACA Smashers,103/9,7893939,The Alpha XI,104/4,Toss: The Alpha XI opt to field,6 wickets,The Alpha XI,Resulted,0,0,2026-09-01T20:30:29.296971+00:00
13528021,Limited Overs,TENNIS,past,2024-11-16T10:11:00.000Z,3003,Pune,19790,DNC,1152117,CORPORATE PREMIER LEAGUE 2024-2026,,2214824,League Matches,5172094,ACC,123/9,7894702,ACA Smashers,43/10,Toss: ACC opt to bat,80 runs,ACC,Resulted,0,0,2026-09-01T20:30:29.296971+00:00
13535084,Box Cricket,TENNIS,past,2024-11-16T06:27:56.000Z,3003,Pune,538243,HA PBA Sports Turf,1182859,MAHLE Cricket League ,,2281337,League Matches,8089067,CAD PLM WARRIORS,80/2,8089971,MAHLE Daredevils,81/2,Toss: CAD PLM WARRIORS opt to bat,5 wickets,MAHLE Daredevils,Resulted,0,0,2026-09-01T20:30:29.296971+00:00
13540416,Box Cricket,TENNIS,past,2024-11-16T09:56:13.000Z,3003,Pune,538243,HA PBA Sports Turf,1182859,MAHLE Cricket League ,,2281930,Round Two,8089971,MAHLE Daredevils,64/3,8100391,Power Hitters,53/7,Toss: MAHLE Daredevils opt to bat,11 runs,MAHLE Daredevils,Resulted,0,0,2026-09-01T20:30:29.296971+00:00
13542770,Box Cricket,TENNIS,past,2024-11-16T12:17:57.000Z,3003,Pune,538243,HA PBA Sports Turf,1182859,MAHLE Cricket League ,,2282334,Round Three,8094311,Piston Warriors,69/3,8089971,MAHLE Daredevils,55/3,Toss: MAHLE Daredevils opt to field,14 runs,Piston Warriors,Resulted,0,0,2026-09-01T20:30:29.296971+00:00
13546350,Box Cricket,TENNIS,past,2024-11-16T16:01:17.000Z,3003,Pune,96606,Pushpa Sports Arena,1186516,SPARSH PREMIER LEAGUE SEASON 1- MALE,,2282554,League Matches,8109779,GK ENERGIZER,44/7,8109938,Arihaan Royals,45/2,Toss: GK ENERGIZER opt to bat,5 wickets,Arihaan Royals,Resulted,0,0,2026-09-01T20:30:29.296971+00:00
13547845,Box Cricket,TENNIS,past,2024-11-16T17:44:26.000Z,3003,Pune,96606,Pushpa Sports Arena,1186516,SPARSH PREMIER LEAGUE SEASON 1- MALE,,2282554,League Matches,8109925,Meet maestros,79/4,8109779,GK ENERGIZER,30/8,Toss: Meet maestros opt to bat,49 runs,Meet maestros,Resulted,0,0,2026-09-01T20:30:29.296971+00:00
13558543,Box Cricket,TENNIS,past,2024-11-17T04:56:24.000Z,3003,Pune,96606,Pushpa Sports Arena,1186516,SPARSH PREMIER LEAGUE SEASON 1- MALE,,2282554,League Matches,8109779,GK ENERGIZER,71/3,8109860,NU SMART STRIKERS,29/6,Toss: GK ENERGIZER opt to bat,1 wicket,NU SMART STRIKERS,Resulted,0,0,2026-09-01T20:30:29.296971+00:00
13561295,Box Cricket,TENNIS,past,2024-11-17T06:07:38.000Z,3003,Pune,96606,Pushpa Sports Arena,1186516,SPARSH PREMIER LEAGUE SEASON 1- MALE,,2282554,League Matches,8109779,GK ENERGIZER,71/3,8109860,NU SMART STRIKERS,29/8,Toss: GK ENERGIZER opt to bat,42 runs,GK ENERGIZER,Resulted,0,0,2026-09-01T20:30:29.296971+00:00
13563614,Box Cricket,TENNIS,past,2024-11-17T07:27:20.000Z,3003,Pune,96606,Pushpa Sports Arena,1186516,SPARSH PREMIER LEAGUE SEASON 1- MALE,,2282554,League Matches,8109779,GK ENERGIZER,60/4,8110033,Flamingo Flyers Male,63/6,Toss: GK ENERGIZER opt to bat,1 wicket,Flamingo Flyers Male,Resulted,0,0,2026-09-01T20:30:29.296971+00:00
13567225,Limited Overs,LEATHER,past,2024-11-27T14:06:03.000Z,3003,Pune,282913,Cricathon Cricket Ground,1158824,Cricathon Weekday Night Quadrangular 2024-25,,2225981,League Matches,3510777,CrickFitNet Academy,106/10,2223945,Life Republic Royals,107/4,Toss: CrickFitNet Academy opt to bat,6 wickets,Life Republic Royals,Resulted,0,0,2026-09-01T20:30:29.296971+00:00
13572492,Limited Overs,TENNIS,past,2024-11-28T01:41:01.000Z,3003,Pune,12485,Mulshi Cricket Ground,,,,,,5146670,LR-Fearless Fighters,74/10,6797526,United Legends,75/4,Toss: LR-Fearless Fighters opt to bat,6 wickets,United Legends,Resulted,0,0,2026-09-01T20:30:29.296971+00:00
13573947,Limited Overs,TENNIS,past,2024-11-17T15:33:28.000Z,3003,Pune,277682,Akshar Elemnta,,,,,,2373426,Chairman 11,11/0,2373738,Secretary 11,Yet to bat,Toss: Secretary 11 opt to field,Abandoned,,Abandoned,0,0,2026-09-01T20:30:29.296971+00:00
13585772,Box Cricket,TENNIS,past,2024-12-07T13:39:05.000Z,3003,Pune,277682,Akshar Elemnta,1189005,EPL5 Mens Tournament ,,2284241,League Matches,8131279,Ranchi Rhinos,79/6,8131955,Ahmedabad Avengers EPL5,81/0,Toss: Ahmedabad Avengers EPL5 opt to field,6 wickets,Ahmedabad Avengers EPL5,Resulted,0,0,2026-09-01T20:30:29.296971+00:00
13585780,Limited Overs,TENNIS,past,2024-11-30T15:25:46.000Z,3003,Pune,277682,Akshar Elemnta,1189005,EPL5 Mens Tournament ,,2284241,League Matches,8131351,JAIPUR STRIKERS EPL 5,68/3,8131955,Ahmedabad Avengers EPL5,40/7,Toss: JAIPUR STRIKERS EPL 5 opt to bat,28 runs,JAIPUR STRIKERS EPL 5,Resulted,0,0,2026-09-01T20:30:29.296971+00:00
13585789,Box Cricket,TENNIS,past,2024-12-07T10:44:24.000Z,3003,Pune,277682,Akshar Elemnta,1189005,EPL5 Mens Tournament ,,2284241,League Matches,8125207,Bhubaneswar Blasters,19/7,3253209,Mumbai Mavericks,24/0,Toss: Bhubaneswar Blasters opt to bat,6 wickets,Mumbai Mavericks,Resulted,0,0,2026-09-01T20:30:29.296971+00:00
13585804,Box Cricket,TENNIS,past,2024-12-01T10:45:32.000Z,3003,Pune,277682,Akshar Elemnta,1189005,EPL5 Mens Tournament ,,2284241,League Matches,8131955,Ahmedabad Avengers EPL5,78/6,8125616,Raipur challengers,79/5,Toss: Ahmedabad Avengers EPL5 opt to bat,2 wickets,Raipur challengers,Resulted,0,0,2026-09-01T20:30:29.296971+00:00
13585805,Box Cricket,TENNIS,past,2024-12-01T12:42:22.000Z,3003,Pune,277682,Akshar Elemnta,1189005,EPL5 Mens Tournament ,,2284241,League Matches,8127264,Kochi Knight Riders,77/6,3253209,Mumbai Mavericks,71/3,Toss: Kochi Knight Riders opt to bat,6 runs,Kochi Knight Riders,Resulted,0,0,2026-09-01T20:30:29.296971+00:00
13585821,Box Cricket,TENNIS,past,2024-11-23T11:48:42.000Z,3003,Pune,277682,Akshar Elemnta,1189005,EPL5 Mens Tournament ,,2284241,League Matches,8131955,Ahmedabad Avengers EPL5,114/4,8131824,Indore Eagles EPL 5,37/6,Toss: Indore Eagles EPL 5 opt to field,77 runs,Ahmedabad Avengers EPL5,Resulted,0,0,2026-09-01T20:30:29.296971+00:00
13600616,Limited Overs,TENNIS,past,2024-11-20T09:13:12.000Z,3003,Pune,639627,"MatchDay Arena, Wakad",983089,Night Group By RCC,,1943519,League Matches,6305139,RCC NW Knights,178/6,6305145,RCC NW Spartans,143/11,Toss: RCC NW Knights opt to bat,35 runs,RCC NW Knights,Resulted,0,0,2026-09-01T20:30:29.296971+00:00
13601346,Limited Overs,LEATHER,past,2024-11-20T08:23:00.000Z,3003,Pune,282913,Cricathon Cricket Ground,,,,,,192258,YARDI,226/5,2141371,Cricathon Sports Club,145/10,Toss: YARDI opt to bat,81 runs,YARDI,Resulted,0,0,2026-09-01T20:30:29.296971+00:00
13602631,Box Cricket,TENNIS,past,2024-11-20T10:34:37.000Z,3003,Pune,639627,"MatchDay Arena, Wakad",983089,Night Group By RCC,,1943519,League Matches,6305139,RCC NW Knights,139/7,6305145,RCC NW Spartans,123/9,Toss: RCC NW Knights opt to bat,16 runs,RCC NW Knights,Resulted,0,0,2026-09-01T20:30:29.296971+00:00
13610482,Limited Overs,TENNIS,past,2024-11-22T01:37:47.000Z,3003,Pune,406981,"30YCA Cricket Ground, Chandkhed",,,,,,3568271,RedWings Cricket Club ( RCC ),72/10,5146670,LR-Fearless Fighters,74/2,Toss: RedWings Cricket Club ( RCC ) opt to bat,8 wickets,LR-Fearless Fighters,Resulted,0,0,2026-09-01T20:30:29.296971+00:00
13615919,Limited Overs,LEATHER,past,2024-11-24T08:40:58.000Z,3003,Pune,557585,Platinum Cricket Ground.,1178133,PCG Champions Trophy 2024-25 Season3,,2276416,League Matches,3499616,MIGHTY LIONS,101/10,810983,MedicosUnited,102/4,Toss: MIGHTY LIONS opt to bat,6 wickets,MedicosUnited,Resulted,0,0,2026-09-01T20:30:29.296971+00:00
13617509,Limited Overs,TENNIS,past,2024-11-26T01:48:43.000Z,3003,Pune,406981,"30YCA Cricket Ground, Chandkhed",,,,,,6324345,Radiant Rovers,118/6,5146670,LR-Fearless Fighters,87/8,Toss: Radiant Rovers opt to bat,31 runs,Radiant Rovers,Resulted,0,0,2026-09-01T20:30:29.296971+00:00
13617534,Limited Overs,TENNIS,past,2024-11-25T01:47:37.000Z,3003,Pune,406981,"30YCA Cricket Ground, Chandkhed",,,,,,4509709,All Whites,112/7,5146670,LR-Fearless Fighters,116/6,Toss: All Whites opt to bat,4 wickets,LR-Fearless Fighters,Resulted,0,0,2026-09-01T20:30:29.296971+00:00
13621459,Limited Overs,TENNIS,past,2024-11-22T02:53:28.000Z,3003,Pune,406981,"30YCA Cricket Ground, Chandkhed",,,,,,5146670,LR-Fearless Fighters,71/7,3568271,RedWings Cricket Club ( RCC ),65/7,Toss: RedWings Cricket Club ( RCC ) opt to field,6 runs,LR-Fearless Fighters,Resulted,0,0,2026-09-01T20:30:29.296971+00:00
13624611,Limited Overs,TENNIS,past,2024-11-24T03:55:00.000Z,3003,Pune,309026,"Sachin Ghotkule Cricket Ground, Adhle",,,,,,5146670,LR-Fearless Fighters,225/9,2647568,YH Silent Killers,86/10,Toss: LR-Fearless Fighters opt to bat,139 runs,LR-Fearless Fighters,Resulted,0,0,2026-09-01T20:30:29.296971+00:00
13635429,Limited Overs,TENNIS,past,2024-11-23T02:25:00.000Z,3003,Pune,452736,Gawali,1150784,T20 Maitri Chashak Season 8,,2223159,League Matches,3383051,Morya Fighters,240/4,285804,Silverland SuperGiants,217/6,Toss: Morya Fighters opt to bat,23 runs,Morya Fighters,Resulted,0,0,2026-09-01T20:30:29.296971+00:00
13647160,Limited Overs,LEATHER,past,2024-11-23T12:38:35.000Z,3003,Pune,782813,Achivers Cricket Academy,,,,,,5974915,Hawks Cricket Club,165/8,4426442,Shivtej Cricket Club Warje,166/4,Toss: Hawks Cricket Club opt to bat,6 wickets,Shivtej Cricket Club Warje,Resulted,0,0,2026-09-01T20:30:29.296971+00:00
13670349,Limited Overs,LEATHER,past,2024-11-24T10:48:00.000Z,3003,Pune,96252,Jambe Sparke Cricket Club,,,,,,6700803,Furious Cricket Club,226/3,8189470,Horizons At Wakad,100/10,Toss: Horizons At Wakad opt to field,126 runs,Furious Cricket Club,Resulted,0,0,2026-09-01T20:30:29.296971+00:00
13679214,Limited Overs,LEATHER,past,2024-12-07T08:41:00.000Z,3003,Pune,220854,Uravade,1144403,Winter Cup By PS 2024,,2205228,League Matches,5477187,DUGOUT - XI,129/8,1098308,Om Cricket Club (Pune),130/5,Toss: DUGOUT - XI opt to bat,5 wickets,Om Cricket Club (Pune),Resulted,0,0,2026-09-01T20:30:29.296971+00:00
13679898,Box Cricket,TENNIS,past,2024-11-25T07:25:31.000Z,3003,Pune,277682,Akshar Elemnta,1189005,EPL5 Mens Tournament ,,2284241,League Matches,8127236,Nagpur Tigers,48/6,3253209,Mumbai Mavericks,51/2,Toss: Nagpur Tigers opt to bat,5 wickets,Mumbai Mavericks,Resulted,0,0,2026-09-01T20:30:29.296971+00:00
13682636,Limited Overs,TENNIS,past,2024-12-01T04:36:55.000Z,3003,Pune,346898,Balasaheb Kunjir Kridangan,1177639,PROFESSIONAL CRICKET LEAGUE 2024,,2297343,League Matches,4576866,Dark Thunders,38/6,8094406,Epam pacers,37/7,Toss: Epam pacers opt to field,1 run,Dark Thunders,Resulted,0,0,2026-09-01T20:30:29.296971+00:00
13682661,Limited Overs,TENNIS,past,2024-12-01T07:20:17.000Z,3003,Pune,346898,Balasaheb Kunjir Kridangan,1177639,PROFESSIONAL CRICKET LEAGUE 2024,,2297343,League Matches,8138429,EPAM STRIKERS,32/8,8094406,Epam pacers,35/2,Toss: EPAM STRIKERS opt to bat,6 wickets,Epam pacers,Resulted,0,0,2026-09-01T20:30:29.296971+00:00
13690379,Limited Overs,LEATHER,past,2025-03-09T04:00:00.000Z,3003,Pune,510654,Kings Sports Club,1129182,"Mercenaries T20 Championship - Season 3,  Jan 2025",,2289197,League Matches,810983,MedicosUnited,180/5,493154,Game Swingers Pune,182/5,Toss: Game Swingers Pune opt to field,5 wickets,Game Swingers Pune,Resulted,0,0,2026-09-01T20:30:29.296971+00:00
13690398,Limited Overs,LEATHER,past,2025-02-23T08:01:00.000Z,3003,Pune,765099,Kings Dhanori,1129182,"Mercenaries T20 Championship - Season 3,  Jan 2025",,2289197,League Matches,4918810,Renegades,144/10,810983,MedicosUnited,145/3,Toss: Renegades opt to bat,7 wickets,MedicosUnited,Resulted,0,0,2026-09-01T20:30:29.296971+00:00
13692051,Limited Overs,TENNIS,past,2024-12-16T01:39:41.000Z,3003,Pune,334600,MCG Cricket Ground,,,,,,3730854,Sahyadri Warriors,136/4,5146670,LR-Fearless Fighters,116/8,Toss: Sahyadri Warriors opt to bat,20 runs,Sahyadri Warriors,Resulted,0,0,2026-09-01T20:30:29.296971+00:00
13695463,Limited Overs,TENNIS,past,2024-12-22T08:45:43.000Z,3003,Pune,298549,SachinBhau Ghotkule Sports Foundation Adhale,,,,,,2894771,Deadly Boyz,180/8,5181039,TCG Tornado,62/10,Toss: Deadly Boyz opt to bat,118 runs,Deadly Boyz,Resulted,0,0,2026-09-01T20:30:29.296971+00:00
13710513,Limited Overs,LEATHER,past,2024-11-28T02:56:26.000Z,3003,Pune,59337,Sportsage Cricket Ground,,,,,,8210070,British Petroleum,192/7,3834401,Sportsage Corp A,164/6,Toss: Sportsage Corp A opt to field,28 runs,British Petroleum,Resulted,0,0,2026-09-01T20:30:29.296971+00:00
13710616,Limited Overs,TENNIS,past,2024-11-28T03:11:00.000Z,3003,Pune,162067,Kasarsai Mcg,,,,,,6797526,United Legends,29/4,5146670,LR-Fearless Fighters,33/0,Toss: LR-Fearless Fighters opt to field,10 wickets,LR-Fearless Fighters,Resulted,0,0,2026-09-01T20:30:29.296971+00:00
13717004,Limited Overs,TENNIS,past,2024-12-04T01:44:47.000Z,3003,Pune,59762,Barne Academy Ground Pusane,,,,,,7448002,Oro Cricket Club,77/10,5146670,LR-Fearless Fighters,80/2,Toss: LR-Fearless Fighters opt to field,8 wickets,LR-Fearless Fighters,Resulted,0,0,2026-09-01T20:30:29.296971+00:00
13738689,Limited Overs,TENNIS,past,2024-11-30T02:16:02.000Z,3003,Pune,42688,Jolly Ground,,,,,,285804,Silverland SuperGiants,190/8,882803,Rejoin Cricket Club,68/10,Toss: Silverland SuperGiants opt to bat,122 runs,Silverland SuperGiants,Resulted,0,0,2026-09-01T20:30:29.296971+00:00
13741349,Limited Overs,LEATHER,past,2024-11-30T05:27:17.000Z,3003,Pune,343490,"Pune Cricket Club, Wagholi",1196863,PCC PREMIER LEAGUE SEASON 2,,2299641,League Matches,597663,SONNET (ICL),137/9,885618,Pharma 11,138/6,Toss: Pharma 11 opt to field,4 wickets,Pharma 11,Resulted,0,0,2026-09-01T20:30:29.296971+00:00
13755018,Limited Overs,TENNIS,past,2024-12-01T05:53:42.000Z,3003,Pune,797586,Ravet Achievers,,,,,,4950563,Adiamville Avengers,107/7,6830244,PARK IVORY STRIKER,108/2,Toss: PARK IVORY STRIKER opt to field,8 wickets,PARK IVORY STRIKER,Resulted,0,0,2026-09-01T20:30:29.296971+00:00
13758879,Limited Overs,TENNIS,past,2024-12-01T02:29:30.000Z,3003,Pune,22428,Dhobi Graund dehuroad,,,,,,285804,Silverland SuperGiants,221/10,2210454,Smashers XI,222/7,Toss: Silverland SuperGiants opt to bat,3 wickets,Smashers XI,Resulted,0,0,2026-09-01T20:30:29.296971+00:00
13774593,Limited Overs,TENNIS,past,2024-12-01T08:54:38.000Z,3003,Pune,346898,Balasaheb Kunjir Kridangan,1177639,PROFESSIONAL CRICKET LEAGUE 2024,,2301729,Quarter Final,8094406,Epam pacers,46/4,6517661,Wakad Invincible 11,52/1,Toss: Wakad Invincible 11 opt to field,7 wickets,Wakad Invincible 11,Resulted,0,0,2026-09-01T20:30:29.296971+00:00
13799538,Limited Overs,LEATHER,past,2024-12-08T12:40:00.000Z,3003,Pune,681222,Rajgad Sports Academy Awhalwadi Pune,1033601,Corporate Cricket League 4 - White Ball Tournament,,2104566,League Matches,4028345,Black Panthers,143/10,810983,MedicosUnited,119/7,Toss: MedicosUnited opt to field,24 runs,Black Panthers,Resulted,0,0,2026-09-01T20:30:29.296971+00:00
13802172,Limited Overs,LEATHER,past,2024-12-04T14:23:52.000Z,3003,Pune,282913,Cricathon Cricket Ground,1158824,Cricathon Weekday Night Quadrangular 2024-25,,2225981,League Matches,6300390,Golds Gym,166/4,2223945,Life Republic Royals,46/10,Toss: Golds Gym opt to bat,120 runs,Golds Gym,Resulted,0,0,2026-09-01T20:30:29.296971+00:00
13812121,Limited Overs,TENNIS,past,2024-12-11T01:48:44.000Z,3003,Pune,406981,"30YCA Cricket Ground, Chandkhed",,,,,,5146670,LR-Fearless Fighters,120/6,7448002,Oro Cricket Club,110/7,Toss: Oro Cricket Club opt to field,10 runs,LR-Fearless Fighters,Resulted,0,0,2026-09-01T20:30:29.296971+00:00
13812145,Limited Overs,TENNIS,past,2024-12-13T01:47:44.000Z,3003,Pune,406981,"30YCA Cricket Ground, Chandkhed",,,,,,5146670,LR-Fearless Fighters,137/9,7448002,Oro Cricket Club,95/8,Toss: LR-Fearless Fighters opt to bat,42 runs,LR-Fearless Fighters,Resulted,0,0,2026-09-01T20:30:29.296971+00:00
13814298,Limited Overs,LEATHER,past,2024-12-14T13:24:00.000Z,3003,Pune,681222,Rajgad Sports Club Awhalwadi Pune,1142601,ONE CHAMPION Mix Corporate T-20 League,,2194874,League Matches,3499616,MIGHTY LIONS,169/9,7123568,XI STAR CRICKET CLUB,170/2,Toss: MIGHTY LIONS opt to bat,8 wickets,XI STAR CRICKET CLUB,Resulted,0,0,2026-09-01T20:30:29.296971+00:00
13836942,Limited Overs,TENNIS,past,2024-12-07T11:03:24.000Z,3003,Pune,559482,Rk Sports Complex,1167143,Challenger Cup - Season 3,PREMIUM,2318642,League Matches,8196203,KPI Legends,113/1,6830244,IVORY STRIKERS,60/10,Toss: IVORY STRIKERS opt to field,53 runs,KPI Legends,Resulted,0,0,2026-09-01T20:30:29.296971+00:00
13841253,Limited Overs,LEATHER,past,2024-12-06T14:22:06.000Z,3003,Pune,282913,Cricathon Cricket Ground,,,,,,2141371,Cricathon Sports Club,170/7,4232906,Thunderwolves,118/10,Toss: Cricathon Sports Club opt to bat,52 runs,Cricathon Sports Club,Resulted,0,0,2026-09-01T20:30:29.296971+00:00
13846660,Limited Overs,TENNIS,past,2024-12-07T02:05:33.000Z,3003,Pune,452736,Gawali,,,,,,3382845,RISINGXI,59/10,285804,Silverland SuperGiants,65/2,Toss: Silverland SuperGiants opt to field,8 wickets,Silverland SuperGiants,Resulted,0,0,2026-09-01T20:30:29.296971+00:00
13848130,Limited Overs,TENNIS,past,2024-12-07T03:16:37.000Z,3003,Pune,452736,Gawali,,,,,,285804,Silverland SuperGiants,109/5,3382845,RISINGXI,70/10,Toss: Silverland SuperGiants opt to bat,39 runs,Silverland SuperGiants,Resulted,0,0,2026-09-01T20:30:29.296971+00:00
13866518,Limited Overs,TENNIS,past,2024-12-08T04:37:45.000Z,3003,Pune,559482,Rk Sports Complex,1167143,Challenger Cup - Season 3,PREMIUM,2318642,League Matches,6711607,SAHYADRI WARRIORS,71/8,6830244,IVORY STRIKERS,73/2,Toss: IVORY STRIKERS opt to field,8 wickets,IVORY STRIKERS,Resulted,0,0,2026-09-01T20:30:29.296971+00:00
13866526,Limited Overs,TENNIS,past,2024-12-08T06:59:39.000Z,3003,Pune,559482,Rk Sports Complex,1167143,Challenger Cup - Season 3,PREMIUM,2318642,League Matches,6830244,IVORY STRIKERS,70/8,6547432,AFR (Amdox Free Radicals),73/1,Toss: AFR (Amdox Free Radicals) opt to field,9 wickets,AFR (Amdox Free Radicals),Resulted,0,0,2026-09-01T20:30:29.296971+00:00
13866535,Limited Overs,TENNIS,past,2024-12-08T09:23:31.000Z,3003,Pune,559482,Rk Sports Complex,1167143,Challenger Cup - Season 3,PREMIUM,2318642,League Matches,6830244,IVORY STRIKERS,79/3,8146841,Conquer 11,83/4,Toss: Conquer 11 opt to field,6 wickets,Conquer 11,Resulted,0,0,2026-09-01T20:30:29.296971+00:00
13868023,Limited Overs,TENNIS,past,2024-12-08T02:02:07.000Z,2796,Dehu Road,34039,Dhobi cricket ground Dehuroad,,,,,,3382845,RISINGXI,105/7,285804,Silverland SuperGiants,75/10,Toss: RISINGXI opt to bat,30 runs,RISINGXI,Resulted,0,0,2026-09-01T20:30:29.296971+00:00
13868211,Limited Overs,TENNIS,past,2024-12-12T01:34:20.000Z,3003,Pune,414460,30 YCA Sports Ground ,,,,,,5146670,LR-Fearless Fighters,55/5,285804,Silverland SuperGiants,59/3,Toss: LR-Fearless Fighters opt to bat,7 wickets,Silverland SuperGiants,Resulted,0,0,2026-09-01T20:30:29.296971+00:00
13873019,Limited Overs,TENNIS,past,2024-12-08T03:36:50.000Z,2796,Dehu Road,34039,Dhobi cricket ground Dehuroad,,,,,,285804,Silverland SuperGiants,71/10,3382845,RISINGXI,77/4,Toss: Silverland SuperGiants opt to bat,6 wickets,RISINGXI,Resulted,0,0,2026-09-01T20:30:29.296971+00:00
13874857,Limited Overs,TENNIS,past,2024-12-09T01:35:44.000Z,3003,Pune,766870,Cricket Haven Sport Club,,,,,,5146670,LR-Fearless Fighters,153/5,5063512,LR Kings,111/10,Toss: LR Kings opt to field,42 runs,LR-Fearless Fighters,Resulted,0,0,2026-09-01T20:30:29.296971+00:00
13881104,Limited Overs,TENNIS,past,2024-12-08T06:45:24.000Z,2782,Chinchwad,336498,Madanlal Dhingra Ground,,,,,,3700874,Gms,283/8,7229845,ELITE 11,200/7,Toss: Gms opt to bat,83 runs,Gms,Resulted,0,0,2026-09-01T20:30:29.296971+00:00
13900855,Limited Overs,TENNIS,past,2024-12-14T07:38:07.000Z,3003,Pune,559482,Rk Sports Complex,1167143,Challenger Cup - Season 3,PREMIUM,2318642,League Matches,6830244,IVORY STRIKERS,53/9,8198682,Incredibles,56/1,Toss: IVORY STRIKERS opt to bat,9 wickets,Incredibles,Resulted,0,0,2026-09-01T20:30:29.296971+00:00
13901747,Limited Overs,TENNIS,past,2024-12-14T03:49:49.000Z,3003,Pune,309026,"Sachin Ghotkule Cricket Ground, Adhle",1199665,Friendship Cup - League 1 - Dec 14 2024,,2334600,League Matches,2681274,Khadki Royals,56/5,2341773,MASTER BLASTER,42/8,Toss: MASTER BLASTER opt to field,14 runs,Khadki Royals,Resulted,0,0,2026-09-01T20:30:29.296971+00:00
13916913,Limited Overs,TENNIS,past,2024-12-25T05:49:30.000Z,3003,Pune,744485,A to Z CRICKET GROUND LAVALE,,,,,,3821688,Classic XI,147/5,6830244,IVORY STRIKERS,94/10,Toss: Classic XI opt to bat,53 runs,Classic XI,Resulted,0,0,2026-09-01T20:30:29.296971+00:00
13922098,Limited Overs,LEATHER,past,2024-12-11T02:43:49.000Z,3003,Pune,59337,Sportsage Cricket Ground,,,,,,522824,Sportsage B,141/6,3834401,Sportsage Corp A,143/3,Toss: Sportsage Corp A opt to field,7 wickets,Sportsage Corp A,Resulted,0,0,2026-09-01T20:30:29.296971+00:00
13928546,Box Cricket,TENNIS,past,2024-12-14T10:19:15.000Z,3003,Pune,566974,4 Lions RAVET,1218002,Pavillion Priemer League,,2339037,League Matches,8317067,Maratha Warriors,61/3,8317066,Elite Eagles,43/3,Toss: Elite Eagles opt to field,18 runs,Maratha Warriors,Resulted,0,0,2026-09-01T20:30:29.296971+00:00
13928565,Box Cricket,TENNIS,past,2024-12-14T11:49:59.000Z,3003,Pune,566974,4 Lions RAVET,1218002,Pavillion Priemer League,,2339037,League Matches,8317067,Maratha Warriors,97/1,8317062,Shiv Chatrapati Fighters,67/3,Toss: Maratha Warriors opt to bat,30 runs,Maratha Warriors,Resulted,0,0,2026-09-01T20:30:29.296971+00:00
13928576,Box Cricket,TENNIS,past,2024-12-14T12:46:53.000Z,3003,Pune,566974,4 Lions RAVET,1218002,Pavillion Priemer League,,2339037,League Matches,8317067,Maratha Warriors,51/4,8317063,7 Strikers,52/0,Toss: Maratha Warriors opt to bat,7 wickets,7 Strikers,Resulted,0,0,2026-09-01T20:30:29.296971+00:00
13928585,Box Cricket,TENNIS,past,2024-12-14T13:17:23.000Z,3003,Pune,566974,4 Lions RAVET,1218002,Pavillion Priemer League,,2339037,League Matches,8317065,Power Rangers,50/4,8317067,Maratha Warriors,50/3,Toss: Power Rangers opt to bat,Tie,,Tie,0,0,2026-09-01T20:30:29.296971+00:00
13934103,Limited Overs,TENNIS,past,2024-12-12T02:32:03.000Z,3003,Pune,415654,30 YCA Cricket Ground Lavale(E2D),,,,,,285804,Silverland SuperGiants,59/5,5146670,LR-Fearless Fighters,60/4,Toss: Silverland SuperGiants opt to bat,6 wickets,LR-Fearless Fighters,Resulted,0,0,2026-09-01T20:30:29.296971+00:00
13941791,Limited Overs,TENNIS,past,2025-01-05T04:18:57.000Z,3003,Pune,39291,Kodre Cricket Ground,1218098,EPAM Premier League Pune 2024-25 (Season 6),,2339188,League Matches,8325887,EPAM Eagles,168/1,8325828,EPAM Falcons,40/10,Toss: EPAM Falcons opt to field,128 runs,EPAM Eagles,Resulted,0,0,2026-09-01T20:30:29.296971+00:00
13941822,Limited Overs,TENNIS,past,2025-01-05T08:49:04.000Z,3003,Pune,485284,Kodre Farm Cricket Ground Sinhgad Road Pune,1218098,EPAM Premier League Pune 2024-25 (Season 6),,2339188,League Matches,8325875,EPAM Titans,176/4,8325803,EPAM Knights,155/2,Toss: EPAM Titans opt to bat,21 runs,EPAM Titans,Resulted,0,0,2026-09-01T20:30:29.296971+00:00
13941866,Limited Overs,TENNIS,past,2025-01-11T03:50:27.000Z,3003,Pune,39291,Kodre Cricket Ground,1218098,EPAM Premier League Pune 2024-25 (Season 6),,2339188,League Matches,8325895,EPAM Strikers,91/7,8325906,EPAM Innovators,95/2,Toss: EPAM Strikers opt to bat,8 wickets,EPAM Innovators,Resulted,0,0,2026-09-01T20:30:29.296971+00:00
13941880,Limited Overs,TENNIS,past,2025-01-11T05:54:37.000Z,3003,Pune,39291,Kodre Cricket Ground,1218098,EPAM Premier League Pune 2024-25 (Season 6),,2339188,League Matches,8325887,EPAM Eagles,134/4,8325871,EPAM Legends,138/7,Toss: EPAM Eagles opt to bat,3 wickets,EPAM Legends,Resulted,0,0,2026-09-01T20:30:29.296971+00:00
13941893,Limited Overs,TENNIS,past,2025-01-11T09:00:19.000Z,3003,Pune,39291,Kodre Cricket Ground,1218098,EPAM Premier League Pune 2024-25 (Season 6),,2339188,League Matches,8325803,EPAM Knights,80/10,8325769,EPAM Pioneers,83/3,Toss: EPAM Pioneers opt to field,7 wickets,EPAM Pioneers,Resulted,0,0,2026-09-01T20:30:29.296971+00:00
13941909,Limited Overs,TENNIS,past,2025-01-12T04:10:18.000Z,3003,Pune,39291,Kodre Cricket Ground,1218098,EPAM Premier League Pune 2024-25 (Season 6),,2339188,League Matches,8325783,EPAM Challengers,84/4,8325828,EPAM Falcons,90/5,Toss: EPAM Challengers opt to bat,5 wickets,EPAM Falcons,Resulted,0,0,2026-09-01T20:30:29.296971+00:00
13941913,Limited Overs,TENNIS,past,2025-01-12T06:22:07.000Z,3003,Pune,39291,Kodre Cricket Ground,1218098,EPAM Premier League Pune 2024-25 (Season 6),,2339188,League Matches,8325875,EPAM Titans,152/9,8325906,EPAM Innovators,118/8,Toss: EPAM Innovators opt to field,34 runs,EPAM Titans,Resulted,0,0,2026-09-01T20:30:29.296971+00:00
13941924,Limited Overs,TENNIS,past,2025-01-12T09:14:15.000Z,3003,Pune,39291,Kodre Cricket Ground,1218098,EPAM Premier League Pune 2024-25 (Season 6),,2339188,League Matches,8325887,EPAM Eagles,95/6,8325816,EPAM Pacers,97/2,Toss: EPAM Eagles opt to bat,8 wickets,EPAM Pacers,Resulted,0,0,2026-09-01T20:30:29.296971+00:00
13941938,Limited Overs,TENNIS,past,2025-01-18T04:15:04.000Z,3003,Pune,39291,Kodre Cricket Ground,1218098,EPAM Premier League Pune 2024-25 (Season 6),,2339188,League Matches,8325816,EPAM Pacers,98/9,8325828,EPAM Falcons,91/6,Toss: EPAM Pacers opt to bat,7 runs,EPAM Pacers,Resulted,0,0,2026-09-01T20:30:29.296971+00:00
13941953,Limited Overs,TENNIS,past,2025-01-18T06:29:59.000Z,3003,Pune,39291,Kodre Cricket Ground,1218098,EPAM Premier League Pune 2024-25 (Season 6),,2339188,League Matches,8325803,EPAM Knights,148/1,8325906,EPAM Innovators,141/7,Toss: EPAM Knights opt to bat,7 runs,EPAM Knights,Resulted,0,0,2026-09-01T20:30:29.296971+00:00
13941966,Limited Overs,TENNIS,past,2025-01-18T09:02:33.000Z,3003,Pune,39291,Kodre Cricket Ground,1218098,EPAM Premier League Pune 2024-25 (Season 6),,2339188,League Matches,8325769,EPAM Pioneers,146/5,8325895,EPAM Strikers,92/7,Toss: EPAM Strikers opt to field,54 runs,EPAM Pioneers,Resulted,0,0,2026-09-01T20:30:29.296971+00:00
13941983,Limited Overs,TENNIS,past,2025-01-19T04:21:06.000Z,3003,Pune,39291,Kodre Cricket Ground,1218098,EPAM Premier League Pune 2024-25 (Season 6),,2339188,League Matches,8325816,EPAM Pacers,124/7,8325871,EPAM Legends,87/9,Toss: EPAM Legends opt to field,37 runs,EPAM Pacers,Resulted,0,0,2026-09-01T20:30:29.296971+00:00
13941992,Limited Overs,TENNIS,past,2025-01-19T06:43:32.000Z,3003,Pune,39291,Kodre Cricket Ground,1218098,EPAM Premier League Pune 2024-25 (Season 6),,2339188,League Matches,8325887,EPAM Eagles,123/3,8325783,EPAM Challengers,129/4,Toss: EPAM Eagles opt to bat,6 wickets,EPAM Challengers,Resulted,0,0,2026-09-01T20:30:29.296971+00:00
13942014,Limited Overs,TENNIS,past,2025-01-19T08:59:23.000Z,3003,Pune,39291,Kodre Cricket Ground,1218098,EPAM Premier League Pune 2024-25 (Season 6),,2339188,League Matches,8325769,EPAM Pioneers,123/8,8325875,EPAM Titans,100/9,Toss: EPAM Titans opt to field,23 runs,EPAM Pioneers,Resulted,0,0,2026-09-01T20:30:29.296971+00:00
13942026,Limited Overs,TENNIS,past,2025-02-01T04:03:09.000Z,3003,Pune,39291,Kodre Cricket Ground,1218098,EPAM Premier League Pune 2024-25 (Season 6),,2339188,League Matches,8325871,EPAM Legends,102/5,8325828,EPAM Falcons,103/3,Toss: EPAM Legends opt to bat,7 wickets,EPAM Falcons,Resulted,0,0,2026-09-01T20:30:29.296971+00:00
13942037,Limited Overs,TENNIS,past,2025-02-01T06:07:34.000Z,3003,Pune,39291,Kodre Cricket Ground,1218098,EPAM Premier League Pune 2024-25 (Season 6),,2339188,League Matches,8325803,EPAM Knights,105/7,8325895,EPAM Strikers,108/4,Toss: EPAM Knights opt to bat,6 wickets,EPAM Strikers,Resulted,0,0,2026-09-01T20:30:29.296971+00:00
13942117,Limited Overs,TENNIS,past,2025-01-05T06:00:00.000Z,3003,Pune,39291,Kodre Cricket Ground,1218098,EPAM Premier League Pune 2024-25 (Season 6),,2339188,League Matches,8325871,EPAM Legends,194/4,8325783,EPAM Challengers,100/9,Toss: EPAM Legends opt to bat,94 runs,EPAM Legends,Resulted,0,0,2026-09-01T20:30:29.296971+00:00
13946965,Box Cricket,TENNIS,past,2024-12-15T07:21:52.000Z,3003,Pune,274284,"The Turf Ground, Kothrud",1181229,Winter Season Box Cricket Tournament,,2274879,League Matches,6914624,Elites 11,40/5,8297516,Elite Corporate,46/1,Toss: Elites 11 opt to bat,7 wickets,Elite Corporate,Resulted,0,0,2026-09-01T20:30:29.296971+00:00
13946968,Box Cricket,TENNIS,past,2024-12-15T07:53:09.000Z,3003,Pune,274284,"The Turf Ground, Kothrud",1181229,Winter Season Box Cricket Tournament,,2274879,League Matches,6914624,Elites 11,37/7,7246006,Sinhgad Warriors,38/0,Toss: Elites 11 opt to bat,8 wickets,Sinhgad Warriors,Resulted,0,0,2026-09-01T20:30:29.296971+00:00
13956866,Limited Overs,TENNIS,past,2024-12-14T10:01:47.000Z,3003,Pune,537609,Chondepatil,1210174,SCC PUNE 2024 MENS BOX CRICKET,,2343509,League Matches,8302114,EPIROC MINING A,26/5,8302127,TIETOEVRY B,27/2,Toss: TIETOEVRY B opt to field,3 wickets,TIETOEVRY B,Resulted,0,0,2026-09-01T20:30:29.296971+00:00
13961901,Limited Overs,TENNIS,past,2024-12-14T07:31:57.000Z,3003,Pune,457990,Achiever Cricket Ground,1216061,SOCIETY PREMIER LEAGUE 2024(SEASON 1),,2343187,League Matches,8310429,Silverland Supergiants - SPL 2024,122/0,8333344,Aryavat Sports Club,53/6,Toss: Aryavat Sports Club opt to field,69 runs,Silverland Supergiants - SPL 2024,Resulted,0,0,2026-09-01T20:30:29.296971+00:00
13971955,Limited Overs,TENNIS,past,2024-12-15T04:24:33.000Z,3003,Pune,202730,"4 Lions Academy, Lane 4, Vinayak Nagar , Pimpale Nilhak,",,,,,,7746577,Phursungi Paltan,43/6,8325895,EPAM Strikers,40/5,Toss: Phursungi Paltan opt to bat,3 runs,Phursungi Paltan,Resulted,0,0,2026-09-01T20:30:29.296971+00:00
13973962,Limited Overs,TENNIS,past,2024-12-15T05:48:18.000Z,3003,Pune,457990,Achiever Cricket Ground,1216061,SOCIETY PREMIER LEAGUE 2024(SEASON 1),,2343187,League Matches,8310429,Silverland Supergiants - SPL 2024,69/6,4575270,Revanta Risers Ravet (RRR),68/1,Toss: Revanta Risers Ravet (RRR) opt to field,9 wickets,Revanta Risers Ravet (RRR),Resulted,0,0,2026-09-01T20:30:29.296971+00:00
13978429,Limited Overs,TENNIS,past,2024-12-14T11:21:19.000Z,3003,Pune,12498,Chondhe Patil Sports Complex,1210174,SCC PUNE 2024 MENS BOX CRICKET,,2343509,League Matches,8267248,ATLAS COPCO A,41/4,8302127,TIETOEVRY B,43/4,Toss: TIETOEVRY B opt to field,1 wicket,TIETOEVRY B,Resulted,0,0,2026-09-01T20:30:29.296971+00:00
13993898,Limited Overs,LEATHER,past,2024-12-21T11:00:00.000Z,3003,Pune,456738,"30YCA Spark Cricket Ground, Jambhe",1078162,30YCA Supremacy Cup 6.0 ,,2104903,League Matches,4323345,Horizons Cricket Club,126/9,3096792,BRAVEHEART WARRIORS CLUB,129/2,Toss: Horizons Cricket Club opt to bat,8 wickets,BRAVEHEART WARRIORS CLUB,Resulted,0,0,2026-09-01T20:30:29.296971+00:00
13998900,Limited Overs,TENNIS,past,2024-12-15T05:20:59.000Z,3003,Pune,189002,DOWNTOWN,1220275,Sparsh Cricket Championship SEASON -1,,2349463,League Matches,8337733,Friends 11,106/9,8337746,Amco Avengers,79/6,Toss: Amco Avengers opt to field,27 runs,Friends 11,Resulted,0,0,2026-09-01T20:30:29.296971+00:00
14000867,Limited Overs,TENNIS,past,2024-12-15T05:59:44.000Z,3003,Pune,12498,Chondhe Patil Sports Complex,1210174,SCC PUNE 2024 MENS BOX CRICKET,,2343510,Quarter Final,8334441,SKF B,28/5,8302127,TIETOEVRY B,29/4,Toss: TIETOEVRY B opt to field,1 wicket,TIETOEVRY B,Resulted,0,0,2026-09-01T20:30:29.296971+00:00
14003786,Limited Overs,TENNIS,past,2024-12-15T07:49:01.000Z,3003,Pune,12498,Chondhe Patil Sports Complex,1210174,SCC PUNE 2024 MENS BOX CRICKET,,2343511,Semi Final,8302135,KRAFTPOWERCON,26/5,8302127,TIETOEVRY B,27/0,Toss: TIETOEVRY B opt to field,5 wickets,TIETOEVRY B,Resulted,0,0,2026-09-01T20:30:29.296971+00:00
14005576,Limited Overs,TENNIS,past,2024-12-15T08:03:09.000Z,3003,Pune,189002,DOWNTOWN,1220275,Sparsh Cricket Championship SEASON -1,,2349463,League Matches,8337756,Meet Masteros,91/7,8337733,Friends 11,93/2,Toss: Meet Masteros opt to bat,8 wickets,Friends 11,Resulted,0,0,2026-09-01T20:30:29.296971+00:00
14006260,Limited Overs,TENNIS,past,2024-12-15T09:20:55.000Z,3003,Pune,12498,Chondhe Patil Sports Complex,1210174,SCC PUNE 2024 MENS BOX CRICKET,,2343512,Final,8302093,TETRA PAK A,40/4,8302127,TIETOEVRY B,25/5,Toss: TETRA PAK A opt to bat,15 runs,TETRA PAK A,Resulted,0,0,2026-09-01T20:30:29.296971+00:00
14012041,Limited Overs,TENNIS,past,2024-12-15T11:11:21.000Z,3003,Pune,189002,DOWNTOWN,1220275,Sparsh Cricket Championship SEASON -1,,2351368,Final,8337733,Friends 11,170/3,8337756,Meet Masteros,144/4,Toss: Meet Masteros opt to field,26 runs,Friends 11,Resulted,0,0,2026-09-01T20:30:29.296971+00:00
14012813,Limited Overs,TENNIS,past,2024-12-15T11:26:20.000Z,3003,Pune,457990,Achiever Cricket Ground,1216061,SOCIETY PREMIER LEAGUE 2024(SEASON 1),,2343188,Quarter Final,8310120,Uday hill top,66/2,8310429,Silverland Supergiants - SPL 2024,68/0,Toss: Uday hill top opt to bat,10 wickets,Silverland Supergiants - SPL 2024,Resulted,0,0,2026-09-01T20:30:29.296971+00:00
14014811,Limited Overs,TENNIS,past,2024-12-15T12:57:33.000Z,3003,Pune,455441,Achievers cricket Ground Ravet ,1216061,SOCIETY PREMIER LEAGUE 2024(SEASON 1),,2343189,Semi Final,8310429,Silverland Supergiants - SPL 2024,49/6,8321356,Aqua Marina Warriors,51/0,Toss: Silverland Supergiants - SPL 2024 opt to bat,10 wickets,Aqua Marina Warriors,Resulted,0,0,2026-09-01T20:30:29.296971+00:00
14014902,Limited Overs,TENNIS,past,2024-12-15T15:51:50.000Z,3003,Pune,639627,"MatchDay Arena, Wakad",983089,Night Group By RCC,,1943519,League Matches,6305145,RCC NW Spartans,64/10,6305139,RCC NW Knights,65/0,Toss: RCC NW Spartans opt to bat,10 wickets,RCC NW Knights,Resulted,0,0,2026-09-01T20:30:29.296971+00:00
14018611,Limited Overs,TENNIS,past,2024-12-15T16:32:32.000Z,3003,Pune,639627,"MatchDay Arena, Wakad",983089,Night Group By RCC,,1943519,League Matches,6305139,RCC NW Knights,117/7,6305145,RCC NW Spartans,118/7,Toss: RCC NW Knights opt to bat,3 wickets,RCC NW Spartans,Resulted,0,0,2026-09-01T20:30:29.296971+00:00
14023922,Limited Overs,TENNIS,past,2025-01-12T04:11:12.000Z,3003,Pune,114039,Club Chrysallis,1225333,Commandos Bilateral series 1,,2353686,League Matches,5470272,Cricket Commandos,141/5,7126437,Rising Champions,142/5,Toss: Cricket Commandos opt to bat,5 wickets,Rising Champions,Resulted,0,0,2026-09-01T20:30:29.296971+00:00
14023923,Limited Overs,TENNIS,past,2025-01-19T04:11:40.000Z,3003,Pune,114039,Club Chrysallis,1225333,Commandos Bilateral series 1,,2353686,League Matches,5470272,Cricket Commandos,103/8,7126437,Rising Champions,104/7,Toss: Cricket Commandos opt to bat,3 wickets,Rising Champions,Resulted,0,0,2026-09-01T20:30:29.296971+00:00
14028803,Limited Overs,TENNIS,past,2024-12-21T07:50:52.000Z,3003,Pune,309026,"Sachin Ghotkule Cricket Ground, Adhle",844567,Royal Amigos Cricket Club - Season 2024,,1593026,League Matches,5181039,TCG Tornado,95/10,4331598,Royal Amigos,66/10,Toss: TCG Tornado opt to bat,29 runs,TCG Tornado,Resulted,0,0,2026-09-01T20:30:29.296971+00:00
14032612,Limited Overs,TENNIS,past,2024-12-27T01:41:24.000Z,3003,Pune,796491,Cric Haven,,,,,,5146670,LR-Fearless Fighters,103/9,7200959,Classic Cricket Club,105/6,Toss: LR-Fearless Fighters opt to bat,4 wickets,Classic Cricket Club,Resulted,0,0,2026-09-01T20:30:29.296971+00:00
14048198,Limited Overs,TENNIS,past,2024-12-18T03:04:45.000Z,3003,Pune,59337,Sportsage Cricket Ground,,,,,,8210070,British Petroleum,198/4,3834401,Sportsage Corp A,149/10,Toss: Sportsage Corp A opt to field,49 runs,British Petroleum,Resulted,0,0,2026-09-01T20:30:29.296971+00:00
14056051,Box Cricket,TENNIS,past,2025-01-03T07:53:36.000Z,2621,Pipariya,599844,The Geetanjali Lawn,1192627,Maheshwari Premier League - 2,,2332862,League Matches,8292004,Khaparkheda Knight Riders,61/4,8292010,Hera Pheri Warriors,62/3,Toss: Hera Pheri Warriors opt to field,5 wickets,Hera Pheri Warriors,Resulted,0,0,2026-09-01T20:30:29.296971+00:00
14067087,Limited Overs,TENNIS,past,2024-12-22T02:50:18.000Z,3000,Pimpri,811189,Ma,,,,,,7328484,Bajrang Warriors,181/8,7229845,ELITE 11,182/4,Toss: ELITE 11 opt to field,6 wickets,ELITE 11,Resulted,0,0,2026-09-01T20:30:29.296971+00:00
14074077,Box Cricket,TENNIS,past,2025-01-04T11:00:00.000Z,2621,Pipariya,599844,The Geetanjali Lawn,1192627,Maheshwari Premier League - 2,,2332862,League Matches,8292029,MYM Bankhedi,27/8,8292004,Khaparkheda Knight Riders,28/1,Toss: Khaparkheda Knight Riders opt to field,6 wickets,Khaparkheda Knight Riders,Resulted,0,0,2026-09-01T20:30:29.296971+00:00
14074134,Box Cricket,TENNIS,past,2025-01-04T17:50:39.000Z,2621,Pipariya,599844,The Geetanjali Lawn,1192627,Maheshwari Premier League - 2,,2332862,League Matches,8292004,Khaparkheda Knight Riders,18/8,8292020,TGL Brothers,19/3,Toss: TGL Brothers opt to field,4 wickets,TGL Brothers,Resulted,0,0,2026-09-01T20:30:29.296971+00:00
14074161,Box Cricket,TENNIS,past,2025-01-05T07:26:12.000Z,2621,Pipariya,599844,The Geetanjali Lawn,1192627,Maheshwari Premier League - 2,,2332862,League Matches,8292004,Khaparkheda Knight Riders,55/6,8292016,Friends Forever,10/7,Toss: Friends Forever opt to field,45 runs,Khaparkheda Knight Riders,Resulted,0,0,2026-09-01T20:30:29.296971+00:00
14080366,Limited Overs,TENNIS,past,2024-12-21T03:48:17.000Z,2796,Dehu Road,94172,jolly,1208660,T20 Maitri Chashak Season 9,,2343806,League Matches,8322080,All Monster Dehuroad,232/3,285804,Silverland SuperGiants,147/10,Toss: Silverland SuperGiants opt to field,85 runs,All Monster Dehuroad,Resulted,0,0,2026-09-01T20:30:29.296971+00:00
14080459,Limited Overs,TENNIS,past,2025-01-04T02:35:11.000Z,2796,Dehu Road,474352,Thomas Colony,1208660,T20 Maitri Chashak Season 9,,2343806,League Matches,285804,Silverland SuperGiants,157/9,3383051,Morya Fighters,159/4,Toss: Silverland SuperGiants opt to bat,6 wickets,Morya Fighters,Resulted,0,0,2026-09-01T20:30:29.296971+00:00
14104924,Limited Overs,TENNIS,past,2024-12-21T09:33:59.000Z,3003,Pune,747162,Forza Cricket Ground Warje,1232840,Saturday Club League ,,2366411,League Matches,8408579,Champion Challengers,56/3,8408596,Enclave stars,42/6,Toss: Champion Challengers opt to bat,14 runs,Champion Challengers,Resulted,0,0,2026-09-01T20:30:29.296971+00:00
14108396,Limited Overs,TENNIS,past,2024-12-21T11:52:25.000Z,3003,Pune,747162,Forza Cricket Ground Warje,1232840,Saturday Club League ,,2366411,League Matches,8408579,Champion Challengers,31/7,8408537,Team Amit,32/2,Toss: Champion Challengers opt to bat,5 wickets,Team Amit,Resulted,0,0,2026-09-01T20:30:29.296971+00:00
14109321,Limited Overs,TENNIS,past,2024-12-21T12:29:29.000Z,3003,Pune,747162,Forza Cricket Ground Warje,1232840,Saturday Club League ,,2366411,League Matches,8408414,SNCC,50/4,8408579,Champion Challengers,44/5,Toss: SNCC opt to bat,6 runs,SNCC,Resulted,0,0,2026-09-01T20:30:29.296971+00:00
14116878,Limited Overs,LEATHER,past,2025-01-05T12:55:08.000Z,3003,Pune,282913,Cricathon Cricket Ground,1133581,Cricathon Night Weekend Tournament S3,,2191248,League Matches,6914624,Elites 11,147/8,6744762,Alone Warriors,151/5,Toss: Elites 11 opt to bat,5 wickets,Alone Warriors,Resulted,0,0,2026-09-01T20:30:29.296971+00:00
14148179,Limited Overs,LEATHER,past,2025-01-04T08:14:00.000Z,3003,Pune,220854,Uravade,1181767,Winter Cup 2 By PS 2024,,2272424,League Matches,1098308,Om Cricket Club (Pune),115/10,3247726,Iris Cricket Club,116/8,Toss: Om Cricket Club (Pune) opt to bat,2 wickets,Iris Cricket Club,Resulted,0,0,2026-09-01T20:30:29.296971+00:00
14158098,Limited Overs,TENNIS,past,2024-12-30T06:26:46.000Z,2000,Nipani,287103,Shrinagar cricket ground,1228957,SPL Season 7,,2360740,League Matches,8389110,SP SPORTS,67/5,8389028,CAFE CELLBLOCK,68/5,Toss: SP SPORTS opt to bat,3 wickets,CAFE CELLBLOCK,Resulted,0,0,2026-09-01T20:30:29.296971+00:00
14158156,Limited Overs,TENNIS,past,2024-12-30T07:19:27.000Z,2000,Nipani,287103,Shrinagar cricket ground,1228957,SPL Season 7,,2360740,League Matches,8389065,KOLLE STRIKERS,62/7,8389028,CAFE CELLBLOCK,63/4,Toss: KOLLE STRIKERS opt to bat,4 wickets,CAFE CELLBLOCK,Resulted,0,0,2026-09-01T20:30:29.296971+00:00
14161429,Limited Overs,TENNIS,past,2025-01-05T07:20:26.000Z,2000,Nipani,287103,Shrinagar cricket ground,1228957,SPL Season 7,,2360740,League Matches,8388936,PRATIK PANTHERSS,67/4,8389028,CAFE CELLBLOCK,68/3,Toss: PRATIK PANTHERSS opt to bat,6 wickets,CAFE CELLBLOCK,Resulted,0,0,2026-09-01T20:30:29.296971+00:00
14161464,Limited Overs,TENNIS,past,2025-01-05T10:09:35.000Z,2000,Nipani,287103,Shrinagar cricket ground,1228957,SPL Season 7,,2360740,League Matches,5577459,REDDY BROTHERS,95/3,8389028,CAFE CELLBLOCK,89/6,Toss: REDDY BROTHERS opt to bat,6 runs,REDDY BROTHERS,Resulted,0,0,2026-09-01T20:30:29.296971+00:00
14161527,Limited Overs,TENNIS,past,2025-01-12T07:15:00.000Z,2000,Nipani,287103,Shrinagar cricket ground,1228957,SPL Season 7,,2360740,League Matches,8388986,SAI SPORTS,71/3,8389028,CAFE CELLBLOCK,72/2,Toss: SAI SPORTS opt to bat,7 wickets,CAFE CELLBLOCK,Resulted,0,0,2026-09-01T20:30:29.296971+00:00
14161545,Limited Overs,TENNIS,past,2025-01-12T11:30:54.000Z,2000,Nipani,287103,Shrinagar cricket ground,1228957,SPL Season 7,,2360740,League Matches,8389028,CAFE CELLBLOCK,51/8,8389110,SP SPORTS,40/9,Toss: SP SPORTS opt to field,11 runs,CAFE CELLBLOCK,Resulted,0,0,2026-09-01T20:30:29.296971+00:00
14161566,Limited Overs,TENNIS,past,2025-01-19T07:10:20.000Z,2000,Nipani,287103,Shrinagar cricket ground,1228957,SPL Season 7,,2360740,League Matches,8389065,KOLLE STRIKERS,68/9,8389028,CAFE CELLBLOCK,69/5,Toss: KOLLE STRIKERS opt to bat,5 wickets,CAFE CELLBLOCK,Resulted,0,0,2026-09-01T20:30:29.296971+00:00
14161605,Limited Overs,TENNIS,past,2025-01-19T11:30:49.000Z,2000,Nipani,287103,Shrinagar cricket ground,1228957,SPL Season 7,,2360740,League Matches,8388936,PRATIK PANTHERSS,69/6,8389028,CAFE CELLBLOCK,73/2,Toss: CAFE CELLBLOCK opt to field,8 wickets,CAFE CELLBLOCK,Resulted,0,0,2026-09-01T20:30:29.296971+00:00
14161631,Limited Overs,TENNIS,past,2025-01-26T08:49:51.000Z,2000,Nipani,287103,Shrinagar cricket ground,1228957,SPL Season 7,,2360740,League Matches,5577459,REDDY BROTHERS,115/1,8389028,CAFE CELLBLOCK,65/5,Toss: REDDY BROTHERS opt to bat,50 runs,REDDY BROTHERS,Resulted,0,0,2026-09-01T20:30:29.296971+00:00
14166489,Limited Overs,LEATHER,past,2024-12-28T04:41:11.000Z,3003,Pune,409003,Eden Park,1153755,Eden Park Super League ,,2217293,League Matches,6252434,Phoenix Rising Cricket Club,117/10,5974915,Hawks Cricket Club,118/3,Toss: Hawks Cricket Club opt to field,7 wickets,Hawks Cricket Club,Resulted,0,0,2026-09-01T20:30:29.296971+00:00
14178586,Limited Overs,TENNIS,past,2024-12-26T05:23:29.000Z,1616,Chaibasa,157856,BLN High School Icha Cricket Ground,1239039,ROYAL CRICKET TOURNAMENT ICHA -2024,,2379106,Super Knockout,8446525,Royal Striker Icha,56/9,8446552,Rhions 11,57/1,Toss: Rhions 11 opt to field,9 wickets,Rhions 11,Resulted,0,0,2026-09-01T20:30:29.296971+00:00
14216266,Limited Overs,TENNIS,past,2024-12-26T09:21:14.000Z,1616,Chaibasa,157856,BLN High School Icha Cricket Ground,1239039,ROYAL CRICKET TOURNAMENT ICHA -2024,,2379114,Quarter Final,8446554,Super Striker ZSCC,73/6,8446552,Rhions 11,63/8,Toss: Super Striker ZSCC opt to bat,10 runs,Super Striker ZSCC,Resulted,0,0,2026-09-01T20:30:29.296971+00:00
14229957,Limited Overs,TENNIS,past,2024-12-29T01:32:50.000Z,3003,Pune,773490,Cricket Heaven Sports Club,,,,,,7002092,Strikers 11,70/10,7257397,Dream Chasers,71/7,Toss: Dream Chasers opt to field,3 wickets,Dream Chasers,Resulted,0,0,2026-09-01T20:30:29.296971+00:00
14243643,Limited Overs,TENNIS,past,2024-12-29T02:25:12.000Z,2796,Dehu Road,34039,Dhobi cricket ground Dehuroad,1208660,T20 Maitri Chashak Season 9,,2343806,League Matches,285804,Silverland SuperGiants,219/8,3382845,RISINGXI,222/7,Toss: RISINGXI opt to field,3 wickets,RISINGXI,Resulted,0,0,2026-09-01T20:30:29.296971+00:00
14253043,Box Cricket,TENNIS,past,2024-12-28T07:20:17.000Z,3003,Pune,543598,SK Sports Club,1246104,dummy tournament ,,2391433,League Matches,7929688,Team Adi,7/0,8404350,SK Challengers,11/0,Toss: Team Adi opt to bat,8 wickets,SK Challengers,Resulted,0,0,2026-09-01T20:30:29.296971+00:00
14253100,Box Cricket,TENNIS,past,2024-12-28T07:22:27.000Z,3003,Pune,543598,SK Sports Club,1246104,dummy tournament ,,2391433,League Matches,7929688,Team Adi,3/0,8308116,SBM Challengers,4/0,Toss: Team Adi opt to bat,7 wickets,SBM Challengers,Resulted,0,0,2026-09-01T20:30:29.296971+00:00
14253186,Box Cricket,TENNIS,past,2024-12-28T07:27:20.000Z,3003,Pune,543598,SK Sports Club,1246104,dummy tournament ,,2391433,League Matches,7846306,Team Geet,3/3,7974671,Team Ajinkya,7/0,Toss: Team Geet opt to bat,6 wickets,Team Ajinkya,Resulted,0,0,2026-09-01T20:30:29.296971+00:00
14253193,Box Cricket,TENNIS,past,2024-12-28T07:28:36.000Z,3003,Pune,543598,SK Sports Club,1246104,dummy tournament ,,2391433,League Matches,7771710,Team Sagar,34/0,8402567,Team Pune,10/0,Toss: Team Sagar opt to bat,24 runs,Team Sagar,Resulted,0,0,2026-09-01T20:30:29.296971+00:00
14253336,Box Cricket,TENNIS,past,2024-12-28T07:32:39.000Z,3003,Pune,543598,SK Sports Club,1246104,dummy tournament ,,2391433,League Matches,7846306,Team Geet,6/0,7974671,Team Ajinkya,3/3,Toss: Team Geet opt to bat,3 runs,Team Geet,Resulted,0,0,2026-09-01T20:30:29.296971+00:00
14253390,Box Cricket,TENNIS,past,2024-12-28T07:35:14.000Z,3003,Pune,543598,SK Sports Club,1246104,dummy tournament ,,2391433,League Matches,7771710,Team Sagar,24/0,7830111,Team Patil,28/0,Toss: Team Sagar opt to bat,6 wickets,Team Patil,Resulted,0,0,2026-09-01T20:30:29.296971+00:00
14253755,Limited Overs,TENNIS,past,2024-12-29T09:44:08.000Z,3003,Pune,759549,"Desire Cricket Ground, Upper Ground, Baner",,,,,,4421383,Skyhawks,128/8,6830244,IVORY STRIKERS,125/8,Toss: Skyhawks opt to bat,3 runs,Skyhawks,Resulted,0,0,2026-09-01T20:30:29.296971+00:00
14253758,Box Cricket,TENNIS,past,2024-12-28T07:54:21.000Z,3003,Pune,543598,SK Sports Club,1246104,dummy tournament ,,2391563,Quarter Final,7974671,Team Ajinkya,8/0,8308116,SBM Challengers,2/0,Toss: Team Ajinkya opt to bat,6 runs,Team Ajinkya,Resulted,0,0,2026-09-01T20:30:29.296971+00:00
14253807,Box Cricket,TENNIS,past,2024-12-28T07:56:03.000Z,3003,Pune,543598,SK Sports Club,1246104,dummy tournament ,,2391563,Quarter Final,7771710,Team Sagar,27/0,7830107,Team Tejas,4/0,Toss: Team Sagar opt to bat,23 runs,Team Sagar,Resulted,0,0,2026-09-01T20:30:29.296971+00:00
14254079,Box Cricket,TENNIS,past,2024-12-28T08:01:57.000Z,3003,Pune,543598,SK Sports Club,1246104,dummy tournament ,,2391595,Semi Final,7771710,Team Sagar,36/0,7846309,Team Shahsi,11/0,Toss: Team Sagar opt to bat,25 runs,Team Sagar,Resulted,0,0,2026-09-01T20:30:29.296971+00:00
14254094,Box Cricket,TENNIS,past,2024-12-28T08:02:18.000Z,3003,Pune,543598,SK Sports Club,1246104,dummy tournament ,,2391595,Semi Final,7974671,Team Ajinkya,36/0 & 36/0,8402561,Team Mumbai,36/0 & 31/0,Toss: Team Ajinkya opt to bat,Match Tied (Team Ajinkya won the super over),Team Ajinkya,Resulted,0,1,2026-09-01T20:30:29.296971+00:00
14254206,Box Cricket,TENNIS,past,2024-12-28T08:06:35.000Z,3003,Pune,543598,SK Sports Club,1246104,dummy tournament ,,2391613,Final,7771710,Team Sagar,34/0,7974671,Team Ajinkya,18/1,Toss: Team Sagar opt to bat,16 runs,Team Sagar,Resulted,0,0,2026-09-01T20:30:29.296971+00:00
14255635,Limited Overs,TENNIS,past,2024-12-28T10:12:23.000Z,3003,Pune,187233,Desire Sport Corporation Ground B,,,,,,6830244,IVORY STRIKERS,141/7,4130879,Spandoo Spartans,143/4,Toss: IVORY STRIKERS opt to bat,6 wickets,Spandoo Spartans,Resulted,0,0,2026-09-01T20:30:29.296971+00:00
14273693,Limited Overs,TENNIS,past,2024-12-29T03:26:46.000Z,3003,Pune,773490,Cricket Heaven Sports Club,,,,,,7257397,Dream Chasers,21/4,7002092,Strikers 11,16/7,Toss: Dream Chasers opt to bat,5 runs,Dream Chasers,Resulted,0,0,2026-09-01T20:30:29.296971+00:00
14297532,Limited Overs,TENNIS,past,2025-01-05T01:42:17.000Z,3003,Pune,114039,Club Chrysallis,1136323,Arezo Season 24-25,,2181572,League Matches,5470272,Cricket Commandos,185/5,4973114,LR Arezo Kings,143/8,Toss: Cricket Commandos opt to bat,42 runs,Cricket Commandos,Resulted,0,0,2026-09-01T20:30:29.296971+00:00
14325078,Limited Overs,TENNIS,past,2025-01-05T02:25:31.000Z,2796,Dehu Road,416418,Gavali,1208660,T20 Maitri Chashak Season 9,,2343806,League Matches,285804,Silverland SuperGiants,202/10,2210454,Smashers XI,160/10,Toss: Smashers XI opt to field,42 runs,Silverland SuperGiants,Resulted,0,0,2026-09-01T20:30:29.296971+00:00
14356104,Limited Overs,LEATHER,past,2025-03-15T05:30:00.000Z,3003,Pune,681222,Rajgad Sports Club Awhalwadi Pune,1226590,Corporate Cricket League - 5 ,,2407625,League Matches,2394442,CRICGEEKS,129/10,810983,MedicosUnited,131/7,Toss: MedicosUnited opt to field,3 wickets,MedicosUnited,Resulted,0,0,2026-09-01T20:30:29.296971+00:00
14356538,Limited Overs,LEATHER,past,2025-03-29T04:44:00.000Z,3003,Pune,681222,Rajgad Sports Club Awhalwadi Pune,1226590,Corporate Cricket League - 5 ,,2407625,League Matches,3120265,Petit XI,158/8,810983,MedicosUnited,161/4,Toss: Petit XI opt to bat,6 wickets,MedicosUnited,Resulted,0,0,2026-09-01T20:30:29.296971+00:00
14358657,Limited Overs,TENNIS,past,2025-01-07T01:49:00.000Z,3003,Pune,773490,Cricket Heaven Sports Club,,,,,,5146670,LR-Fearless Fighters,86/10,6315907,The Yoddhas XI,90/7,Toss: The Yoddhas XI opt to field,3 wickets,The Yoddhas XI,Resulted,0,0,2026-09-01T20:30:29.296971+00:00
14358930,Limited Overs,TENNIS,past,2025-01-08T01:43:22.000Z,3003,Pune,773490,Cricket Heaven Sports Club,,,,,,7448002,R9 XI,94/5,5146670,LR-Fearless Fighters,95/2,Toss: LR-Fearless Fighters opt to field,8 wickets,LR-Fearless Fighters,Resulted,0,0,2026-09-01T20:30:29.296971+00:00
14365868,Limited Overs,LEATHER,past,2025-01-11T04:22:00.000Z,3003,Pune,409003,Eden Park,1153755,Eden Park Super League ,,2217293,League Matches,3507332,Legends United,206/7,5974915,Hawks Cricket Club,151/7,Toss: Legends United opt to bat,55 runs,Legends United,Resulted,0,0,2026-09-01T20:30:29.296971+00:00
14367312,Limited Overs,LEATHER,past,2025-01-12T10:36:00.000Z,3003,Pune,766870,Cricket Haven Sport Club,1175068,Night Cricket Champion Tournament 20-20 ,,2313023,League Matches,4344757,Shankaracharya CC,162/5,4115371,ProCor United 11,125/8,Toss: Shankaracharya CC opt to bat,37 runs (Shankaracharya ),Shankaracharya CC,Resulted,0,0,2026-09-01T20:30:29.296971+00:00
14392058,Limited Overs,TENNIS,past,2025-01-12T09:44:24.000Z,3003,Pune,759549,"Desire Cricket Ground, Upper Ground, Baner",,,,,,3782940,BLEEDBLUE XI,143/7,6830244,IVORY STRIKERS,78/10,Toss: IVORY STRIKERS opt to field,65 runs,BLEEDBLUE XI,Resulted,0,0,2026-09-01T20:30:29.296971+00:00
14392340,Limited Overs,TENNIS,past,2025-01-04T03:54:00.000Z,3003,Pune,485284,Kodre Farm Cricket Ground Sinhgad Road Pune,1218098,EPAM Premier League Pune 2024-25 (Season 6),,2339188,League Matches,8325875,EPAM Titans,154/4,8325895,EPAM Strikers,107/6,Toss: EPAM Strikers opt to field,47 runs,EPAM Titans,Resulted,0,0,2026-09-01T20:30:29.296971+00:00
14396374,Limited Overs,TENNIS,past,2025-01-04T06:12:00.000Z,3003,Pune,485284,Kodre Farm Cricket Ground Sinhgad Road Pune,1218098,EPAM Premier League Pune 2024-25 (Season 6),,2339188,League Matches,8325906,EPAM Innovators,128/4,8325769,EPAM Pioneers,129/3,Toss: EPAM Innovators opt to bat,7 wickets,EPAM Pioneers,Resulted,0,0,2026-09-01T20:30:29.296971+00:00
14397274,Limited Overs,TENNIS,past,2025-01-04T10:41:42.000Z,3003,Pune,439566,"Embassy TechZone Cricket Ground, Hinjewadi",,,,,,8566217,Trailblazers Yari,119/4,8566223,CricTrailBlazers,98/8,Toss: Trailblazers Yari opt to bat,21 runs,Trailblazers Yari,Resulted,0,0,2026-09-01T20:30:29.296971+00:00
14400984,Limited Overs,TENNIS,past,2025-01-04T08:50:21.000Z,3003,Pune,485284,Kodre Farm Cricket Ground Sinhgad Road Pune,1218098,EPAM Premier League Pune 2024-25 (Season 6),,2339188,League Matches,8325816,EPAM Pacers,169/4,8325783,EPAM Challengers,110/6,Toss: EPAM Challengers opt to field,59 runs,EPAM Pacers,Resulted,0,0,2026-09-01T20:30:29.296971+00:00
14411172,Limited Overs,LEATHER,past,2025-01-04T15:37:00.000Z,3003,Pune,591088,Achivers Cricket Ground,,,,,,5974915,Hawks Cricket Club,152/10,5888555,Willow Wizards,155/4,Toss: Hawks Cricket Club opt to bat,5 wickets,Willow Wizards,Resulted,0,0,2026-09-01T20:30:29.296971+00:00
14411404,Box Cricket,TENNIS,past,2025-01-05T04:30:00.000Z,3003,Pune,211582,Phoenix Arena,1241316,Sandeep Pawar Foundation Cricket Tournament - Punawale & Tathawade,,2413566,Super Knockout,8505849,Akashvan Challengers,99/1,8505833,Sharwari Boys,46/7,Toss: Sharwari Boys opt to field,53 runs,Akashvan Challengers,Resulted,0,0,2026-09-01T20:30:29.296971+00:00
14417821,Limited Overs,TENNIS,past,2025-01-05T05:20:30.000Z,2947,Mumbai,601415,"Eva Global, Badlapur Pipe Line Road",1221054,URJA Premier League - Season 5,,2343933,League Matches,8336010,Gladiators,18/6,8336002,Challengers,19/2,Toss: Challengers opt to field,8 wickets,Challengers,Resulted,0,0,2026-09-01T20:30:29.296971+00:00
14417837,Limited Overs,TENNIS,past,2025-01-05T08:41:48.000Z,2947,Mumbai,601415,"Eva Global, Badlapur Pipe Line Road",1221054,URJA Premier League - Season 5,,2343933,League Matches,8336005,Warriors,77/6,8336002,Challengers,67/1,Toss: Challengers opt to field,10 runs,Warriors,Resulted,0,0,2026-09-01T20:30:29.296971+00:00
14417843,Limited Overs,TENNIS,past,2025-01-05T12:56:58.000Z,2947,Mumbai,601415,"Eva Global, Badlapur Pipe Line Road",1221054,URJA Premier League - Season 5,,2343933,League Matches,8336011,Blasters,49/6,8336002,Challengers,44/5,Toss: Challengers opt to field,5 runs,Blasters,Resulted,0,0,2026-09-01T20:30:29.296971+00:00
14417845,Limited Overs,TENNIS,past,2025-01-05T13:59:50.000Z,2947,Mumbai,601415,"Eva Global, Badlapur Pipe Line Road",1221054,URJA Premier League - Season 5,,2343933,League Matches,8336002,Challengers,63/4,8335998,Strikers,66/2,Toss: Challengers opt to bat,7 wickets,Strikers,Resulted,0,0,2026-09-01T20:30:29.296971+00:00
14420442,Box Cricket,TENNIS,past,2025-01-05T03:08:25.000Z,3003,Pune,678493,Powered Athletes High Performance Centre,1260188,Sunday Cricket 5 January,,2418711,League Matches,4667770,Ball Burners,91/7,4667754,Ball Tamperers,54/9,Toss: Ball Burners opt to bat,37 runs,Ball Burners,Resulted,0,0,2026-09-01T20:30:29.296971+00:00
14422286,Box Cricket,TENNIS,past,2025-01-05T03:36:50.000Z,3003,Pune,678493,Powered Athletes High Performance Centre,1260188,Sunday Cricket 5 January,,2418711,League Matches,4667770,Ball Burners,84/4,4667754,Ball Tamperers,89/4,Toss: Ball Burners opt to bat,4 wickets,Ball Tamperers,Resulted,0,0,2026-09-01T20:30:29.296971+00:00
14423744,Box Cricket,TENNIS,past,2025-01-05T04:00:34.000Z,3003,Pune,678493,Powered Athletes High Performance Centre,1260188,Sunday Cricket 5 January,,2418711,League Matches,4667754,Ball Tamperers,132/3,4667770,Ball Burners,90/4,Toss: Ball Tamperers opt to bat,42 runs,Ball Tamperers,Resulted,0,0,2026-09-01T20:30:29.296971+00:00
14425466,Box Cricket,TENNIS,past,2025-01-05T04:31:35.000Z,3003,Pune,678493,Powered Athletes High Performance Centre,1260188,Sunday Cricket 5 January,,2418711,League Matches,4667770,Ball Burners,97/7,4667754,Ball Tamperers,54/9,Toss: Ball Burners opt to bat,43 runs,Ball Burners,Resulted,0,0,2026-09-01T20:30:29.296971+00:00
14427736,Box Cricket,TENNIS,past,2025-01-05T05:06:18.000Z,3003,Pune,678493,Powered Athletes High Performance Centre,1260188,Sunday Cricket 5 January,,2418711,League Matches,4667754,Ball Tamperers,151/3,4667770,Ball Burners,124/5,Toss: Ball Tamperers opt to bat,27 runs,Ball Tamperers,Resulted,0,0,2026-09-01T20:30:29.296971+00:00
14429337,Box Cricket,TENNIS,past,2025-01-05T05:35:56.000Z,3003,Pune,678493,Powered Athletes High Performance Centre,1260188,Sunday Cricket 5 January,,2418711,League Matches,4667754,Ball Tamperers,89/7,4667770,Ball Burners,91/4,Toss: Ball Tamperers opt to bat,5 wickets,Ball Burners,Resulted,0,0,2026-09-01T20:30:29.296971+00:00
14431152,Box Cricket,TENNIS,past,2025-01-05T06:08:32.000Z,3003,Pune,678493,Powered Athletes High Performance Centre,1260188,Sunday Cricket 5 January,,2418711,League Matches,4667754,Ball Tamperers,74/9,4667770,Ball Burners,50/7,Toss: Ball Tamperers opt to bat,24 runs,Ball Tamperers,Resulted,0,0,2026-09-01T20:30:29.296971+00:00
14436004,Limited Overs,LEATHER,past,2025-01-11T08:44:00.000Z,3003,Pune,253255,Veerangan Cricket Academy,1031928,Mercenaries Premier League -Season 6- Oct 2024,,2137150,Semi Final,7381298,KINGS CLUB,130/8,4726538,Vistron Optoelectronics,134/8,Toss: KINGS CLUB opt to bat,2 wickets,Vistron Optoelectronics,Resulted,0,0,2026-09-01T20:30:29.296971+00:00
14438625,Box Cricket,TENNIS,past,2025-01-05T10:54:13.000Z,2621,Pipariya,599844,The Geetanjali Lawn,1192627,Maheshwari Premier League - 2,,2333003,Qualifier  2,8292004,Khaparkheda Knight Riders,48/8,8292060,TBT Titans,49/1,Toss: TBT Titans opt to field,7 wickets,TBT Titans,Resulted,0,0,2026-09-01T20:30:29.296971+00:00
14448368,Box Cricket,TENNIS,past,2025-01-05T13:52:00.000Z,2621,Pipariya,599844,The Geetanjali Lawn,1192627,Maheshwari Premier League - 2,,2333004,Third Position,8292025,TLS Hurricanes,68/4,8292004,Khaparkheda Knight Riders,71/2,Toss: TLS Hurricanes opt to bat,5 wickets,Khaparkheda Knight Riders,Resulted,0,0,2026-09-01T20:30:29.296971+00:00
14476530,Limited Overs,TENNIS,past,2025-01-11T07:34:04.000Z,3003,Pune,295537,Barne Cricket Ground Pusane,1264252,Friendship Cup - League 2 -  11th January 2025,,2427826,Round One,6229382,AV Smashers,83/3,2681274,Khadki Royals,68/7,Toss: Khadki Royals opt to field,15 runs,AV Smashers,Resulted,0,0,2026-09-01T20:30:29.296971+00:00
14476544,Limited Overs,TENNIS,past,2025-01-11T08:51:32.000Z,3003,Pune,295537,Barne Cricket Ground Pusane,1264252,Friendship Cup - League 2 -  11th January 2025,,2427826,Round One,2681274,Khadki Royals,68/4,4089065,Komti Warriors,69/4,Toss: Khadki Royals opt to bat,6 wickets,Komti Warriors,Resulted,0,0,2026-09-01T20:30:29.296971+00:00
14498742,Limited Overs,TENNIS,past,2025-01-12T03:50:25.000Z,3003,Pune,800801,Pro Sports Arena,1264185,Simplify Cricket League - 3,,2431826,League Matches,8604148,Claims1-Avengers,43/6,8603650,SAF Strikers,38/4,Toss: SAF Strikers opt to field,5 runs,Claims1-Avengers,Resulted,0,0,2026-09-01T20:30:29.296971+00:00
14498752,Limited Overs,TENNIS,past,2025-01-12T08:08:00.000Z,3003,Pune,800801,Pro Sports Arena,1264185,Simplify Cricket League - 3,,2431826,League Matches,8618056,enGen Grenades,32/7,8604148,Claims1-Avengers,28/4,Toss: Claims1-Avengers opt to field,4 runs,enGen Grenades,Resulted,0,0,2026-09-01T20:30:29.296971+00:00
14498758,Limited Overs,TENNIS,past,2025-01-12T10:53:37.000Z,3003,Pune,800801,Pro Sports Arena,1264185,Simplify Cricket League - 3,,2431826,League Matches,8617820,Royal Challengers Simplifier,90/4,8604148,Claims1-Avengers,42/8,Toss: Royal Challengers Simplifier opt to bat,48 runs,Royal Challengers Simplifier,Resulted,0,0,2026-09-01T20:30:29.296971+00:00
14501630,Limited Overs,LEATHER,past,2025-01-09T02:55:01.000Z,3003,Pune,343490,"Pune Cricket Club, Wagholi",1250751,THE FIRST EVER Leather Ball Cricket Gaon Championship Tournament In MAHARASHTRA,,2418741,League Matches,8037855,ELAN CRICKET CLUB(NEW ECC),71/6,1606186,Vermont Smasherss,72/0,Toss: Vermont Smasherss opt to field,10 wickets,Vermont Smasherss,Resulted,0,0,2026-09-01T20:30:29.296971+00:00
14501728,Limited Overs,LEATHER,past,2025-01-09T04:39:54.000Z,3003,Pune,343490,"Pune Cricket Club, Wagholi",1250751,THE FIRST EVER Leather Ball Cricket Gaon Championship Tournament In MAHARASHTRA,,2418741,League Matches,934080,Ivy Yorkers,101/8,8037855,ELAN CRICKET CLUB(NEW ECC),70/6,Toss: Ivy Yorkers opt to bat,31 runs,Ivy Yorkers,Resulted,0,0,2026-09-01T20:30:29.296971+00:00
14502771,Limited Overs,LEATHER,past,2025-01-25T02:12:00.000Z,3003,Pune,406981,"30YCA Cricket Ground, Chandkhed",1241783,30YCA CricX Corporate Premier League 3.0,,2387337,League Matches,2765155,CricUnited XI,126/10,3515421,Hawk Hunters,130/9,Toss: Hawk Hunters opt to field,1 wicket,Hawk Hunters,Resulted,0,0,2026-09-01T20:30:29.296971+00:00
14516346,Limited Overs,LEATHER,past,2025-01-09T13:00:00.000Z,3003,Pune,282913,Cricathon Cricket Ground,,,,,,2141371,Cricathon Sports Club,147/5,2223945,Life Republic Royals,148/6,Toss: Cricathon Sports Club opt to bat,4 wickets,Life Republic Royals,Resulted,0,0,2026-09-01T20:30:29.296971+00:00
14531149,Limited Overs,LEATHER,past,2025-01-12T04:19:00.000Z,3003,Pune,456738,"30YCA Spark Cricket Ground, Jambhe",563699,30 YCA Series Match,,1015880,League Matches,4323345,Horizons Cricket Club,119/8,6700803,Furious Cricket Club,123/3,Toss: Horizons Cricket Club opt to bat,7 wickets,Furious Cricket Club,Resulted,0,0,2026-09-01T20:30:29.296971+00:00
14539035,Limited Overs,TENNIS,past,2025-01-11T05:22:16.000Z,3003,Pune,295537,Barne Cricket Ground Pusane,1264252,Friendship Cup - League 2 -  11th January 2025,,2427826,Round One,2681274,Khadki Royals,74/8,2341773,MASTER BLASTER,75/4,Toss: MASTER BLASTER opt to field,6 wickets,MASTER BLASTER,Resulted,0,0,2026-09-01T20:30:29.296971+00:00
14548202,Limited Overs,TENNIS,past,2025-01-11T02:15:21.000Z,3003,Pune,97616,SSPL DANGECHAUK,1257325,SSPL SEASON 5,,2413456,League Matches,8560772,Shivratna Cricket Club,120/10,8560325,Shivratna Strikers,122/4,Toss: Shivratna Cricket Club opt to bat,6 wickets,Shivratna Strikers,Resulted,0,0,2026-09-01T20:30:29.296971+00:00
14548740,Limited Overs,TENNIS,past,2025-01-11T02:30:50.000Z,2796,Dehu Road,416418,Gavali,1208660,T20 Maitri Chashak Season 9,,2343806,League Matches,285804,Silverland SuperGiants,259/5,8397884,Ultimate XI,143/9,Toss: Ultimate XI opt to field,116 runs,Silverland SuperGiants,Resulted,0,0,2026-09-01T20:30:29.296971+00:00
14567881,Limited Overs,TENNIS,past,2025-01-12T06:20:21.000Z,2796,Dehu Road,416418,Gavali,1208660,T20 Maitri Chashak Season 9,,2343806,League Matches,3384803,Axisa Winners,162/10,285804,Silverland SuperGiants,163/5,Toss: Axisa Winners opt to bat,5 wickets,Silverland SuperGiants,Resulted,0,0,2026-09-01T20:30:29.296971+00:00
14618465,Limited Overs,TENNIS,past,2025-01-13T01:38:00.000Z,3003,Pune,177277,Spark A2 Ground,,,,,,2573288,Challengers_11,165/5,5146670,LR-Fearless Fighters,135/10,Toss: Challengers_11 opt to bat,30 runs,Challengers_11,Resulted,0,0,2026-09-01T20:30:29.296971+00:00
14636017,Limited Overs,LEATHER,past,2025-02-16T08:32:02.000Z,3003,Pune,25806,"Masters Cricket Club Ground, Kolwadi",1169606,SAGA 2.0 ,,2273122,League Matches,7714116,Royal Riders,145/9,7381298,KINGS CLUB,109/10,Toss: Royal Riders opt to bat,36 runs,Royal Riders,Resulted,0,0,2026-09-01T20:30:29.296971+00:00
14636849,Limited Overs,LEATHER,past,2025-03-22T04:10:22.000Z,3003,Pune,25806,"Masters Cricket Club Ground, Kolwadi",1169606,SAGA 2.0 ,,2273122,League Matches,7381298,KINGS CLUB,84/10,3499616,MIGHTY LIONS,88/4,Toss: MIGHTY LIONS opt to field,6 wickets,MIGHTY LIONS,Resulted,0,0,2026-09-01T20:30:29.296971+00:00
14667188,Limited Overs,LEATHER,past,2025-04-19T08:21:16.000Z,3003,Pune,496562,MIT Loni,1215500,VINTAGE SEASON 18 ( T- 20 ),,2334794,League Matches,4477488,UFCC- United Friends Cricket Club,159/9,3499616,MIGHTY LIONS,164/5,Toss: UFCC- United Friends Cricket Club opt to bat,5 wickets,MIGHTY LIONS,Resulted,0,0,2026-09-01T20:30:29.296971+00:00
14667716,Limited Overs,LEATHER,past,2025-06-08T08:25:00.000Z,3003,Pune,496562,MIT Loni,1215500,VINTAGE SEASON 18 ( T- 20 ),,2334794,League Matches,4467797,Spartans,170/7,3499616,MIGHTY LIONS,83/10,Toss: Spartans opt to bat,87 runs,Spartans,Resulted,0,0,2026-09-01T20:30:29.296971+00:00
14671344,Limited Overs,TENNIS,past,2025-01-18T12:09:51.000Z,3003,Pune,204539,30 Yards Cricket Academy,,,,,,6256738,AD AllStars,166/7,7002092,Strikers 11,126/4,Toss: AD AllStars opt to bat,40 runs,AD AllStars,Resulted,0,0,2026-09-01T20:30:29.296971+00:00
14673605,Box Cricket,TENNIS,past,2025-01-18T03:54:48.000Z,3003,Pune,211582,Phoenix Arena,1241316,Sandeep Pawar Foundation Cricket Tournament - Punawale & Tathawade,,2413566,Super Knockout,8504357,Infinity World Warriors,81/5,8505937,Vedanta Warriors,46/7,Toss: Vedanta Warriors opt to field,35 runs,Infinity World Warriors,Resulted,0,0,2026-09-01T20:30:29.296971+00:00
14678004,Box Cricket,TENNIS,past,2025-01-18T15:28:43.000Z,3003,Pune,734260,Bandal Sports Academy,1235889,Bavdhan Cricket League 2025 (Mixed),,2463099,League Matches,8435870,SN thunders,28/5,8507605,Dawn Of Pebbles 2,29/2,Toss: Dawn Of Pebbles 2 opt to field,8 wickets,Dawn Of Pebbles 2,Resulted,0,0,2026-09-01T20:30:29.296971+00:00
14679248,Box Cricket,TENNIS,past,2025-01-25T04:15:00.000Z,3003,Pune,216721,Megapolis Internal Ground,1277107,Khel Kreeda Utsav Cricket,,2460403,Super Knockout,8683047,Humane Spirit,23/5,8684811,Megapolis Masters,25/1,Toss: Humane Spirit opt to bat,5 wickets,Megapolis Masters,Resulted,0,0,2026-09-01T20:30:29.296971+00:00
14684261,Box Cricket,TENNIS,past,2025-01-25T16:15:41.000Z,3003,Pune,70350,Soccer And Snooker Dhanori,1278099,FRIENDS PREMIER LEAGUE - Season 3,,2464396,League Matches,4046863,HINDAVI SWARAJYA,71/3,8713694,Super Boys,54/0,Toss: HINDAVI SWARAJYA opt to bat,17 runs,HINDAVI SWARAJYA,Resulted,0,0,2026-09-01T20:30:29.296971+00:00
14684281,Box Cricket,TENNIS,past,2025-01-25T13:44:40.000Z,3003,Pune,70350,Soccer And Snooker Dhanori,1278099,FRIENDS PREMIER LEAGUE - Season 3,,2464396,League Matches,4046863,HINDAVI SWARAJYA,55/2,8715425,Danny warriors,33/5,Toss: HINDAVI SWARAJYA opt to bat,22 runs,HINDAVI SWARAJYA,Resulted,0,0,2026-09-01T20:30:29.296971+00:00
14684294,Box Cricket,TENNIS,past,2025-01-25T12:47:25.000Z,3003,Pune,70350,Soccer And Snooker Dhanori,1278099,FRIENDS PREMIER LEAGUE - Season 3,,2464396,League Matches,8711982,K.S. BOYZ,76/4,4046863,HINDAVI SWARAJYA,43/3,Toss: K.S. BOYZ opt to bat,33 runs,K.S. BOYZ,Resulted,0,0,2026-09-01T20:30:29.296971+00:00
14684314,Box Cricket,TENNIS,past,2025-01-25T14:54:25.000Z,3003,Pune,70350,Soccer And Snooker Dhanori,1278099,FRIENDS PREMIER LEAGUE - Season 3,,2464396,League Matches,6015505,CARLSBERG 11,45/4,4046863,HINDAVI SWARAJYA,39/2,Toss: CARLSBERG 11 opt to bat,6 runs,CARLSBERG 11,Resulted,0,0,2026-09-01T20:30:29.296971+00:00
14687559,Limited Overs,LEATHER,past,2025-01-16T08:32:03.000Z,3003,Pune,282913,Cricathon Cricket Ground,1269687,Western Cup,,2452850,League Matches,8640530,CRICATHAON CRICKET ACADEMY,211/6,3678911,Cricsports Academy,140/10,Toss: CRICATHAON CRICKET ACADEMY opt to bat,71 runs,CRICATHAON CRICKET ACADEMY,Resulted,0,0,2026-09-01T20:30:29.296971+00:00
14689341,Box Cricket,TENNIS,past,2025-01-19T03:06:22.000Z,3003,Pune,734260,Bandal Sports Academy,1235889,Bavdhan Cricket League 2025 (Mixed),,2463099,League Matches,8435870,SN thunders,41/5,8470059,Padmavati Super Kings,43/2,Toss: Padmavati Super Kings opt to field,8 wickets,Padmavati Super Kings,Resulted,0,0,2026-09-01T20:30:29.296971+00:00
14689678,Limited Overs,LEATHER,past,2025-01-25T04:13:00.000Z,3003,Pune,557585,Platinum Cricket Ground.,1178133,PCG Champions Trophy 2024-25 Season3,,2276416,League Matches,810983,MedicosUnited,74/10,463124,Eleven Stallion,75/3,Toss: Eleven Stallion opt to field,7 wickets,Eleven Stallion,Resulted,0,0,2026-09-01T20:30:29.296971+00:00
14691605,Limited Overs,LEATHER,past,2025-01-16T13:33:54.000Z,3003,Pune,282913,Cricathon Cricket Ground,1158824,Cricathon Weekday Night Quadrangular 2024-25,,2225981,League Matches,2223945,Life Republic Royals,173/4,3510777,CrickFitNet Academy,120/9,Toss: Life Republic Royals opt to bat,53 runs (All out ),Life Republic Royals,Resulted,0,0,2026-09-01T20:30:29.296971+00:00
14700492,Limited Overs,LEATHER,past,2025-01-25T03:13:00.000Z,3003,Pune,766870,Cricket Haven Sport Club,1236909,Big Beaters Session 2,,2375861,League Matches,917933,Team Challengers,185/7,3014809,RDX,179/10,Toss: Team Challengers opt to bat,6 runs,Team Challengers,Resulted,0,0,2026-09-01T20:30:29.296971+00:00
14702443,Limited Overs,TENNIS,past,2025-01-21T01:40:57.000Z,3003,Pune,37704,Spark Sports Ground,,,,,,5839052,Giants 11,132/9,3545126,Thunder Knights,115/8,Toss: Thunder Knights opt to field,17 runs,Giants 11,Resulted,0,0,2026-09-01T20:30:29.296971+00:00
14713249,Limited Overs,TENNIS,past,2025-01-18T03:46:23.000Z,2796,Dehu Road,474352,Thomas Colony,1208660,T20 Maitri Chashak Season 9,,2343806,League Matches,285804,Silverland SuperGiants,217/9,3374964,STRIKERS,219/6,Toss: STRIKERS opt to field,4 wickets,STRIKERS,Resulted,0,0,2026-09-01T20:30:29.296971+00:00
14713353,Limited Overs,TENNIS,past,2025-01-19T02:34:00.000Z,2796,Dehu Road,312530,VDR 4,1208660,T20 Maitri Chashak Season 9,,2343806,League Matches,2485560,Enjoy Group,128/10,285804,Silverland SuperGiants,130/1,Toss: Silverland SuperGiants opt to field,9 wickets,Silverland SuperGiants,Resulted,0,0,2026-09-01T20:30:29.296971+00:00
14718187,Limited Overs,LEATHER,past,2025-02-01T02:17:00.000Z,3003,Pune,406981,"30YCA Cricket Ground, Chandkhed",1241783,30YCA CricX Corporate Premier League 3.0,,2387337,League Matches,5247980,Serene Strikers,236/6,4323345,Horizons Cricket Club,93/10,Toss: Serene Strikers opt to bat,143 runs,Serene Strikers,Resulted,0,0,2026-09-01T20:30:29.296971+00:00
14720985,Limited Overs,LEATHER,past,2025-01-18T09:04:50.000Z,3003,Pune,343490,"Pune Cricket Club, Wagholi",1138440,PCC PREMIER LEAGUE,,2185626,League Matches,7381298,KINGS CLUB,156/7,1798997,The Phantom Team,159/7,Toss: KINGS CLUB opt to bat,3 wickets,The Phantom Team,Resulted,0,0,2026-09-01T20:30:29.296971+00:00
14724680,Limited Overs,LEATHER,past,2025-01-22T14:09:00.000Z,3003,Pune,282913,Cricathon Cricket Ground,1263531,Cricathon Night Weekday T20 Tournament S3,,2452894,League Matches,6914624,Elites 11,181/8,7549771,VDR CRICKET ACADEMY 2024-25,176/7,Toss: Elites 11 opt to bat,5 runs,Elites 11,Resulted,0,0,2026-09-01T20:30:29.296971+00:00
14725758,Box Cricket,TENNIS,past,2025-01-18T07:15:00.000Z,3003,Pune,576369,Sportsage Turf,1271315,ICO PUNE CRICKET TURF 2025,,2440108,League Matches,8646329,Vidushi Infotech Ssp Pvt. Ltd,120/2,8646356,Plural Technology Pvt Ltd,121/5,Toss: Vidushi Infotech Ssp Pvt. Ltd opt to bat,4 wickets,Plural Technology Pvt Ltd,Resulted,0,0,2026-09-01T20:30:29.296971+00:00
14772850,Limited Overs,LEATHER,past,2025-01-25T08:55:23.000Z,3003,Pune,681222,Rajgad Sports Academy Awhalwadi Pune,1033601,Corporate Cricket League 4 - White Ball Tournament,,2478905,Semi Final,6982692,Incisive,174/4,810983,MedicosUnited,160/9,Toss: Incisive opt to bat,14 runs,Incisive,Resulted,0,0,2026-09-01T20:30:29.296971+00:00
14796008,Limited Overs,TENNIS,past,2025-01-26T03:57:54.000Z,3003,Pune,423038,Shree Chatrapati Shivaji Maharaj International Stadium  Warje,1271670,WARJE OLYMPICS 2K25 MENS,,2483318,League Matches,8729875,WR Super Kings,57/6,8729787,Karan Greens Mawale,58/5,Toss: Karan Greens Mawale opt to field,5 wickets,Karan Greens Mawale,Resulted,0,0,2026-09-01T20:30:29.296971+00:00
14796970,Box Cricket,TENNIS,past,2025-01-25T05:48:13.000Z,3003,Pune,734260,Bandal Sports Academy,1235889,Bavdhan Cricket League 2025 (Mixed),,2463099,League Matches,5613371,Spectra Vikings,43/5,8435870,SN thunders,44/2,Toss: SN thunders opt to field,8 wickets,SN thunders,Resulted,0,0,2026-09-01T20:30:29.296971+00:00
14837687,Box Cricket,TENNIS,past,2025-01-24T01:39:54.000Z,3003,Pune,361773,"Ranvijay Sports Club, Balewadi",1297034,TCC 24th Jan2025 league rounds,,2490965,League Matches,8440012,Team Yellow Phoenix,57/1,8440020,Team Purple Panther,60/2,Toss: Team Yellow Phoenix opt to bat,2 wickets,Team Purple Panther,Resulted,0,0,2026-09-01T20:30:29.296971+00:00
14842061,Limited Overs,LEATHER,past,2025-02-22T03:53:00.000Z,3003,Pune,282913,Cricathon Cricket Ground,1187852,Cricathon Premier League Season 3,,2401653,League Matches,3014809,RDX,162/10,6914624,Elites 11,119/10,Toss: RDX opt to bat,43 runs,RDX,Resulted,0,0,2026-09-01T20:30:29.296971+00:00
14842344,Limited Overs,LEATHER,past,2025-03-16T05:09:00.000Z,3003,Pune,282913,Cricathon Cricket Ground,1187852,Cricathon Premier League Season 3,,2401653,League Matches,6914624,Elites 11,123/10,1856543,DMC,124/8,Toss: DMC opt to field,2 wickets,DMC,Resulted,0,0,2026-09-01T20:30:29.296971+00:00
14844370,Box Cricket,TENNIS,past,2025-01-24T01:57:45.000Z,3003,Pune,361773,"Ranvijay Sports Club, Balewadi",1297034,TCC 24th Jan2025 league rounds,,2490965,League Matches,8440020,Team Purple Panther,106/2,8440012,Team Yellow Phoenix,96/0,Toss: Team Purple Panther opt to bat,10 runs,Team Purple Panther,Resulted,0,0,2026-09-01T20:30:29.296971+00:00
14844657,Box Cricket,TENNIS,past,2025-01-24T02:16:59.000Z,3003,Pune,361773,"Ranvijay Sports Club, Balewadi",1297034,TCC 24th Jan2025 league rounds,,2490965,League Matches,8440020,Team Purple Panther,74/2,8440012,Team Yellow Phoenix,79/5,Toss: Team Purple Panther opt to bat,0 wicket,Team Yellow Phoenix,Resulted,0,0,2026-09-01T20:30:29.296971+00:00
14844845,Box Cricket,TENNIS,past,2025-01-24T02:36:16.000Z,3003,Pune,361773,"Ranvijay Sports Club, Balewadi",1297034,TCC 24th Jan2025 league rounds,,2490965,League Matches,8440012,Team Yellow Phoenix,97/1,8440020,Team Purple Panther,57/5,Toss: Team Yellow Phoenix opt to bat,40 runs,Team Yellow Phoenix,Resulted,0,0,2026-09-01T20:30:29.296971+00:00
14845155,Box Cricket,TENNIS,past,2025-01-24T03:01:05.000Z,3003,Pune,361773,"Ranvijay Sports Club, Balewadi",1297034,TCC 24th Jan2025 league rounds,,2490965,League Matches,8440012,Team Yellow Phoenix,57/3,8440020,Team Purple Panther,57/2,Toss: Team Yellow Phoenix opt to bat,Tie,,Tie,0,0,2026-09-01T20:30:29.296971+00:00
14845494,Box Cricket,TENNIS,past,2025-01-24T03:20:24.000Z,3003,Pune,361773,"Ranvijay Sports Club, Balewadi",1297034,TCC 24th Jan2025 league rounds,,2490965,League Matches,8440020,Team Purple Panther,87/3,8440012,Team Yellow Phoenix,65/4,Toss: Team Purple Panther opt to bat,22 runs,Team Purple Panther,Resulted,0,0,2026-09-01T20:30:29.296971+00:00
14850800,Limited Overs,TENNIS,past,2025-01-25T04:29:01.000Z,3003,Pune,591088,Achivers Cricket Ground,1282862,Infinity World Premier League Season 1,,2463709,League Matches,8803514,IW Challengers,67/2,8713416,IW Mavericks,22/7,Toss: IW Mavericks opt to field,45 runs,IW Challengers,Resulted,0,0,2026-09-01T20:30:29.296971+00:00
14850814,Limited Overs,TENNIS,past,2025-01-25T05:24:07.000Z,3003,Pune,591088,Achivers Cricket Ground,1282862,Infinity World Premier League Season 1,,2463709,League Matches,8803460,IW YODDHAS,47/5,8803514,IW Challengers,48/4,Toss: IW Challengers opt to field,4 wickets,IW Challengers,Resulted,0,0,2026-09-01T20:30:29.296971+00:00
14850875,Limited Overs,TENNIS,past,2025-01-25T07:56:58.000Z,3003,Pune,591088,Achivers Cricket Ground,1282862,Infinity World Premier League Season 1,,2463709,League Matches,8804051,IW Marvels,57/2,8803514,IW Challengers,58/3,Toss: IW Marvels opt to bat,5 wickets,IW Challengers,Resulted,0,0,2026-09-01T20:30:29.296971+00:00
14851345,Limited Overs,TENNIS,past,2025-01-25T03:59:18.000Z,3003,Pune,423038,Shree Chatrapati Shivaji Maharaj International Stadium  Warje,1271670,WARJE OLYMPICS 2K25 MENS,,2483318,League Matches,8729867,Warje Icons,78/7,8729787,Karan Greens Mawale,79/5,Toss: Karan Greens Mawale opt to field,5 wickets,Karan Greens Mawale,Resulted,0,0,2026-09-01T20:30:29.296971+00:00
14852966,Limited Overs,LEATHER,past,2025-01-30T13:52:00.000Z,3003,Pune,282913,Cricathon Cricket Ground,1263531,Cricathon Night Weekday T20 Tournament S3,,2452894,League Matches,6914624,Elites 11,160/9,3764421,Play IN Sports Club,142/8,Toss: Elites 11 opt to bat,18 runs,Elites 11,Resulted,0,0,2026-09-01T20:30:29.296971+00:00
14854790,Limited Overs,LEATHER,past,2025-01-26T12:10:00.000Z,3003,Pune,456738,"30YCA Spark Cricket Ground, Jambhe",1251448,30YCA TItans Cup ,,2407183,League Matches,4323345,Horizons Cricket Club,189/4,1045940,OneTRIBE - MCP,184/9,Toss: OneTRIBE - MCP opt to field,5 runs,Horizons Cricket Club,Resulted,0,0,2026-09-01T20:30:29.296971+00:00
14860471,Limited Overs,TENNIS,past,2025-01-25T02:28:10.000Z,2796,Dehu Road,94172,jolly,1208660,T20 Maitri Chashak Season 9,,2343806,League Matches,882803,Rejoin Cricket Club,147/10,285804,Silverland SuperGiants,128/9,Toss: Silverland SuperGiants opt to field,19 runs,Rejoin Cricket Club,Resulted,0,0,2026-09-01T20:30:29.296971+00:00
14860501,Limited Overs,TENNIS,past,2025-01-26T02:47:00.000Z,2796,Dehu Road,312530,VDR 4,1208660,T20 Maitri Chashak Season 9,,2343806,League Matches,6165860,Jay Bhawani Mamurdi Gaon,66/10,285804,Silverland SuperGiants,69/2,Toss: Jay Bhawani Mamurdi Gaon opt to bat,8 wickets,Silverland SuperGiants,Resulted,0,0,2026-09-01T20:30:29.296971+00:00
14867637,Limited Overs,TENNIS,past,2025-01-25T04:57:35.000Z,2811,Dombivli,210739,Hedutane,1262110,LSG PREMIER LEAGUE SEASON 02 ,,2424312,League Matches,8780642,LSG SUPERKING SMASHERS,43/5,8780620,LSG Champion XI,44/2,Toss: LSG Champion XI opt to field,8 wickets,LSG Champion XI,Resulted,0,0,2026-09-01T20:30:29.296971+00:00
14867643,Limited Overs,TENNIS,past,2025-01-25T09:50:00.000Z,2811,Dombivli,210739,Hedutane,1262110,LSG PREMIER LEAGUE SEASON 02 ,,2424312,League Matches,8780647,LSG PACERS,61/4,8780620,LSG Champion XI,62/0,Toss: LSG PACERS opt to bat,10 wickets,LSG Champion XI,Resulted,0,0,2026-09-01T20:30:29.296971+00:00
14867647,Limited Overs,TENNIS,past,2025-01-25T11:58:05.000Z,2811,Dombivli,210739,Hedutane,1262110,LSG PREMIER LEAGUE SEASON 02 ,,2424312,League Matches,8780620,LSG Champion XI,72/5,8780604,LSG SMASHERS,76/1,Toss: LSG SMASHERS opt to field,9 wickets,LSG SMASHERS,Resulted,0,0,2026-09-01T20:30:29.296971+00:00
14872743,Box Cricket,TENNIS,past,2025-01-25T07:10:09.000Z,3003,Pune,216721,Megapolis Internal Ground,1277107,Khel Kreeda Utsav Cricket,,2460404,Quarter Final,8684773,Super Kings,54/4,8684811,Megapolis Masters,32/7,Toss: Megapolis Masters opt to field,22 runs,Super Kings,Resulted,0,0,2026-09-01T20:30:29.296971+00:00
14881710,Limited Overs,TENNIS,past,2025-01-25T09:12:29.000Z,3003,Pune,97616,SSPL DANGECHAUK,1257325,SSPL SEASON 5,,2413456,League Matches,8560881,Divine Fighters,128/10,8560772,Shivratna Cricket Club,131/2,Toss: Divine Fighters opt to bat,8 wickets,Shivratna Cricket Club,Resulted,0,0,2026-09-01T20:30:29.296971+00:00
14903391,Box Cricket,TENNIS,past,2025-01-26T03:05:28.000Z,3003,Pune,678493,Powered Athletes High Performance Centre,1302793,Republic Day Cricket ,,2502219,League Matches,4667754,Ball Tamperers,60/4,4667770,Ball Burners,64/5,Toss: Ball Tamperers opt to bat,2 wickets,Ball Burners,Resulted,0,0,2026-09-01T20:30:29.296971+00:00
14905345,Box Cricket,TENNIS,past,2025-01-26T03:38:16.000Z,3003,Pune,678493,Powered Athletes High Performance Centre,1302793,Republic Day Cricket ,,2502219,League Matches,4667770,Ball Burners,69/7,4667754,Ball Tamperers,73/3,Toss: Ball Burners opt to bat,5 wickets,Ball Tamperers,Resulted,0,0,2026-09-01T20:30:29.296971+00:00
14907152,Box Cricket,TENNIS,past,2025-01-26T04:09:07.000Z,3003,Pune,678493,Powered Athletes High Performance Centre,1302793,Republic Day Cricket ,,2502219,League Matches,4667770,Ball Burners,88/6,4667754,Ball Tamperers,94/3,Toss: Ball Burners opt to bat,6 wickets,Ball Tamperers,Resulted,0,0,2026-09-01T20:30:29.296971+00:00
14909121,Box Cricket,TENNIS,past,2025-01-26T04:43:26.000Z,3003,Pune,678493,Powered Athletes High Performance Centre,1302793,Republic Day Cricket ,,2502219,League Matches,4667754,Ball Tamperers,42/10,4667770,Ball Burners,46/2,Toss: Ball Tamperers opt to bat,7 wickets,Ball Burners,Resulted,0,0,2026-09-01T20:30:29.296971+00:00
14910476,Box Cricket,TENNIS,past,2025-01-26T05:06:50.000Z,3003,Pune,678493,Powered Athletes High Performance Centre,1302793,Republic Day Cricket ,,2502219,League Matches,4667770,Ball Burners,102/6,4667754,Ball Tamperers,73/6,Toss: Ball Tamperers opt to field,29 runs,Ball Burners,Resulted,0,0,2026-09-01T20:30:29.296971+00:00
14912401,Box Cricket,TENNIS,past,2025-01-26T05:40:38.000Z,3003,Pune,678493,Powered Athletes High Performance Centre,1302793,Republic Day Cricket ,,2502219,League Matches,4667770,Ball Burners,86/9,4667754,Ball Tamperers,87/3,Toss: Ball Tamperers opt to field,5 wickets,Ball Tamperers,Resulted,0,0,2026-09-01T20:30:29.296971+00:00
14914513,Box Cricket,TENNIS,past,2025-01-26T06:18:37.000Z,3003,Pune,678493,Powered Athletes High Performance Centre,1302793,Republic Day Cricket ,,2502219,League Matches,4667770,Ball Burners,76/5,4667754,Ball Tamperers,33/9,Toss: Ball Burners opt to bat,43 runs,Ball Burners,Resulted,0,0,2026-09-01T20:30:29.296971+00:00
14916081,Limited Overs,TENNIS,past,2025-01-26T07:02:41.000Z,2811,Dombivli,210739,Hedutane,1262110,LSG PREMIER LEAGUE SEASON 02 ,,2503250,Semi Final,8780661,LSG Pravah,56/7,8780620,LSG Champion XI,58/5,Toss: LSG Pravah opt to bat,5 wickets,LSG Champion XI,Resulted,0,0,2026-09-01T20:30:29.296971+00:00
14925463,Limited Overs,TENNIS,past,2025-01-26T11:14:14.000Z,2811,Dombivli,210739,Hedutane,1262110,LSG PREMIER LEAGUE SEASON 02 ,,2505189,Final,8780647,LSG PACERS,82/7,8780620,LSG Champion XI,77/5,Toss: LSG Champion XI opt to field,5 runs,LSG PACERS,Resulted,0,0,2026-09-01T20:30:29.296971+00:00
14929966,Limited Overs,TENNIS,past,2025-01-26T11:32:18.000Z,3003,Pune,591088,Achivers Cricket Ground,1282862,Infinity World Premier League Season 1,,2506108,Semi Final,8806015,IW Sixth Sense,82/3,8803514,IW Challengers,40/6,Toss: IW Sixth Sense opt to bat,42 runs,IW Sixth Sense,Resulted,0,0,2026-09-01T20:30:29.296971+00:00
14935479,Limited Overs,TENNIS,past,2025-01-26T14:23:58.000Z,3003,Pune,841071,MPC Ivory,1300239,Ivory Premier League 2025 Season 1 Category 13 to 18,,2496847,League Matches,8818476,Royal Challengers Ivory,56/6,8818211,Ivory Super Giants,55/1,Toss: Royal Challengers Ivory opt to bat,1 run,Royal Challengers Ivory,Resulted,0,0,2026-09-01T20:30:29.296971+00:00
14935899,Limited Overs,TENNIS,past,2025-02-02T08:46:09.000Z,2000,Nipani,287103,Shrinagar cricket ground,1228957,SPL Season 7,,2507532,Qualifier 1,8389065,KOLLE STRIKERS,68/6,8389028,CAFE CELLBLOCK,67/4,Toss: CAFE CELLBLOCK opt to field,1 run,KOLLE STRIKERS,Resulted,0,0,2026-09-01T20:30:29.296971+00:00
14937423,Limited Overs,TENNIS,past,2025-01-26T15:51:29.000Z,3003,Pune,841071,MPC Ivory,1300239,Ivory Premier League 2025 Season 1 Category 13 to 18,,2507874,Final,8818260,Ivory Super Kings,65/4,8818476,Royal Challengers Ivory,64/1,Toss: Royal Challengers Ivory opt to field,1 run,Ivory Super Kings,Resulted,0,0,2026-09-01T20:30:29.296971+00:00
14947816,Limited Overs,TENNIS,past,2025-01-27T09:22:08.000Z,2000,Nipani,287103,Shrinagar cricket ground,1228957,SPL Season 7,,2360740,League Matches,8389028,CAFE CELLBLOCK,94/2,8388986,SAI SPORTS,89/2,Toss: CAFE CELLBLOCK opt to bat,5 runs,CAFE CELLBLOCK,Resulted,0,0,2026-09-01T20:30:29.296971+00:00
14987348,Limited Overs,LEATHER,past,2025-02-23T04:08:00.000Z,3003,Pune,837481,CHANGBHALE CRICKET GROUND,1289612,BRAVEHEART - SFS MIX CORPORATE T20 WEEKEND TOURNAMENT S-1,,2479349,League Matches,1218138,Rising Stars Marunji,186/4,5974915,Hawks Cricket Club,131/10,Toss: Rising Stars Marunji opt to bat,55 runs,Rising Stars Marunji,Resulted,0,0,2026-09-01T20:30:29.296971+00:00
14990773,Limited Overs,LEATHER,past,2025-02-01T14:00:00.000Z,3003,Pune,282913,Cricathon Cricket Ground,995768,Cricathon Night Weekend Tournament S2,,1911995,League Matches,6914624,Elites 11,120/8,5242759,PMP Incredibles,122/4,Toss: Elites 11 opt to bat,6 wickets,PMP Incredibles,Resulted,0,0,2026-09-01T20:30:29.296971+00:00
15006701,Limited Overs,TENNIS,past,2025-01-31T03:12:02.000Z,3003,Pune,42688,Jolly Ground,,,,,,5820817,SUPERGIANTS,74/2,1521770,Spartans,75/0,Toss: SUPERGIANTS opt to bat,7 wickets,Spartans,Resulted,0,0,2026-09-01T20:30:29.296971+00:00
15011355,Limited Overs,LEATHER,past,2025-04-13T08:27:47.000Z,3003,Pune,722190,Sunny 11 Cricket Ground Handewadi,1159283,CORPORATE KINGDOM SEASON 3 T22,,2291379,League Matches,695525,MAHAVITARAN CRICKET CLUB,51/10,3499616,MIGHTY LIONS,54/2,Toss: MAHAVITARAN CRICKET CLUB opt to bat,8 wickets,MIGHTY LIONS,Resulted,0,0,2026-09-01T20:30:29.296971+00:00
15015030,Limited Overs,TENNIS,past,2025-02-01T03:14:00.000Z,3003,Pune,188404,GK Silverland Residency PHASE 1,1305925,SILVERLAND PREMEIR LEAGUE SEASON 5,,2510997,League Matches,5820813,SPARTANS,49/7,5820788,The KILLERS,51/1,Toss: The KILLERS opt to field,6 wickets,The KILLERS,Resulted,0,0,2026-09-01T20:30:29.296971+00:00
15015052,Limited Overs,TENNIS,past,2025-02-01T04:21:56.000Z,3003,Pune,188404,GK Silverland Residency PHASE 1,1305925,SILVERLAND PREMEIR LEAGUE SEASON 5,,2510997,League Matches,8854400,Tigers,81/5,5820817,SUPERGIANTS,85/2,Toss: SUPERGIANTS opt to field,5 wickets,SUPERGIANTS,Resulted,0,0,2026-09-01T20:30:29.296971+00:00
15015072,Limited Overs,TENNIS,past,2025-02-01T05:27:40.000Z,3003,Pune,188404,GK Silverland Residency PHASE 1,1305925,SILVERLAND PREMEIR LEAGUE SEASON 5,,2510997,League Matches,5820788,The KILLERS,81/3,8854400,Tigers,80/2,Toss: Tigers opt to field,1 run,The KILLERS,Resulted,0,0,2026-09-01T20:30:29.296971+00:00
15015089,Limited Overs,TENNIS,past,2025-02-01T06:19:39.000Z,3003,Pune,188404,GK Silverland Residency PHASE 1,1305925,SILVERLAND PREMEIR LEAGUE SEASON 5,,2510997,League Matches,5820817,SUPERGIANTS,89/2,5820813,SPARTANS,90/3,Toss: SPARTANS opt to field,4 wickets,SPARTANS,Resulted,0,0,2026-09-01T20:30:29.296971+00:00
15015118,Limited Overs,TENNIS,past,2025-02-01T07:48:47.000Z,3003,Pune,188404,GK Silverland Residency PHASE 1,1305925,SILVERLAND PREMEIR LEAGUE SEASON 5,,2510997,League Matches,5820817,SUPERGIANTS,41/7,5820788,The KILLERS,37/7,Toss: The KILLERS opt to field,4 runs,SUPERGIANTS,Resulted,0,0,2026-09-01T20:30:29.296971+00:00
15015149,Limited Overs,TENNIS,past,2025-02-01T08:24:21.000Z,3003,Pune,188404,GK Silverland Residency PHASE 1,1305925,SILVERLAND PREMEIR LEAGUE SEASON 5,,2510997,League Matches,8854400,Tigers,83/4,5820817,SUPERGIANTS,85/3,Toss: SUPERGIANTS opt to field,4 wickets,SUPERGIANTS,Resulted,0,0,2026-09-01T20:30:29.296971+00:00
15015168,Limited Overs,TENNIS,past,2025-02-01T09:07:02.000Z,3003,Pune,188404,GK Silverland Residency PHASE 1,1305925,SILVERLAND PREMEIR LEAGUE SEASON 5,,2510997,League Matches,5820813,SPARTANS,82/3,5820788,The KILLERS,86/2,Toss: The KILLERS opt to field,5 wickets,The KILLERS,Resulted,0,0,2026-09-01T20:30:29.296971+00:00
15015260,Limited Overs,TENNIS,past,2025-02-01T10:03:42.000Z,3003,Pune,188404,GK Silverland Residency PHASE 1,1305925,SILVERLAND PREMEIR LEAGUE SEASON 5,,2510997,League Matches,5820788,The KILLERS,61/6,8854400,Tigers,65/1,Toss: Tigers opt to field,6 wickets,Tigers,Resulted,0,0,2026-09-01T20:30:29.296971+00:00
15015270,Limited Overs,TENNIS,past,2025-02-01T10:39:49.000Z,3003,Pune,188404,GK Silverland Residency PHASE 1,1305925,SILVERLAND PREMEIR LEAGUE SEASON 5,,2510997,League Matches,5820813,SPARTANS,79/4,5820817,SUPERGIANTS,80/1,Toss: SUPERGIANTS opt to field,6 wickets,SUPERGIANTS,Resulted,0,0,2026-09-01T20:30:29.296971+00:00
15015280,Limited Overs,TENNIS,past,2025-02-01T11:28:46.000Z,3003,Pune,188404,GK Silverland Residency PHASE 1,1305925,SILVERLAND PREMEIR LEAGUE SEASON 5,,2510997,League Matches,5820788,The KILLERS,69/6,5820817,SUPERGIANTS,50/4,Toss: SUPERGIANTS opt to field,19 runs,The KILLERS,Resulted,0,0,2026-09-01T20:30:29.296971+00:00
15015324,Limited Overs,TENNIS,past,2025-02-02T03:05:15.000Z,3003,Pune,188404,GK Silverland Residency PHASE 1,1305925,SILVERLAND PREMEIR LEAGUE SEASON 5,,2510997,League Matches,5820788,The KILLERS,112/1,5820817,SUPERGIANTS,59/5,Toss: SUPERGIANTS opt to field,53 runs,The KILLERS,Resulted,0,0,2026-09-01T20:30:29.296971+00:00
15015356,Limited Overs,TENNIS,past,2025-02-02T05:02:20.000Z,3003,Pune,188404,GK Silverland Residency PHASE 1,1305925,SILVERLAND PREMEIR LEAGUE SEASON 5,,2510997,League Matches,8854400,Tigers,90/3,5820788,The KILLERS,83/5,Toss: The KILLERS opt to field,7 runs,Tigers,Resulted,0,0,2026-09-01T20:30:29.296971+00:00
15015378,Limited Overs,TENNIS,past,2025-02-02T05:50:43.000Z,3003,Pune,188404,GK Silverland Residency PHASE 1,1305925,SILVERLAND PREMEIR LEAGUE SEASON 5,,2510997,League Matches,5820813,SPARTANS,82/7,5820817,SUPERGIANTS,84/1,Toss: SUPERGIANTS opt to field,6 wickets,SUPERGIANTS,Resulted,0,0,2026-09-01T20:30:29.296971+00:00
15015386,Limited Overs,TENNIS,past,2025-02-02T07:40:25.000Z,3003,Pune,188404,GK Silverland Residency PHASE 1,1305925,SILVERLAND PREMEIR LEAGUE SEASON 5,,2510997,League Matches,8854400,Tigers,110/2,5820817,SUPERGIANTS,71/6,Toss: SUPERGIANTS opt to field,39 runs,Tigers,Resulted,0,0,2026-09-01T20:30:29.296971+00:00
15015401,Limited Overs,TENNIS,past,2025-02-02T06:47:50.000Z,3003,Pune,188404,GK Silverland Residency PHASE 1,1305925,SILVERLAND PREMEIR LEAGUE SEASON 5,,2510997,League Matches,5820788,The KILLERS,109/3,5820813,SPARTANS,63/7,Toss: SPARTANS opt to field,46 runs,The KILLERS,Resulted,0,0,2026-09-01T20:30:29.296971+00:00
15028777,Limited Overs,TENNIS,past,2025-02-01T04:08:47.000Z,3003,Pune,841256,"Multipurpose court, Park Ivory",1298075,Ivory Premier League 2025 S1,,2492926,League Matches,8896562,Ivory Hurricanes,47/7,8887167,Ivory Strikers,29/5,Toss: Ivory Strikers opt to field,18 runs,Ivory Hurricanes,Resulted,0,0,2026-09-01T20:30:29.296971+00:00
15034477,Limited Overs,TENNIS,past,2025-02-02T04:11:00.000Z,3003,Pune,485284,Kodre Farm Cricket Ground Sinhgad Road Pune,1218098,EPAM Premier League Pune 2024-25 (Season 6),,2339189,Semi Final,8325871,EPAM Legends,109/7,8325769,EPAM Pioneers,115/2,Toss: EPAM Legends opt to bat,8 wickets,EPAM Pioneers,Resulted,0,0,2026-09-01T20:30:29.296971+00:00
15034542,Limited Overs,TENNIS,past,2025-02-02T06:44:04.000Z,3003,Pune,485284,Kodre Farm Cricket Ground Sinhgad Road Pune,1218098,EPAM Premier League Pune 2024-25 (Season 6),,2339189,Semi Final,8325875,EPAM Titans,103/9,8325816,EPAM Pacers,108/2,Toss: EPAM Pacers opt to field,8 wickets,EPAM Pacers,Resulted,0,0,2026-09-01T20:30:29.296971+00:00
15037047,Limited Overs,TENNIS,past,2025-02-01T14:42:58.000Z,3003,Pune,841256,"Multipurpose court, Park Ivory",1298075,Ivory Premier League 2025 S1,,2492926,League Matches,8887167,Ivory Strikers,38/8,8896688,IVORY TITANS,12/7,Toss: Ivory Strikers opt to bat,26 runs,Ivory Strikers,Resulted,0,0,2026-09-01T20:30:29.296971+00:00
15037179,Limited Overs,TENNIS,past,2025-02-02T04:31:17.000Z,3003,Pune,841256,"Multipurpose court, Park Ivory",1298075,Ivory Premier League 2025 S1,,2492926,League Matches,8896466,Ivory Superkings,36/5,8887167,Ivory Strikers,38/4,Toss: Ivory Superkings opt to bat,3 wickets,Ivory Strikers,Resulted,0,0,2026-09-01T20:30:29.296971+00:00
15040628,Limited Overs,TENNIS,past,2025-02-01T11:36:10.000Z,3003,Pune,841256,"Multipurpose court, Park Ivory",1298075,Ivory Premier League 2025 S1,,2492926,League Matches,8896555,Ivory Warriors,69/4,8887167,Ivory Strikers,45/6,Toss: Ivory Strikers opt to field,24 runs,Ivory Warriors,Resulted,0,0,2026-09-01T20:30:29.296971+00:00
15074312,Limited Overs,TENNIS,past,2025-02-02T09:36:08.000Z,3003,Pune,188404,GK Silverland Residency PHASE 1,1305925,SILVERLAND PREMEIR LEAGUE SEASON 5,,2510997,League Matches,8854400,Tigers,105/2,5820788,KILLERS,103/2,Toss: KILLERS opt to field,2 runs,Tigers,Resulted,0,0,2026-09-01T20:30:29.296971+00:00
15077279,Limited Overs,TENNIS,past,2025-02-02T10:45:45.000Z,3003,Pune,188404,GK Silverland Residency PHASE 1,1305925,SILVERLAND PREMEIR LEAGUE SEASON 5,,2510997,League Matches,8854400,Tigers,100/3,5820788,KILLERS,81/3,Toss: KILLERS opt to field,19 runs,Tigers,Resulted,0,0,2026-09-01T20:30:29.296971+00:00
15078280,Limited Overs,TENNIS,past,2025-02-08T04:14:08.000Z,3003,Pune,485284,Kodre Farm Cricket Ground Sinhgad Road Pune,1218098,EPAM Premier League Pune 2024-25 (Season 6),,2339191,Third Position,8325871,EPAM Legends,166/7,8325875,EPAM Titans,108/8,Toss: EPAM Titans opt to field,58 runs (All out),EPAM Legends,Resulted,0,0,2026-09-01T20:30:29.296971+00:00
15078315,Limited Overs,TENNIS,past,2025-02-08T07:23:48.000Z,3003,Pune,485284,Kodre Farm Cricket Ground Sinhgad Road Pune,1218098,EPAM Premier League Pune 2024-25 (Season 6),,2339190,Final,8325816,EPAM Pacers,137/9,8325769,EPAM Pioneers,115/9,Toss: EPAM Pioneers opt to field,22 runs,EPAM Pacers,Resulted,0,0,2026-09-01T20:30:29.296971+00:00
15093475,Limited Overs,LEATHER,past,2025-02-15T03:00:00.000Z,3003,Pune,766870,Cricket Haven Sport Club,1151797,Morning King Cricket Tournament ,,2215237,League Matches,192255,IDeaS a sas company,97/9,7889026,Dynamite Xl,102/1,Toss: IDeaS a sas company opt to bat,8 wickets,Dynamite Xl,Resulted,0,0,2026-09-01T20:30:29.296971+00:00
15097198,Limited Overs,TENNIS,past,2025-02-04T01:09:47.000Z,3003,Pune,639627,"MatchDay Arena, Wakad",959630,Morning Group By RCC,,1835465,League Matches,5878867,RCC MW Falcons,145/8,5878824,RCC MW Titans,147/5,Toss: RCC MW Falcons opt to bat,5 wickets,RCC MW Titans,Resulted,0,0,2026-09-01T20:30:29.296971+00:00
15097467,Limited Overs,LEATHER,past,2025-02-08T04:11:00.000Z,3003,Pune,557585,Platinum Cricket Ground.,1178133,PCG Champions Trophy 2024-25 Season3,,2276416,League Matches,7659243,Solid Squad,167/3,810983,MedicosUnited,94/8,Toss: MedicosUnited opt to field,73 runs,Solid Squad,Resulted,0,0,2026-09-01T20:30:29.296971+00:00
15099682,Limited Overs,TENNIS,past,2025-02-08T05:07:52.000Z,3003,Pune,309026,"Sachin Ghotkule Cricket Ground, Adhle",1318503,Friendship Cup - League 3 - 8th Feb 2025,,2535054,League Matches,2681274,Khadki Royals,58/8,6229382,AV Smashers,59/6,Toss: Khadki Royals opt to bat,4 wickets,AV Smashers,Resulted,0,0,2026-09-01T20:30:29.296971+00:00
15099718,Limited Overs,TENNIS,past,2025-02-08T07:33:34.000Z,3003,Pune,309026,"Sachin Ghotkule Cricket Ground, Adhle",1318503,Friendship Cup - League 3 - 8th Feb 2025,,2535054,League Matches,2341773,MASTER BLASTER,45/9,2681274,Khadki Royals,49/2,Toss: Khadki Royals opt to field,8 wickets,Khadki Royals,Resulted,0,0,2026-09-01T20:30:29.296971+00:00
15099730,Limited Overs,TENNIS,past,2025-02-08T08:43:54.000Z,3003,Pune,309026,"Sachin Ghotkule Cricket Ground, Adhle",1318503,Friendship Cup - League 3 - 8th Feb 2025,,2535054,League Matches,4089065,Komti Warriors,53/4,2681274,Khadki Royals,54/0,Toss: Komti Warriors opt to bat,10 wickets,Khadki Royals,Resulted,0,0,2026-09-01T20:30:29.296971+00:00
15102361,Limited Overs,TENNIS,past,2025-02-04T02:34:03.000Z,3003,Pune,639627,"MatchDay Arena, Wakad",959630,Morning Group By RCC,,1835465,League Matches,5878824,RCC MW Titans,170/4,5878867,RCC MW Falcons,105/11,Toss: RCC MW Titans opt to bat,65 runs,RCC MW Titans,Resulted,0,0,2026-09-01T20:30:29.296971+00:00
15103914,Limited Overs,LEATHER,past,2025-02-04T04:29:00.000Z,3003,Pune,282913,Cricathon Cricket Ground,,,,,,7036760,Star 11,114/11,2545343,WALEKAR SPORTS FOUNDATION,115/3,Toss: Star 11 opt to bat,7 wickets,WALEKAR SPORTS FOUNDATION,Resulted,0,0,2026-09-01T20:30:29.296971+00:00
15108885,Limited Overs,LEATHER,past,2025-02-04T09:44:57.000Z,2997,Pen,851583,Cr,,,,,,2545343,WALEKAR SPORTS FOUNDATION,159/4,7036760,Star 11,138/5,Toss: WALEKAR SPORTS FOUNDATION opt to bat,21 runs,WALEKAR SPORTS FOUNDATION,Resulted,0,0,2026-09-01T20:30:29.296971+00:00
15119399,Limited Overs,TENNIS,past,2025-02-08T16:26:25.000Z,3003,Pune,282913,Cricathon Cricket Ground,,,,,,6256738,AD AllStars,84/10,8775556,Ninja Musketeers,88/7,Toss: AD AllStars opt to bat,3 wickets,Ninja Musketeers,Resulted,0,0,2026-09-01T20:30:29.296971+00:00
15128569,Limited Overs,TENNIS,past,2025-02-09T07:21:11.000Z,3003,Pune,309194,Yca,,,,,,3482011,Range Hills Rangers,78/5,5801844,F Residences,78/4,Toss: Range Hills Rangers opt to bat,Tie,,Tie,0,0,2026-09-01T20:30:29.296971+00:00
15128582,Limited Overs,TENNIS,past,2025-02-09T08:42:35.000Z,3003,Pune,309194,Yca,,,,,,5801844,F Residences,80/4,3482011,Range Hills Rangers,85/2,Toss: F Residences opt to bat,8 wickets,Range Hills Rangers,Resulted,0,0,2026-09-01T20:30:29.296971+00:00
15135873,Limited Overs,TENNIS,past,2025-02-08T03:59:51.000Z,3003,Pune,625414,22 Yard Cricket Ground Bhugaon,1281846,D S CRICKET TOURNAMENT SEASON 2,,2517732,League Matches,6830244,IVORY STRIKERS,80/5,8779987,Boundary Blunders,83/7,Toss: Boundary Blunders opt to field,3 wickets,Boundary Blunders,Resulted,0,0,2026-09-01T20:30:29.296971+00:00
15136458,Limited Overs,TENNIS,past,2025-02-13T03:27:47.000Z,3003,Pune,625414,22 Yard Cricket Ground Bhugaon,1281846,D S CRICKET TOURNAMENT SEASON 2,,2517732,League Matches,8941856,JSCOE SPARTANS,154/7,6830244,IVORY STRIKERS,85/7,Toss: JSCOE SPARTANS opt to bat,69 runs,JSCOE SPARTANS,Resulted,0,0,2026-09-01T20:30:29.296971+00:00
15141849,Limited Overs,LEATHER,past,2025-02-13T14:07:00.000Z,3003,Pune,282913,Cricathon Cricket Ground,1263531,Cricathon Night Weekday T20 Tournament S3,,2452894,League Matches,4232906,Thunderwolves,110/9,6914624,Elites 11,114/5,Toss: Thunderwolves opt to bat,5 wickets,Elites 11,Resulted,0,0,2026-09-01T20:30:29.296971+00:00
15141966,Limited Overs,LEATHER,past,2025-02-25T14:09:00.000Z,3003,Pune,282913,Cricathon Cricket Ground,1263531,Cricathon Night Weekday T20 Tournament S3,,2452894,League Matches,6914624,Elites 11,111/10,4594292,Reunited Cricket Club,114/8,Toss: Elites 11 opt to bat,2 wickets,Reunited Cricket Club,Resulted,0,0,2026-09-01T20:30:29.296971+00:00
15155173,Limited Overs,TENNIS,past,2025-02-08T10:41:51.000Z,3003,Pune,681222,Rajgad Sports Academy Awhalwadi Pune,1317397,WSPL 2025 Season - III,,2533261,League Matches,8808813,LOHAGAD LIONS,149/9,8809048,DEVGAD DIAMONDS,87/7,Toss: LOHAGAD LIONS opt to bat,62 runs,LOHAGAD LIONS,Resulted,0,0,2026-09-01T20:30:29.296971+00:00
15155249,Limited Overs,TENNIS,past,2025-02-09T02:43:49.000Z,3003,Pune,681222,Rajgad Sports Academy Awhalwadi Pune,1317397,WSPL 2025 Season - III,,2533261,League Matches,8809048,DEVGAD DIAMONDS,107/3,8808794,DEVGIRI DRAGONS,108/4,Toss: DEVGIRI DRAGONS opt to field,6 wickets,DEVGIRI DRAGONS,Resulted,0,0,2026-09-01T20:30:29.296971+00:00
15155366,Limited Overs,TENNIS,past,2025-02-09T10:42:52.000Z,3003,Pune,681222,Rajgad Sports Academy Awhalwadi Pune,1317397,WSPL 2025 Season - III,,2533261,League Matches,8808796,AJINKYATARA AVENGERS,124/5,8809048,DEVGAD DIAMONDS,108/4,Toss: AJINKYATARA AVENGERS opt to bat,16 runs,AJINKYATARA AVENGERS,Resulted,0,0,2026-09-01T20:30:29.296971+00:00
15162766,Limited Overs,TENNIS,past,2025-02-09T09:11:05.000Z,3003,Pune,625414,22 Yard Cricket Ground Bhugaon,1281846,D S CRICKET TOURNAMENT SEASON 2,,2517732,League Matches,6830244,IVORY STRIKERS,78/8,8548265,Sinhgad Warriors,81/2,Toss: IVORY STRIKERS opt to bat,8 wickets,Sinhgad Warriors,Resulted,0,0,2026-09-01T20:30:29.296971+00:00
15162833,Limited Overs,TENNIS,past,2025-02-16T04:06:00.000Z,3003,Pune,625414,22 Yard Cricket Ground Bhugaon,1281846,D S CRICKET TOURNAMENT SEASON 2,,2517732,League Matches,8948957,Bafna Warriors,133/7,6830244,IVORY STRIKERS,109/5,Toss: Bafna Warriors opt to bat,24 runs,Bafna Warriors,Resulted,0,0,2026-09-01T20:30:29.296971+00:00
15170594,Box Cricket,TENNIS,past,2025-02-08T04:25:11.000Z,3003,Pune,604300,Chatrapati Sports Academy Bavdhan,1266366,Ebixcash Premier League - Season 2,,2468905,Round One,8720743,Cembra Warriors,103/2,8720716,LMS Warriors,65/3,Toss: LMS Warriors opt to field,38 runs,Cembra Warriors,Resulted,0,0,2026-09-01T20:30:29.296971+00:00
15171847,Limited Overs,LEATHER,past,2025-02-23T12:40:26.000Z,3003,Pune,282913,Cricathon Cricket Ground,995768,Cricathon Night Weekend Tournament S2,,2541408,Semi Final,6914624,Elites 11,153/9,2969837,Xtreme Cricket Club,102/10,Toss: Elites 11 opt to bat,51 runs,Elites 11,Resulted,0,0,2026-09-01T20:30:29.296971+00:00
15174143,Limited Overs,TENNIS,past,2025-02-08T02:22:02.000Z,3003,Pune,97616,SSPL DANGECHAUK,1257325,SSPL SEASON 5,,2413456,League Matches,8560772,Shivratna Cricket Club,173/8,8561801,Chatrapati Smashers,175/4,Toss: Shivratna Cricket Club opt to bat,6 wickets,Chatrapati Smashers,Resulted,0,0,2026-09-01T20:30:29.296971+00:00
15174679,Limited Overs,TENNIS,past,2025-02-08T02:22:29.000Z,3003,Pune,452736,Gawali,,,,,,285804,Silverland SuperGiants,89/2,3382845,RISINGXI,77/2,Toss: Silverland SuperGiants opt to bat,12 runs,Silverland SuperGiants,Resulted,0,0,2026-09-01T20:30:29.296971+00:00
15176676,Box Cricket,TENNIS,past,2025-02-08T04:13:00.000Z,3003,Pune,645273,"Top Play Turf, Keshavnagar",1304671,VO Cricket League Season 3,,2510056,League Matches,6210644,VO Red Bulls,30/5,8846943,VO Jaguars,31/3,Toss: VO Jaguars opt to field,3 wickets,VO Jaguars,Resulted,0,0,2026-09-01T20:30:29.296971+00:00
15183846,Box Cricket,TENNIS,past,2025-02-08T10:21:29.000Z,3003,Pune,604300,Chatrapati Sports Academy Bavdhan,1266366,Ebixcash Premier League - Season 2,,2468905,Round One,8720743,Cembra Warriors,115/1,8720755,CSB Super Kings,107/5,Toss: CSB Super Kings opt to field,8 runs,Cembra Warriors,Resulted,0,0,2026-09-01T20:30:29.296971+00:00
15186703,Limited Overs,TENNIS,past,2025-02-09T02:46:35.000Z,2796,Dehu Road,312530,VDR 4,1208660,T20 Maitri Chashak Season 9,,2549431,Quarter Final,882803,Rejoin Cricket Club,101/10,285804,Silverland SuperGiants,103/2,Toss: Silverland SuperGiants opt to field,8 wickets,Silverland SuperGiants,Resulted,0,0,2026-09-01T20:30:29.296971+00:00
15187014,Limited Overs,TENNIS,past,2025-02-08T10:38:06.000Z,3003,Pune,645273,"Top Play Turf, Keshavnagar",1304671,VO Cricket League Season 3,,2510056,League Matches,6210644,VO Red Bulls,30/4,7469631,VO Blue Demons,31/2,Toss: VO Blue Demons opt to field,5 wickets,VO Blue Demons,Resulted,0,0,2026-09-01T20:30:29.296971+00:00
15190823,Limited Overs,TENNIS,past,2025-02-08T10:53:35.000Z,3003,Pune,309026,"Sachin Ghotkule Cricket Ground, Adhle",1318503,Friendship Cup - League 3 - 8th Feb 2025,,2535055,Final,6229382,AV Smashers,82/4,2681274,Khadki Royals,81/4,Toss: Khadki Royals opt to field,1 run,AV Smashers,Resulted,0,0,2026-09-01T20:30:29.296971+00:00
15193005,Box Cricket,TENNIS,past,2025-02-08T13:21:01.000Z,3003,Pune,604300,Chatrapati Sports Academy Bavdhan,1266366,Ebixcash Premier League - Season 2,,2468919,Quarter Final,8720743,Cembra Warriors,161/0,8720675,Carlsberg Kings,100/1,Toss: Carlsberg Kings opt to field,61 runs,Cembra Warriors,Resulted,0,0,2026-09-01T20:30:29.296971+00:00
15194542,Limited Overs,TENNIS,past,2025-02-08T13:13:12.000Z,3003,Pune,645273,"Top Play Turf, Keshavnagar",1304671,VO Cricket League Season 3,,2510056,League Matches,8850498,VO Phoenix Legends,25/5,6210644,VO Red Bulls,26/3,Toss: VO Phoenix Legends opt to bat,3 wickets,VO Red Bulls,Resulted,0,0,2026-09-01T20:30:29.296971+00:00
15196587,Box Cricket,TENNIS,past,2025-02-08T15:24:09.000Z,3003,Pune,604300,Chatrapati Sports Academy Bavdhan,1266366,Ebixcash Premier League - Season 2,,2468915,Pre Quarter Final,8720743,Cembra Warriors,99/2,8720679,Champion Challengers,92/3,Toss: Cembra Warriors opt to bat,7 runs,Cembra Warriors,Resulted,0,0,2026-09-01T20:30:29.296971+00:00
15197541,Limited Overs,TENNIS,past,2025-02-09T05:41:02.000Z,2811,Dombivli,852522,Lodha Crown Cricket Ground,1321763,Crown Champion  Trophy 2025,,2540519,League Matches,8954006,PH-11,74/4,8953817,Manju Services,75/2,Toss: PH-11 opt to bat,8 wickets,Manju Services,Resulted,0,0,2026-09-01T20:30:29.296971+00:00
15197651,Limited Overs,TENNIS,past,2025-02-09T08:29:20.000Z,2811,Dombivli,852522,Lodha Crown Cricket Ground,1321763,Crown Champion  Trophy 2025,,2540519,League Matches,8954006,PH-11,55/4,8954004,Chasing Cheetahs,59/3,Toss: PH-11 opt to bat,7 wickets,Chasing Cheetahs,Resulted,0,0,2026-09-01T20:30:29.296971+00:00
15198736,Box Cricket,TENNIS,past,2025-02-08T16:14:00.000Z,3003,Pune,604300,Chatrapati Sports Academy Bavdhan,1266366,Ebixcash Premier League - Season 2,,2468921,Final,8720743,Cembra Warriors,101/6,8720702,Bomb Squad,102/2,Toss: Cembra Warriors opt to bat,5 wickets,Bomb Squad,Resulted,0,0,2026-09-01T20:30:29.296971+00:00
15202570,Limited Overs,TENNIS,past,2025-02-09T04:45:13.000Z,3003,Pune,645273,"Top Play Turf, Keshavnagar",1304671,VO Cricket League Season 3,,2510056,League Matches,6210644,VO Red Bulls,47/3,8847673,VO Thunder Strikers,38/5,Toss: VO Thunder Strikers opt to field,9 runs,VO Red Bulls,Resulted,0,0,2026-09-01T20:30:29.296971+00:00
15224428,Limited Overs,TENNIS,past,2025-02-09T09:06:30.000Z,3003,Pune,645273,"Top Play Turf, Keshavnagar",1304671,VO Cricket League Season 3,,2554691,Eliminator,7470775,VO Victory Vipers,45/6,6210644,VO Red Bulls,31/6,Toss: VO Red Bulls opt to field,14 runs,VO Victory Vipers,Resulted,0,0,2026-09-01T20:30:29.296971+00:00
15242943,Limited Overs,TENNIS,past,2025-02-15T02:39:42.000Z,2796,Dehu Road,416418,Gavali,1208660,T20 Maitri Chashak Season 9,,2558503,Semi Final,285804,Silverland SuperGiants,200/10,3382845,RISINGXI,183/9,Toss: RISINGXI opt to field,17 runs,Silverland SuperGiants,Resulted,0,0,2026-09-01T20:30:29.296971+00:00
15264904,Limited Overs,LEATHER,past,2025-03-29T04:12:00.000Z,3003,Pune,837481,CHANGBHALE CRICKET GROUND,1309238,BRAVEHEART PRESENT MIX CORPORATE SFS CUP SEASON 1,,2517407,Super League,4344757,Shankaracharya CC,170/7,2223945,Life Republic Royals,162/10,Toss: Shankaracharya CC opt to bat,8 runs,Shankaracharya CC,Resulted,0,0,2026-09-01T20:30:29.296971+00:00
15265333,Limited Overs,LEATHER,past,2025-04-20T08:21:04.000Z,3003,Pune,837481,CHANGBHALE CRICKET GROUND,1309238,BRAVEHEART PRESENT MIX CORPORATE SFS CUP SEASON 1,,2517407,Super League,2223945,Life Republic Royals,143/10,6322106,Puneri King Club,144/4,Toss: Puneri King Club opt to field,6 wickets,Puneri King Club,Resulted,0,0,2026-09-01T20:30:29.296971+00:00
15274343,Limited Overs,TENNIS,past,2025-02-16T10:54:40.000Z,3003,Pune,423038,Shree Chatrapati Shivaji Maharaj International Stadium  Warje,1271670,WARJE OLYMPICS 2K25 MENS,,2563495,Round Three,8729787,Karan Greens Mawale,70/7,8729843,Runwal Warriors,74/1,Toss: Runwal Warriors opt to field,9 wickets,Runwal Warriors,Resulted,0,0,2026-09-01T20:30:29.296971+00:00
15285921,Box Cricket,TENNIS,past,2025-02-16T03:12:25.000Z,3003,Pune,543598,SK Sports Club,1289807,Turf Cricket Bash Tournament ,,2525381,League Matches,8981081,7 Wonders,52/1,8907412,Dominators,58/3,Toss: 7 Wonders opt to bat,3 wickets,Dominators,Resulted,0,0,2026-09-01T20:30:29.296971+00:00
15285923,Box Cricket,TENNIS,past,2025-02-16T03:47:02.000Z,3003,Pune,543598,SK Sports Club,1289807,Turf Cricket Bash Tournament ,,2525381,League Matches,9011719,Seven Warriors,87/1,8981081,7 Wonders,38/6,Toss: 7 Wonders opt to field,49 runs,Seven Warriors,Resulted,0,0,2026-09-01T20:30:29.296971+00:00
15285929,Box Cricket,TENNIS,past,2025-02-16T05:54:35.000Z,3003,Pune,543598,SK Sports Club,1289807,Turf Cricket Bash Tournament ,,2525381,League Matches,8809455,Game Changers,78/1,8981081,7 Wonders,31/5,Toss: Game Changers opt to bat,47 runs,Game Changers,Resulted,0,0,2026-09-01T20:30:29.296971+00:00
15313222,Limited Overs,TENNIS,past,2025-02-23T12:52:00.000Z,3003,Pune,346898,Balasaheb Kunjir Kridangan,1310105,Professional Cricket League 2025,,2568278,League Matches,4447038,LP Titans,91/8,8911523,Vedanta Warriors,80/5,Toss: LP Titans opt to bat,11 runs,LP Titans,Resulted,0,0,2026-09-01T20:30:29.296971+00:00
15313231,Limited Overs,TENNIS,past,2025-02-26T16:38:34.000Z,3003,Pune,346898,Balasaheb Kunjir Kridangan,1310105,Professional Cricket League 2025,,2568278,League Matches,4447038,LP Titans,120/3,6517661,Wakad Invincible 11,71/8,Toss: Wakad Invincible 11 opt to field,49 runs,LP Titans,Resulted,0,0,2026-09-01T20:30:29.296971+00:00
15313262,Limited Overs,TENNIS,past,2025-02-23T11:52:25.000Z,3003,Pune,346898,Balasaheb Kunjir Kridangan,1310105,Professional Cricket League 2025,,2568278,League Matches,4447038,LP Titans,105/6,8940326,Shoorveer,29/8,Toss: LP Titans opt to bat,76 runs,LP Titans,Resulted,0,0,2026-09-01T20:30:29.296971+00:00
15315687,Limited Overs,TENNIS,past,2025-02-14T16:39:28.000Z,3003,Pune,574730,30YCA Spark A2 Cricket Ground,,,,,,8775556,Ninja Musketeers,167/5,9047584,Alpha 11,143/5,Toss: Ninja Musketeers opt to bat,24 runs,Ninja Musketeers,Resulted,0,0,2026-09-01T20:30:29.296971+00:00
15326194,Box Cricket,TENNIS,past,2025-02-15T06:09:04.000Z,3003,Pune,686748,SS Cricket and Football Turf,1306217,Sahyadri Chashak Parva -1,,2571616,League Matches,4046863,HINDAVI SWARAJYA,74/3,9044756,Team Dominators,26/4,Toss: HINDAVI SWARAJYA opt to bat,48 runs,HINDAVI SWARAJYA,Resulted,0,0,2026-09-01T20:30:29.296971+00:00
15326215,Box Cricket,TENNIS,past,2025-02-15T05:36:21.000Z,3003,Pune,686748,SS Cricket and Football Turf,1306217,Sahyadri Chashak Parva -1,,2571616,League Matches,8047057,Gajanan Nagar - 11,61/2,4046863,HINDAVI SWARAJYA,46/6,Toss: Gajanan Nagar - 11 opt to bat,15 runs,Gajanan Nagar - 11,Resulted,0,0,2026-09-01T20:30:29.296971+00:00
15329527,Limited Overs,TENNIS,past,2025-02-15T02:22:00.000Z,3003,Pune,97616,SSPL DANGECHAUK,1335811,SSPL SEASON 6,,2573447,League Matches,9053782,Shivratna Cricket Club,160/8,8560881,Divine Fighters,152/8,Toss: Shivratna Cricket Club opt to bat,8 runs,Shivratna Cricket Club,Resulted,0,0,2026-09-01T20:30:29.296971+00:00
15332253,Limited Overs,LEATHER,past,2025-02-15T04:16:00.000Z,3003,Pune,557585,Platinum Cricket Ground.,1178133,PCG Champions Trophy 2024-25 Season3,,2276416,League Matches,4028345,Black Panthers,130/6,810983,MedicosUnited,58/10,Toss: MedicosUnited opt to field,72 runs,Black Panthers,Resulted,0,0,2026-09-01T20:30:29.296971+00:00
15343750,Limited Overs,TENNIS,past,2025-02-16T07:25:00.000Z,3003,Pune,625414,22 Yard Cricket Ground Bhugaon,1281846,D S CRICKET TOURNAMENT SEASON 2,,2517732,League Matches,6830244,IVORY STRIKERS,147/1,8097948,Stalwarts,143/5,Toss: Stalwarts opt to field,4 runs,IVORY STRIKERS,Resulted,0,0,2026-09-01T20:30:29.296971+00:00
15349227,Box Cricket,TENNIS,past,2025-02-15T15:15:41.000Z,3003,Pune,686748,SS Cricket and Football Turf,1306217,Sahyadri Chashak Parva -1,,2576467,Super Knockout,4046863,HINDAVI SWARAJYA,29/2,7107155,CHAMPION TURF CLUB,34/2,Toss: HINDAVI SWARAJYA opt to bat,8 wickets,CHAMPION TURF CLUB,Resulted,0,0,2026-09-01T20:30:29.296971+00:00
15361253,Limited Overs,TENNIS,past,2025-02-16T03:08:32.000Z,3003,Pune,55696,Vishal Nagar,1339313,Cricket Yari Premier League,,2577935,League Matches,9063989,Crime Master Gogo,67/8,9054375,Team Shakaal,60/9,Toss: Crime Master Gogo opt to bat,7 runs,Crime Master Gogo,Resulted,0,0,2026-09-01T20:30:29.296971+00:00
15365827,Limited Overs,TENNIS,past,2025-02-16T04:26:10.000Z,3003,Pune,55696,Vishal Nagar,1339313,Cricket Yari Premier League,,2577935,League Matches,9054375,Team Shakaal,77/3,9063950,Team Mogambo,78/5,Toss: Team Shakaal opt to bat,4 wickets,Team Mogambo,Resulted,0,0,2026-09-01T20:30:29.296971+00:00
15397137,Limited Overs,TENNIS,past,2025-02-22T02:00:00.000Z,2796,Dehu Road,416418,Gavali,1208660,T20 Maitri Chashak Season 9,,2584041,Final,3383051,Morya Fighters,150/10,285804,Silverland SuperGiants,149/9,Toss: Silverland SuperGiants opt to field,1 run,Morya Fighters,Resulted,0,0,2026-09-01T20:30:29.296971+00:00
15403668,Box Cricket,TENNIS,past,2025-02-22T04:10:52.000Z,3003,Pune,508499,Konark Virtue,1324771,Konark Premier League ,,2580988,League Matches,9077983,Black Panthers,47/4,9078972,Yellowroar,28/9,Toss: Yellowroar opt to field,19 runs,Black Panthers,Resulted,0,0,2026-09-01T20:30:29.296971+00:00
15403670,Box Cricket,TENNIS,past,2025-02-22T05:26:22.000Z,3003,Pune,508499,Konark Virtue,1324771,Konark Premier League ,,2580988,League Matches,9080507,Blue Strikers,54/6,9078972,Yellowroar,42/4,Toss: Yellowroar opt to field,12 runs,Blue Strikers,Resulted,0,0,2026-09-01T20:30:29.296971+00:00
15408238,Limited Overs,LEATHER,past,2025-02-23T10:01:21.000Z,3003,Pune,456738,"30YCA Spark Cricket Ground, Jambhe",1241783,30YCA CricX Corporate Premier League 3.0,,2387337,League Matches,2841995,Phoenix AAA,225/5,2765155,CricUnited XI,197/5,Toss: CricUnited XI opt to field,28 runs,Phoenix AAA,Resulted,0,0,2026-09-01T20:30:29.296971+00:00
15430840,Limited Overs,LEATHER,past,2025-04-12T02:03:31.000Z,3003,Pune,282913,Cricathon Cricket Ground,1187852,Cricathon Premier League Season 3,,2401653,League Matches,4018582,Aver Cricket Club,134/9,2765155,CricUnited XI,137/7,Toss: CricUnited XI opt to field,3 wickets,CricUnited XI,Resulted,0,0,2026-09-01T20:30:29.296971+00:00
15434361,Limited Overs,LEATHER,past,2025-02-19T13:35:00.000Z,3003,Pune,282913,Cricathon Cricket Ground,,,,,,2223945,Life Republic Royals,189/6,2141371,Cricathon Sports Club,123/10,Toss: Life Republic Royals opt to bat,66 runs,Life Republic Royals,Resulted,0,0,2026-09-01T20:30:29.296971+00:00
15438948,Box Cricket,TENNIS,past,2025-02-20T01:39:42.000Z,3003,Pune,459034,Runvijays Sports Club,1346550,TCC - 20th Feb League Tournament,,2591447,League Matches,8440020,Team Purple Panther,83/5,8440012,Team Yellow Phoenix,84/4,Toss: Team Purple Panther opt to bat,2 wickets,Team Yellow Phoenix,Resulted,0,0,2026-09-01T20:30:29.296971+00:00
15440355,Box Cricket,TENNIS,past,2025-02-20T02:04:04.000Z,3003,Pune,459034,Runvijays Sports Club,1346550,TCC - 20th Feb League Tournament,,2591447,League Matches,8440012,Team Yellow Phoenix,66/7,8440020,Team Purple Panther,67/2,Toss: Team Yellow Phoenix opt to bat,4 wickets,Team Purple Panther,Resulted,0,0,2026-09-01T20:30:29.296971+00:00
15440574,Box Cricket,TENNIS,past,2025-02-20T02:24:27.000Z,3003,Pune,459034,Runvijays Sports Club,1346550,TCC - 20th Feb League Tournament,,2591447,League Matches,8440020,Team Purple Panther,85/4,8440012,Team Yellow Phoenix,86/6,Toss: Team Purple Panther opt to bat,0 wicket,Team Yellow Phoenix,Resulted,0,0,2026-09-01T20:30:29.296971+00:00
15440768,Box Cricket,TENNIS,past,2025-02-20T02:48:34.000Z,3003,Pune,459034,Runvijays Sports Club,1346550,TCC - 20th Feb League Tournament,,2591447,League Matches,8440012,Team Yellow Phoenix,126/3,8440020,Team Purple Panther,100/2,Toss: Team Yellow Phoenix opt to bat,26 runs,Team Yellow Phoenix,Resulted,0,0,2026-09-01T20:30:29.296971+00:00
15440925,Box Cricket,TENNIS,past,2025-02-20T03:11:58.000Z,3003,Pune,459034,Runvijays Sports Club,1346550,TCC - 20th Feb League Tournament,,2591447,League Matches,8440012,Team Yellow Phoenix,87/3,8440020,Team Purple Panther,57/1,Toss: Team Yellow Phoenix opt to bat,30 runs,Team Yellow Phoenix,Resulted,0,0,2026-09-01T20:30:29.296971+00:00
15446920,Box Cricket,TENNIS,past,2025-02-22T04:51:27.000Z,3003,Pune,858125,4 Lions Pimple Nilakh,1333611,Emergys Premier League - 2025,,2592105,League Matches,9039512,Team Phoenix,113/2,9029392,SNOW Legends,59/7,Toss: Team Phoenix opt to bat,54 runs,Team Phoenix,Resulted,0,0,2026-09-01T20:30:29.296971+00:00
15447455,Box Cricket,TENNIS,past,2025-02-23T05:18:29.000Z,3003,Pune,858125,4 Lions Pimple Nilakh,1333611,Emergys Premier League - 2025,,2592105,League Matches,9029392,SNOW Legends,59/5,9028312,Low Code Smashers,60/3,Toss: Low Code Smashers opt to field,4 wickets,Low Code Smashers,Resulted,0,0,2026-09-01T20:30:29.296971+00:00
15447639,Limited Overs,LEATHER,past,2025-03-16T04:14:00.000Z,3003,Pune,557585,Platinum Cricket Ground.,1178133,PCG Champions Trophy 2024-25 Season3,,2276416,League Matches,1075339,Ferocious XI Pune,185/7,810983,MedicosUnited,108/9,Toss: MedicosUnited opt to field,77 runs,Ferocious XI Pune,Resulted,0,0,2026-09-01T20:30:29.296971+00:00
15447667,Box Cricket,TENNIS,past,2025-02-23T08:12:23.000Z,3003,Pune,858125,4 Lions Pimple Nilakh,1333611,Emergys Premier League - 2025,,2592105,League Matches,9029311,Team Lagaan,99/5,9029392,SNOW Legends,39/5,Toss: Team Lagaan opt to bat,60 runs,Team Lagaan,Resulted,0,0,2026-09-01T20:30:29.296971+00:00
15448955,Limited Overs,TENNIS,past,2025-02-22T05:22:23.000Z,3003,Pune,767694,Four Star Cricket Ground,1345671,Komti Champions League 2025 - Season 5,,2593107,League Matches,3489488,Rucha Titans,58/3,2681274,Khadki Royals,51/9,Toss: Rucha Titans opt to bat,7 runs,Rucha Titans,Resulted,0,0,2026-09-01T20:30:29.296971+00:00
15449123,Limited Overs,TENNIS,past,2025-02-22T17:16:10.000Z,3003,Pune,681222,Rajgad Sports Academy Awhalwadi Pune,1317397,WSPL 2025 Season - III,,2533261,League Matches,8809048,DEVGAD DIAMONDS,105/10,8808801,PRATAPGAD POWERS,88/8,Toss: PRATAPGAD POWERS opt to field,17 runs,DEVGAD DIAMONDS,Resulted,0,0,2026-09-01T20:30:29.296971+00:00
15449773,Limited Overs,TENNIS,past,2025-02-22T11:55:13.000Z,3003,Pune,767694,Four Star Cricket Ground,1345671,Komti Champions League 2025 - Season 5,,2593107,League Matches,2681274,Khadki Royals,52/5 & 8/0,9104747,AVMWS,52/8 & 19/2,Toss: AVMWS opt to field,Match Tied (AVMWS won the super over),AVMWS,Resulted,0,1,2026-09-01T20:30:29.296971+00:00
15449841,Limited Overs,TENNIS,past,2025-02-23T08:15:09.000Z,3003,Pune,767694,Four Star Cricket Ground,1345671,Komti Champions League 2025 - Season 5,,2593107,League Matches,4180842,Sawkar Strikers,54/7,2681274,Khadki Royals,53/9,Toss: Khadki Royals opt to field,1 run,Sawkar Strikers,Resulted,0,0,2026-09-01T20:30:29.296971+00:00
15452114,Limited Overs,TENNIS,past,2025-02-23T05:52:14.000Z,2000,Nipani,287103,Shrinagar cricket ground,1344677,SPL SEASON 8,,2588050,League Matches,9097737,PRATIK PANTHERS,78/4,9097732,A.P.DOMINATOR,44/5,Toss: PRATIK PANTHERS opt to bat,34 runs,PRATIK PANTHERS,Resulted,0,0,2026-09-01T20:30:29.296971+00:00
15452191,Limited Overs,TENNIS,past,2025-02-23T11:13:16.000Z,2000,Nipani,287103,Shrinagar cricket ground,1344677,SPL SEASON 8,,2588050,League Matches,9097737,PRATIK PANTHERS,73/3,9097745,CAFE CELLBLOCK,61/7,Toss: PRATIK PANTHERS opt to bat,12 runs,PRATIK PANTHERS,Resulted,0,0,2026-09-01T20:30:29.296971+00:00
15474015,Limited Overs,TENNIS,past,2025-02-22T07:15:50.000Z,3003,Pune,759549,"Desire Cricket Ground, Upper Ground, Baner",,,,,,5410921,CLASSIC XI,228/7,7314391,SUPREME CHALLENGERS,147/8,Toss: CLASSIC XI opt to bat,81 runs,CLASSIC XI,Resulted,0,0,2026-09-01T20:30:29.296971+00:00
15490281,Box Cricket,TENNIS,past,2025-02-22T09:01:16.000Z,3003,Pune,858125,4 Lions Pimple Nilakh,1333611,Emergys Premier League - 2025,,2592105,League Matches,9029392,SNOW Legends,56/4,9028401,SAPiens INNOVATE,24/7,Toss: SNOW Legends opt to bat,32 runs,SNOW Legends,Resulted,0,0,2026-09-01T20:30:29.296971+00:00
15495516,Limited Overs,TENNIS,past,2025-02-23T04:46:16.000Z,2796,Dehu Road,416418,Gavali,1334368,T-20 Maitri Chashak Season 10,,2594916,League Matches,4388205,S.N.C.C,178/7,285804,Silverland SuperGiants,168/10,Toss: S.N.C.C opt to bat,10 runs,S.N.C.C,Resulted,0,0,2026-09-01T20:30:29.296971+00:00
15519043,Limited Overs,TENNIS,past,2025-02-25T01:38:19.000Z,3003,Pune,37704,Spark Sports Ground,,,,,,5742614,SHRINATH TIGERS,165/3,5146670,LR-Fearless Fighters,120/8,Toss: LR-Fearless Fighters opt to field,45 runs,SHRINATH TIGERS,Resulted,0,0,2026-09-01T20:30:29.296971+00:00
15556600,Limited Overs,LEATHER,past,2025-03-01T09:17:07.000Z,3003,Pune,456738,"30YCA Spark Cricket Ground, Jambhe",1241783,30YCA CricX Corporate Premier League 3.0,,2387337,League Matches,2223945,Life Republic Royals,142/10,3459083,Smashers,124/10,Toss: Life Republic Royals opt to bat,18 runs,Life Republic Royals,Resulted,0,0,2026-09-01T20:30:29.296971+00:00
15558120,Limited Overs,LEATHER,past,2025-02-25T04:47:27.000Z,3004,Pune Cantonment,420705,Cricathon Cricket Ground Sangavde,,,,,,4693232,GAME CHANGER XI,286/7,2545343,WALEKAR SPORTS FOUNDATION,287/9,Toss: GAME CHANGER XI opt to bat,1 wicket,WALEKAR SPORTS FOUNDATION,Resulted,0,0,2026-09-01T20:30:29.296971+00:00
15572208,Limited Overs,TENNIS,past,2025-02-26T02:18:00.000Z,3003,Pune,452736,Gawali,,,,,,285804,Silverland SuperGiants,157/8,2007644,Tigerrr,85/10,Toss: Silverland SuperGiants opt to bat,72 runs,Silverland SuperGiants,Resulted,0,0,2026-09-01T20:30:29.296971+00:00
15572908,Limited Overs,TENNIS,past,2025-02-26T01:55:00.000Z,2782,Chinchwad,867508,SSPL DANGECHAUK PUNE,1354136,SSPL T10  Season 01,,2609407,League Matches,8036301,The Classic XI,115/8,9158905,Shivratna CC (SSPL T10),89/6,Toss: The Classic XI opt to bat,26 runs,The Classic XI,Resulted,0,0,2026-09-01T20:30:29.296971+00:00
15579096,Limited Overs,LEATHER,past,2025-03-23T03:56:00.000Z,3003,Pune,510654,Kings Sports Club,1198304,Mercenaries Premier league - Season 7,,2609784,League Matches,8166718,Titans,162/5,810983,MedicosUnited,164/8,Toss: MedicosUnited opt to field,2 wickets,MedicosUnited,Resulted,0,0,2026-09-01T20:30:29.296971+00:00
15581007,Limited Overs,TENNIS,past,2025-03-01T01:56:35.000Z,3003,Pune,202748,Hadapsar Gliding Center,,,,,,1181358,Fanstatic XI Cricket Club,99/4,9177072,Temba Bavuma Lovers,103/7,Toss: Fanstatic XI Cricket Club opt to bat,3 wickets,Temba Bavuma Lovers,Resulted,0,0,2026-09-01T20:30:29.296971+00:00
15585742,Limited Overs,LEATHER,past,2025-03-02T08:22:04.000Z,3003,Pune,837481,CHANGBHALE CRICKET GROUND,905133,SFS SPORTS MANAGEMENT PRACTICE MATCHES ,,1719868,Super League,8640530,SFS CORPORATE CLUB 2,247/8,9175480,Glory Cricket Club,120/10,Toss: SFS CORPORATE CLUB 2 opt to bat,127 runs,SFS CORPORATE CLUB 2,Resulted,0,0,2026-09-01T20:30:29.296971+00:00
15589177,Limited Overs,LEATHER,past,2025-03-01T04:22:39.000Z,3003,Pune,625414,22 Yard Cricket Ground Bhugaon,1334949,T25 Challenger Cup,,2616139,League Matches,9171084,Torna X11,112/10,8841643,Falcon Flames,75/10,Toss: Falcon Flames opt to field,37 runs,Torna X11,Resulted,0,0,2026-09-01T20:30:29.296971+00:00
15595169,Limited Overs,TENNIS,past,2025-03-05T06:08:42.000Z,2000,Nipani,287103,Shrinagar cricket ground,1344677,SPL SEASON 8,,2588050,League Matches,9097726,MAHAVEER ICE CREAM,81/6,9097737,PRATIK PANTHERS,49/4,Toss: PRATIK PANTHERS opt to field,32 runs,MAHAVEER ICE CREAM,Resulted,0,0,2026-09-01T20:30:29.296971+00:00
15595191,Limited Overs,TENNIS,past,2025-03-05T06:50:54.000Z,2000,Nipani,287103,Shrinagar cricket ground,1344677,SPL SEASON 8,,2588050,League Matches,9097679,A.K.SIXERS,45/3,9097737,PRATIK PANTHERS,46/2,Toss: PRATIK PANTHERS opt to field,7 wickets,PRATIK PANTHERS,Resulted,0,0,2026-09-01T20:30:29.296971+00:00
15599143,Limited Overs,TENNIS,past,2025-02-28T01:34:15.000Z,3003,Pune,34645,Dange Chowk,,,,,,9158905,Shivratna Cricket Club (SSPL T10),108/7,3782940,BLEEDBLUE XI,110/3,Toss: Shivratna Cricket Club (SSPL T10) opt to bat,7 wickets,BLEEDBLUE XI,Resulted,0,0,2026-09-01T20:30:29.296971+00:00
15600858,Box Cricket,TENNIS,past,2025-03-02T03:39:53.000Z,3003,Pune,70350,Soccer And Snooker Dhanori,1346941,"Soccer N Snooker Box Cricket League, Season 9",,2615143,League Matches,9112080,Full Power,71/1,9106057,Equinox Titans,23/4,Toss: Equinox Titans opt to field,48 runs,Full Power,Resulted,0,0,2026-09-01T20:30:29.296971+00:00
15600873,Box Cricket,TENNIS,past,2025-03-02T04:01:59.000Z,3003,Pune,70350,Soccer And Snooker Dhanori,1346941,"Soccer N Snooker Box Cricket League, Season 9",,2615143,League Matches,9112080,Full Power,57/5,9112140,7th Heaven Elite,30/4,Toss: Full Power opt to bat,27 runs,Full Power,Resulted,0,0,2026-09-01T20:30:29.296971+00:00
15600916,Box Cricket,TENNIS,past,2025-03-02T05:07:42.000Z,3003,Pune,70350,Soccer And Snooker Dhanori,1346941,"Soccer N Snooker Box Cricket League, Season 9",,2615143,League Matches,9112080,Full Power,66/1,9148578,Vandals,51/4,Toss: Full Power opt to bat,15 runs,Full Power,Resulted,0,0,2026-09-01T20:30:29.296971+00:00
15602814,Limited Overs,LEATHER,past,2025-04-20T02:05:56.000Z,3003,Pune,14476,Silver Sports Club Chikhali,1354346,"Mahil Sports Presents
KPL Mix Corporate T20 League Season 14",,2610431,League Matches,2765155,CricUnited XI,166/7,493156,Kridangan Sports Stallions CC,167/4,Toss: Kridangan Sports Stallions CC opt to field,6 wickets,Kridangan Sports Stallions CC,Resulted,0,0,2026-09-01T20:30:29.296971+00:00
15604048,Limited Overs,LEATHER,past,2025-03-16T13:22:00.000Z,3003,Pune,282913,Cricathon Cricket Ground,995768,Cricathon Night Weekend Tournament S2,,2618679,Final,6914624,Elites 11,80/10,6419468,Strikers United,81/5,Toss: Elites 11 opt to bat,5 wickets,Strikers United,Resulted,0,0,2026-09-01T20:30:29.296971+00:00
15613331,Limited Overs,LEATHER,past,2025-03-01T05:23:00.000Z,3003,Pune,427292,SILVER CRICKET ACADAMY - CHIKHALI,1141318,KPL  Match ,,2191835,Super Knockout,5974915,Hawks Cricket Club,180/6,2307616,Medline,125/7,Toss: Hawks Cricket Club opt to bat,55 runs,Hawks Cricket Club,Resulted,0,0,2026-09-01T20:30:29.296971+00:00
15613495,Limited Overs,TENNIS,past,2025-02-28T12:34:46.000Z,3003,Pune,681222,Rajgad Sports Academy Awhalwadi Pune,1317397,WSPL 2025 Season - III,,2533261,League Matches,8809048,DEVGAD DIAMONDS,122/6,8808834,RAIGAD ROYALS,58/5,Toss: DEVGAD DIAMONDS opt to bat,64 runs,DEVGAD DIAMONDS,Resulted,0,0,2026-09-01T20:30:29.296971+00:00
15613735,Limited Overs,TENNIS,past,2025-03-01T15:00:46.000Z,3003,Pune,681222,Rajgad Sports Academy Awhalwadi Pune,1317397,WSPL 2025 Season - III,,2533261,League Matches,8809048,DEVGAD DIAMONDS,109/6,8808848,JANJIRA JAGUARS,112/5,Toss: DEVGAD DIAMONDS opt to bat,5 wickets,JANJIRA JAGUARS,Resulted,0,0,2026-09-01T20:30:29.296971+00:00
15613946,Limited Overs,TENNIS,past,2025-03-02T17:33:03.000Z,3003,Pune,681222,Rajgad Sports Club Awhalwadi Pune,1317397,WSPL 2025 Season - III,,2533261,League Matches,8809048,DEVGAD DIAMONDS,111/4,8808788,TIKONA TIGERS,112/4,Toss: TIKONA TIGERS opt to field,6 wickets,TIKONA TIGERS,Resulted,0,0,2026-09-01T20:30:29.296971+00:00
15616640,Limited Overs,LEATHER,past,2025-03-22T06:45:05.000Z,3003,Pune,766870,Cricket Haven Sport Club,1152315,The Big Beaters Tournament 20-20,,2257648,League Matches,7783057,Lakshya Cricket Club,173/10,2223945,Life Republic Royals,175/4,Toss: Lakshya Cricket Club opt to bat,6 wickets,Life Republic Royals,Resulted,0,0,2026-09-01T20:30:29.296971+00:00
15619509,Box Cricket,TENNIS,past,2025-02-28T12:01:59.000Z,3003,Pune,847752,Force Playing Field Turf-1,1358667,Epam GS Box Cricket 2025,,2617758,League Matches,9187735,The Unpredictables,45/5,9187708,Torna Tigers,26/3,Toss: Torna Tigers opt to field,19 runs,The Unpredictables,Resulted,0,0,2026-09-01T20:30:29.296971+00:00
15619560,Box Cricket,TENNIS,past,2025-02-28T12:45:19.000Z,3003,Pune,847752,Force Playing Field Turf-1,1358667,Epam GS Box Cricket 2025,,2617758,League Matches,9187686,Lohgad Lions,73/4,9187702,Shivneri Strikers,42/7,Toss: Shivneri Strikers opt to field,31 runs,Lohgad Lions,Resulted,0,0,2026-09-01T20:30:29.296971+00:00
15621488,Box Cricket,TENNIS,past,2025-02-28T13:36:54.000Z,3003,Pune,847752,Force Playing Field Turf-1,1358667,Epam GS Box Cricket 2025,,2617758,League Matches,9187708,Torna Tigers,31/5,9187702,Shivneri Strikers,32/1,Toss: Torna Tigers opt to bat,6 wickets,Shivneri Strikers,Resulted,0,0,2026-09-01T20:30:29.296971+00:00
15621896,Box Cricket,TENNIS,past,2025-02-28T14:04:58.000Z,3003,Pune,847752,Force Playing Field Turf-1,1358667,Epam GS Box Cricket 2025,,2617758,League Matches,9187735,The Unpredictables,32/3,9187686,Lohgad Lions,35/3,Toss: The Unpredictables opt to bat,3 wickets,Lohgad Lions,Resulted,0,0,2026-09-01T20:30:29.296971+00:00
15623925,Limited Overs,TENNIS,past,2025-03-02T02:09:32.000Z,2796,Dehu Road,416418,Gavali,1334368,T-20 Maitri Chashak Season 10,,2594916,League Matches,285804,Silverland SuperGiants,225/3,5146670,LR Fearless Fighters,213/6,Toss: Silverland SuperGiants opt to bat,12 runs,Silverland SuperGiants,Resulted,0,0,2026-09-01T20:30:29.296971+00:00
15632289,Limited Overs,LEATHER,past,2025-03-04T13:37:00.000Z,3003,Pune,282913,Cricathon Cricket Ground,1263531,Cricathon Night Weekday T20 Tournament S3,,2452894,League Matches,2223945,Life Republic Royals,125/6,6914624,Elites 11,85/10,Toss: Life Republic Royals opt to bat,40 runs,Life Republic Royals,Resulted,0,0,2026-09-01T20:30:29.296971+00:00
15636418,Limited Overs,LEATHER,past,2025-03-19T13:40:11.000Z,3003,Pune,282913,Cricathon Cricket Ground,1263531,Cricathon Night Weekday T20 Tournament S3,,2452894,League Matches,2141371,Cricathon Sports Club,169/8,6914624,Elites 11,173/3,Toss: Cricathon Sports Club opt to bat,7 wickets,Elites 11,Resulted,0,0,2026-09-01T20:30:29.296971+00:00
15641173,Limited Overs,TENNIS,past,2025-03-02T02:13:02.000Z,3003,Pune,732307,"Gladding, Hadapsar",,,,,,1181358,Fanstatic XI Cricket Club,97/7,9207804,Imperia Champions,93/9,Toss: Fanstatic XI Cricket Club opt to bat,4 runs,Fanstatic XI Cricket Club,Resulted,0,0,2026-09-01T20:30:29.296971+00:00
15644585,Limited Overs,TENNIS,past,2025-03-01T14:21:12.000Z,3003,Pune,346898,Balasaheb Kunjir Kridangan,1310105,Professional Cricket League 2025,,2568279,Quarter Final,4447038,LP Titans,85/4,9039380,SSS Sports,89/6,Toss: SSS Sports opt to field,2 wickets,SSS Sports,Resulted,0,0,2026-09-01T20:30:29.296971+00:00
15661300,Limited Overs,TENNIS,past,2025-03-02T04:08:26.000Z,3003,Pune,59980,Gliding Centre Ground,,,,,,9207804,Imperia Champions,69/7,1181358,Fanstatic XI Cricket Club,45/10,Toss: Fanstatic XI Cricket Club opt to field,24 runs,Imperia Champions,Resulted,0,0,2026-09-01T20:30:29.296971+00:00
15668431,Box Cricket,TENNIS,past,2025-03-02T14:50:05.000Z,3003,Pune,70350,Soccer And Snooker Dhanori,1346941,"Soccer N Snooker Box Cricket League, Season 9",,2624828,Quarter Final,9112080,Full Power,26/5,9112122,EVITA Gladiators,15/5,Toss: Full Power opt to bat,11 runs,Full Power,Resulted,0,0,2026-09-01T20:30:29.296971+00:00
15674294,Limited Overs,TENNIS,past,2025-03-02T10:03:39.000Z,2947,Mumbai,552086,Crown Taloja,1362410,Violet  Premier League (VPL),,2627320,League Matches,9210047,LSG,64/5,9210045,Urja,67/2,Toss: Urja opt to field,8 wickets,Urja,Resulted,0,0,2026-09-01T20:30:29.296971+00:00
15676249,Limited Overs,TENNIS,past,2025-03-02T11:07:04.000Z,2947,Mumbai,552086,Crown Taloja,1362410,Violet  Premier League (VPL),,2627320,League Matches,9210043,Fontana Legends,24/7,9210047,LSG,25/4,Toss: LSG opt to field,6 wickets,LSG,Resulted,0,0,2026-09-01T20:30:29.296971+00:00
15681501,Box Cricket,TENNIS,past,2025-03-02T15:51:33.000Z,3003,Pune,70350,Soccer And Snooker Dhanori,1346941,"Soccer N Snooker Box Cricket League, Season 9",,2630685,Semi Final,9112080,Full Power,65/1,9164478,Honeywell Rangers1,24/2,Toss: Full Power opt to bat,41 runs,Full Power,Resulted,0,0,2026-09-01T20:30:29.296971+00:00
15682000,Box Cricket,TENNIS,past,2025-03-02T16:24:04.000Z,3003,Pune,70350,Soccer And Snooker Dhanori,1346941,"Soccer N Snooker Box Cricket League, Season 9",,2630897,Final,9112080,Full Power,26/5,9148578,Vandals,27/0,Toss: Full Power opt to bat,5 wickets,Vandals,Resulted,0,0,2026-09-01T20:30:29.296971+00:00
15685281,Limited Overs,LEATHER,past,2025-03-09T09:16:00.000Z,3003,Pune,456738,"30YCA Spark Cricket Ground, Jambhe",1241783,30YCA CricX Corporate Premier League 3.0,,2387337,League Matches,6700803,Furious Cricket Club,99/10,2765155,CricUnited XI,103/4,Toss: Furious Cricket Club opt to bat,6 wickets,CricUnited XI,Resulted,0,0,2026-09-01T20:30:29.296971+00:00
15688400,Limited Overs,LEATHER,past,2025-03-08T02:10:00.000Z,3003,Pune,427292,SILVER CRICKET ACADAMY - CHIKHALI,1141318,KPL  Match ,,2191835,Super Knockout,7525513,Team Aristo,121/10,2765155,CricUnited XI,122/1,Toss: Team Aristo opt to bat,9 wickets,CricUnited XI,Resulted,0,0,2026-09-01T20:30:29.296971+00:00
15692197,Limited Overs,LEATHER,past,2025-04-26T08:52:00.000Z,3003,Pune,14476,Silver Sports Club Chikhali,1354346,"Mahil Sports Presents
KPL Mix Corporate T20 League Season 14",,2610431,League Matches,1045940,OneTRIBE - MCP,201/6,2765155,CricUnited XI,152/9,Toss: OneTRIBE - MCP opt to bat,49 runs,OneTRIBE - MCP,Resulted,0,0,2026-09-01T20:30:29.296971+00:00
15707484,Limited Overs,TENNIS,past,2025-04-13T01:28:00.000Z,3003,Pune,313027,Spark Cricket Ground A1,,,,,,7927431,Sangria Cricket Club,180/7,9088696,Super Strikers Cricket Club(SSCC),131/6,Toss: Sangria Cricket Club opt to bat,"23 runs (DLS method - Match reduced to 14.0 overs, target 155 runs)",Sangria Cricket Club,Resulted,1,0,2026-09-01T20:30:29.296971+00:00
15707485,Box Cricket,TENNIS,past,2025-03-05T01:39:53.000Z,3003,Pune,361773,"Ranvijay Sports Club, Balewadi",1366586,TCC - 5th March 2025 league matches,,2634958,League Matches,8440012,Team Yellow Phoenix,68/5,8440020,Team Purple Panther,70/1,Toss: Team Yellow Phoenix opt to bat,4 wickets,Team Purple Panther,Resulted,0,0,2026-09-01T20:30:29.296971+00:00
15709007,Limited Overs,LEATHER,past,2025-04-06T08:29:34.000Z,3003,Pune,837481,CHANGBHALE CRICKET GROUND,1359068,BRAVEHEART - LEGEND T20 CUP SEASON 1,,2621178,Super League,9175480,Glory Cricket Club,92/10,6322106,Puneri King Club,94/4,Toss: Glory Cricket Club opt to bat,6 wickets,Puneri King Club,Resulted,0,0,2026-09-01T20:30:29.296971+00:00
15709986,Limited Overs,TENNIS,past,2025-03-05T01:40:45.000Z,2782,Chinchwad,867508,SSPL DANGECHAUK PUNE,1354136,SSPL T10  Season 01,,2609407,League Matches,9158922,ECC (SSPL T10),60/9,9158905,Shivratna CC (SSPL T10),61/1,Toss: ECC (SSPL T10) opt to bat,9 wickets,Shivratna CC (SSPL T10),Resulted,0,0,2026-09-01T20:30:29.296971+00:00
15710321,Box Cricket,TENNIS,past,2025-03-05T01:58:47.000Z,3003,Pune,361773,"Ranvijay Sports Club, Balewadi",1366586,TCC - 5th March 2025 league matches,,2634958,League Matches,8440020,Team Purple Panther,96/3,8440012,Team Yellow Phoenix,99/0,Toss: Team Purple Panther opt to bat,4 wickets,Team Yellow Phoenix,Resulted,0,0,2026-09-01T20:30:29.296971+00:00
15710491,Box Cricket,TENNIS,past,2025-03-05T02:16:13.000Z,3003,Pune,361773,"Ranvijay Sports Club, Balewadi",1366586,TCC - 5th March 2025 league matches,,2634958,League Matches,8440012,Team Yellow Phoenix,96/2,8440020,Team Purple Panther,76/3,Toss: Team Yellow Phoenix opt to bat,20 runs,Team Yellow Phoenix,Resulted,0,0,2026-09-01T20:30:29.296971+00:00
15710608,Box Cricket,TENNIS,past,2025-03-05T02:35:13.000Z,3003,Pune,361773,"Ranvijay Sports Club, Balewadi",1366586,TCC - 5th March 2025 league matches,,2634958,League Matches,8440012,Team Yellow Phoenix,49/5,8440020,Team Purple Panther,50/1,Toss: Team Yellow Phoenix opt to bat,4 wickets,Team Purple Panther,Resulted,0,0,2026-09-01T20:30:29.296971+00:00
15710711,Box Cricket,TENNIS,past,2025-03-05T02:53:00.000Z,3003,Pune,361773,"Ranvijay Sports Club, Balewadi",1366586,TCC - 5th March 2025 league matches,,2634958,League Matches,8440020,Team Purple Panther,57/3,8440012,Team Yellow Phoenix,58/2,Toss: Team Purple Panther opt to bat,3 wickets,Team Yellow Phoenix,Resulted,0,0,2026-09-01T20:30:29.296971+00:00
15712231,Limited Overs,LEATHER,past,2025-03-23T04:47:00.000Z,3003,Pune,456738,"30YCA Spark Cricket Ground, Jambhe",1241783,30YCA CricX Corporate Premier League 3.0,,2387337,League Matches,4323345,Horizons Cricket Club,116/10,3048587,Fiery Cricket Club(FCC),120/2,Toss: Horizons Cricket Club opt to bat,8 wickets,Fiery Cricket Club(FCC),Resulted,0,0,2026-09-01T20:30:29.296971+00:00
15712885,Limited Overs,LEATHER,past,2025-05-03T03:46:00.000Z,3003,Pune,837481,CHANGBHALE CRICKET GROUND,1359068,BRAVEHEART - LEGEND T20 CUP SEASON 1,,2621178,Super League,8338561,Knight Warriors Club,142/6,9175480,Glory Cricket Club,145/5,Toss: Knight Warriors Club opt to bat,5 wickets,Glory Cricket Club,Resulted,0,0,2026-09-01T20:30:29.296971+00:00
15715829,Limited Overs,LEATHER,past,2025-03-09T01:56:00.000Z,3003,Pune,427292,SILVER CRICKET ACADAMY - CHIKHALI,1141318,KPL  Match ,,2191835,Super Knockout,6085651,Top Gun Mavericks,166/10,9175480,Glory Cricket Club,124/9,Toss: Glory Cricket Club opt to field,42 runs,Top Gun Mavericks,Resulted,0,0,2026-09-01T20:30:29.296971+00:00
15716434,Limited Overs,TENNIS,past,2025-03-09T09:32:43.000Z,2000,Nipani,287103,Shrinagar cricket ground,1344677,SPL SEASON 8,,2588050,League Matches,9097737,PRATIK PANTHERS,69/2,9097732,A.P.DOMINATOR,70/4,Toss: A.P.DOMINATOR opt to field,6 wickets,A.P.DOMINATOR,Resulted,0,0,2026-09-01T20:30:29.296971+00:00
15719725,Limited Overs,TENNIS,past,2025-03-08T09:05:47.000Z,3003,Pune,681222,Rajgad Sports Academy Awhalwadi Pune,1317397,WSPL 2025 Season - III,,2533261,League Matches,8809048,DEVGAD DIAMONDS,120/5,8808832,RAJGAD RIDERS,123/2,Toss: RAJGAD RIDERS opt to field,8 wickets,RAJGAD RIDERS,Resulted,0,0,2026-09-01T20:30:29.296971+00:00
15722031,Box Cricket,TENNIS,past,2025-03-06T01:40:32.000Z,3003,Pune,361773,"Ranvijay Sports Club, Balewadi",1367886,TCC - 6th March 2025 league rounds,,2637322,League Matches,8440012,Team Yellow Phoenix,81/4,8440020,Team Purple Panther,84/2,Toss: Team Yellow Phoenix opt to bat,4 wickets,Team Purple Panther,Resulted,0,0,2026-09-01T20:30:29.296971+00:00
15723663,Box Cricket,TENNIS,past,2025-03-06T02:02:25.000Z,3003,Pune,361773,"Ranvijay Sports Club, Balewadi",1367886,TCC - 6th March 2025 league rounds,,2637322,League Matches,8440020,Team Purple Panther,123/3,8440012,Team Yellow Phoenix,105/3,Toss: Team Purple Panther opt to bat,18 runs,Team Purple Panther,Resulted,0,0,2026-09-01T20:30:29.296971+00:00
15723856,Box Cricket,TENNIS,past,2025-03-06T02:24:17.000Z,3003,Pune,361773,"Ranvijay Sports Club, Balewadi",1367886,TCC - 6th March 2025 league rounds,,2637322,League Matches,8440020,Team Purple Panther,59/3,8440012,Team Yellow Phoenix,64/2,Toss: Team Purple Panther opt to bat,3 wickets,Team Yellow Phoenix,Resulted,0,0,2026-09-01T20:30:29.296971+00:00
15723949,Box Cricket,TENNIS,past,2025-03-06T02:39:43.000Z,3003,Pune,361773,"Ranvijay Sports Club, Balewadi",1367886,TCC - 6th March 2025 league rounds,,2637322,League Matches,8440012,Team Yellow Phoenix,88/5,8440020,Team Purple Panther,91/1,Toss: Team Yellow Phoenix opt to bat,4 wickets,Team Purple Panther,Resulted,0,0,2026-09-01T20:30:29.296971+00:00
15726333,Limited Overs,TENNIS,past,2025-03-07T01:45:02.000Z,3003,Pune,334600,MCG Cricket Ground,,,,,,5146670,LR-Fearless Fighters,137/2,3782940,BLEEDBLUE XI,137/6,Toss: BLEEDBLUE XI opt to field,Tie,,Tie,0,0,2026-09-01T20:30:29.296971+00:00
15733115,Limited Overs,LEATHER,past,2025-05-04T08:43:00.000Z,3003,Pune,837481,CHANGBHALE CRICKET GROUND,1309238,BRAVEHEART PRESENT MIX CORPORATE SFS CUP SEASON 1,,2517407,Super League,2223945,Life Republic Royals,201/6,8890647,Ultimate Warriors,105/10,Toss: Life Republic Royals opt to bat,96 runs,Life Republic Royals,Resulted,0,0,2026-09-01T20:30:29.296971+00:00
15748713,Limited Overs,LEATHER,past,2025-03-30T11:45:00.000Z,3003,Pune,744485,A to Z CRICKET GROUND LAVALE,1360406,SUMMER SHEILD (S1),,2635316,League Matches,4537273,Mavericks,192/7,7333870,The Scoring Willows,136/10,Toss: Mavericks opt to bat,56 runs,Mavericks,Resulted,0,0,2026-09-01T20:30:29.296971+00:00
15752168,Limited Overs,TENNIS,past,2025-03-08T02:21:03.000Z,2796,Dehu Road,312530,VDR 4,1334368,T-20 Maitri Chashak Season 10,,2594916,League Matches,285804,Silverland SuperGiants,187/10,9139781,RISING XI S10,122/9,Toss: RISING XI S10 opt to field,65 runs,Silverland SuperGiants,Resulted,0,0,2026-09-01T20:30:29.296971+00:00
15752219,Limited Overs,TENNIS,past,2025-03-09T02:25:44.000Z,2796,Dehu Road,416418,Gavali,1334368,T-20 Maitri Chashak Season 10,,2594916,League Matches,285804,Silverland SuperGiants,240/7,9196518,Mamurdi Xl,175/10,Toss: Mamurdi Xl opt to field,65 runs,Silverland SuperGiants,Resulted,0,0,2026-09-01T20:30:29.296971+00:00
15755274,Limited Overs,TENNIS,past,2025-03-08T01:32:55.000Z,3003,Pune,813295,Sinhgad Cricket Ground Pune,,,,,,9047584,EPAM SUPER 11,102/6,8774876,Ciklum,97/5,Toss: Ciklum opt to field,5 runs,EPAM SUPER 11,Resulted,0,0,2026-09-01T20:30:29.296971+00:00
15757744,Limited Overs,TENNIS,past,2025-03-08T03:07:04.000Z,3003,Pune,848547,Sinhgaad Cricket Ground,,,,,,9047584,EPAM SUPER 11,77/7,8774876,Ciklum,81/4,Toss: EPAM SUPER 11 opt to bat,6 wickets,Ciklum,Resulted,0,0,2026-09-01T20:30:29.296971+00:00
15778754,Box Cricket,TENNIS,past,2025-03-09T05:17:02.000Z,2811,Dombivli,672276,The Midfield Arena,1372846,CRS EDITION 8,,2646709,League Matches,9274049,TURF BLASTERS,69/5,9274054,ALL STAR CHAMPIONS,70/2,Toss: ALL STAR CHAMPIONS opt to field,7 wickets,ALL STAR CHAMPIONS,Resulted,0,0,2026-09-01T20:30:29.296971+00:00
15778801,Box Cricket,TENNIS,past,2025-03-09T05:45:15.000Z,2811,Dombivli,672276,The Midfield Arena,1372846,CRS EDITION 8,,2646709,League Matches,9274057,TEAM SPARTAN WARRIORS,63/3,9274054,ALL STAR CHAMPIONS,64/1,Toss: TEAM SPARTAN WARRIORS opt to bat,8 wickets,ALL STAR CHAMPIONS,Resulted,0,0,2026-09-01T20:30:29.296971+00:00
15798653,Box Cricket,TENNIS,past,2025-03-09T09:51:00.000Z,2811,Dombivli,672276,The Midfield Arena,1372846,CRS EDITION 8,,2646709,League Matches,9274054,ALL STAR CHAMPIONS,59/4,9274062,TEAM RHINOS,58/5,Toss: TEAM RHINOS opt to field,1 run,ALL STAR CHAMPIONS,Resulted,0,0,2026-09-01T20:30:29.296971+00:00
15800864,Limited Overs,TENNIS,past,2025-03-09T09:55:40.000Z,2000,Nipani,287103,Shrinagar cricket ground,1344677,SPL SEASON 8,,2588050,League Matches,9097737,PRATIK PANTHERS,40/9,9097685,HOTEL VIRAJ,41/3,Toss: HOTEL VIRAJ opt to field,7 wickets,HOTEL VIRAJ,Resulted,0,0,2026-09-01T20:30:29.296971+00:00
15803836,Box Cricket,TENNIS,past,2025-03-09T11:51:27.000Z,2811,Dombivli,672276,The Midfield Arena,1372846,CRS EDITION 8,,2649852,Final,9274046,TEAM WARRIORS,109/2,9274054,ALL STAR CHAMPIONS,58/5,Toss: TEAM WARRIORS opt to bat,51 runs,TEAM WARRIORS,Resulted,0,0,2026-09-01T20:30:29.296971+00:00
15805003,Limited Overs,LEATHER,past,2025-03-15T03:53:00.000Z,3003,Pune,242457,Hajare Sports Club,1077758,Mahil Sports Presents KPL Mix Corporate T20 League Season 10,,2650220,Quarter Final,2841995,Phoenix AAA,94/10,2765155,CricUnited XI,97/3,Toss: CricUnited XI opt to field,7 wickets,CricUnited XI,Resulted,0,0,2026-09-01T20:30:29.296971+00:00
15820032,Limited Overs,LEATHER,past,2025-03-16T11:02:14.000Z,3003,Pune,456738,"30YCA Spark Cricket Ground, Jambhe",1251448,30YCA TItans Cup ,,2407183,League Matches,4323345,Horizons Cricket Club,69/10,6372907,Cric Panthers,70/3,Toss: Horizons Cricket Club opt to bat,7 wickets,Cric Panthers,Resulted,0,0,2026-09-01T20:30:29.296971+00:00
15825521,Limited Overs,LEATHER,past,2025-03-11T04:45:00.000Z,3003,Pune,409398,Cricthon Cricket Ground,,,,,,2545343,WALEKAR SPORTS FOUNDATION,153/10,6609377,Panthers XI,154/7,Toss: WALEKAR SPORTS FOUNDATION opt to bat,3 wickets,Panthers XI,Resulted,0,0,2026-09-01T20:30:29.296971+00:00
15870206,Limited Overs,TENNIS,past,2025-03-14T02:25:20.000Z,3003,Pune,262327,Kokate Cricket Academy,1379984,TJM Triseries ,,2661403,League Matches,6412593,Jardin Men Team,36/6,8127765,Monarch Challengers,40/2,Toss: Jardin Men Team opt to bat,8 wickets,Monarch Challengers,Resulted,0,0,2026-09-01T20:30:29.296971+00:00
15870226,Limited Overs,TENNIS,past,2025-03-14T03:05:17.000Z,3003,Pune,262327,Kokate Cricket Academy,1379984,TJM Triseries ,,2661403,League Matches,6412593,Jardin Men Team,54/5,6280216,Tranquil Sports,55/3,Toss: Tranquil Sports opt to field,7 wickets,Tranquil Sports,Resulted,0,0,2026-09-01T20:30:29.296971+00:00
15875902,Limited Overs,TENNIS,past,2025-03-16T08:44:28.000Z,2000,Nipani,287103,Shrinagar cricket ground,1344677,SPL SEASON 8,,2588050,League Matches,9097745,CAFE CELLBLOCK,82/4,9097737,PRATIK PANTHERS,74/4,Toss: PRATIK PANTHERS opt to field,8 runs,CAFE CELLBLOCK,Resulted,0,0,2026-09-01T20:30:29.296971+00:00
15875946,Limited Overs,TENNIS,past,2025-03-17T06:56:57.000Z,2000,Nipani,287103,Shrinagar cricket ground,1344677,SPL SEASON 8,,2588050,League Matches,9097726,MAHAVEER ICE CREAM,66/2,9097737,PRATIK PANTHERS,46/7,Toss: PRATIK PANTHERS opt to field,20 runs,MAHAVEER ICE CREAM,Resulted,0,0,2026-09-01T20:30:29.296971+00:00
15881560,Box Cricket,TENNIS,past,2025-03-14T13:36:10.000Z,3003,Pune,361773,"Ranvijay Sports Club, Balewadi",1380855,TCC - Holi Special league,,2663209,League Matches,8440020,Team Purple Panther,65/2,8440012,Team Yellow Phoenix,70/2,Toss: Team Purple Panther opt to bat,2 wickets,Team Yellow Phoenix,Resulted,0,0,2026-09-01T20:30:29.296971+00:00
15883365,Limited Overs,LEATHER,past,2025-03-15T08:42:00.000Z,3003,Pune,625414,22 Yard Cricket Ground Bhugaon,1334949,T25 Challenger Cup,,2663606,Final,8386073,BELIEVERS,222/6,9171084,Torna X11,58/10,Toss: BELIEVERS opt to bat,164 runs,BELIEVERS,Resulted,0,0,2026-09-01T20:30:29.296971+00:00
15885482,Box Cricket,TENNIS,past,2025-03-14T13:56:40.000Z,3003,Pune,361773,"Ranvijay Sports Club, Balewadi",1380855,TCC - Holi Special league,,2663209,League Matches,8440012,Team Yellow Phoenix,45/5,8440020,Team Purple Panther,46/2,Toss: Team Yellow Phoenix opt to bat,2 wickets,Team Purple Panther,Resulted,0,0,2026-09-01T20:30:29.296971+00:00
15885804,Box Cricket,TENNIS,past,2025-03-14T14:13:37.000Z,3003,Pune,361773,"Ranvijay Sports Club, Balewadi",1380855,TCC - Holi Special league,,2663209,League Matches,8440020,Team Purple Panther,48/3,8440012,Team Yellow Phoenix,49/2,Toss: Team Purple Panther opt to bat,2 wickets,Team Yellow Phoenix,Resulted,0,0,2026-09-01T20:30:29.296971+00:00
15886062,Box Cricket,TENNIS,past,2025-03-14T14:30:03.000Z,3003,Pune,361773,"Ranvijay Sports Club, Balewadi",1380855,TCC - Holi Special league,,2663209,League Matches,8440012,Team Yellow Phoenix,43/5,8440020,Team Purple Panther,46/2,Toss: Team Yellow Phoenix opt to bat,2 wickets,Team Purple Panther,Resulted,0,0,2026-09-01T20:30:29.296971+00:00
15886289,Box Cricket,TENNIS,past,2025-03-14T14:44:53.000Z,3003,Pune,361773,"Ranvijay Sports Club, Balewadi",1380855,TCC - Holi Special league,,2663209,League Matches,8440020,Team Purple Panther,68/2,8440012,Team Yellow Phoenix,72/2,Toss: Team Purple Panther opt to bat,2 wickets,Team Yellow Phoenix,Resulted,0,0,2026-09-01T20:30:29.296971+00:00
15886565,Box Cricket,TENNIS,past,2025-03-14T15:01:19.000Z,3003,Pune,361773,"Ranvijay Sports Club, Balewadi",1380855,TCC - Holi Special league,,2663209,League Matches,8440012,Team Yellow Phoenix,106/1,8440020,Team Purple Panther,105/1,Toss: Team Yellow Phoenix opt to bat,1 run,Team Yellow Phoenix,Resulted,0,0,2026-09-01T20:30:29.296971+00:00
15886847,Box Cricket,TENNIS,past,2025-03-14T15:19:41.000Z,3003,Pune,361773,"Ranvijay Sports Club, Balewadi",1380855,TCC - Holi Special league,,2663209,League Matches,8440012,Team Yellow Phoenix,67/0,8440020,Team Purple Panther,58/0,Toss: Team Yellow Phoenix opt to bat,9 runs,Team Yellow Phoenix,Resulted,0,0,2026-09-01T20:30:29.296971+00:00
15889125,Limited Overs,LEATHER,past,2025-03-15T07:32:00.000Z,3003,Pune,427292,SILVER CRICKET ACADAMY - CHIKHALI,1141318,KPL  Match ,,2191835,Super Knockout,9209446,RR(RUdra Royal,186/8,9175480,Glory Cricket Club,111/10,Toss: RR(RUdra Royal opt to bat,75 runs,RR(RUdra Royal,Resulted,0,0,2026-09-01T20:30:29.296971+00:00
15903837,Limited Overs,TENNIS,past,2025-03-15T11:23:25.000Z,3003,Pune,747162,Forza Cricket Ground Warje,1382423,saturday Club League ,,2666563,League Matches,9332201,Team Nachiket,88/3,9332208,Team Neekhil,58/5,Toss: Team Neekhil opt to field,30 runs,Team Nachiket,Resulted,0,0,2026-09-01T20:30:29.296971+00:00
15905452,Limited Overs,TENNIS,past,2025-03-15T12:57:31.000Z,3003,Pune,747162,Forza Cricket Ground Warje,1382423,saturday Club League ,,2666563,League Matches,9332208,Team Neekhil,37/8,9332183,SNCC,39/0,Toss: SNCC opt to field,7 wickets,SNCC,Resulted,0,0,2026-09-01T20:30:29.296971+00:00
15906067,Limited Overs,TENNIS,past,2025-03-15T13:34:21.000Z,3003,Pune,747162,Forza Cricket Ground Warje,1382423,saturday Club League ,,2666563,League Matches,9332198,Enclave,42/8,9332208,Team Neekhil,46/3,Toss: Team Neekhil opt to field,4 wickets,Team Neekhil,Resulted,0,0,2026-09-01T20:30:29.296971+00:00
15932749,Box Cricket,TENNIS,past,2025-03-16T14:03:00.000Z,3003,Pune,70350,Soccer And Snooker Dhanori,1384068,SUNDAY CHAMPIONSHIP,,2670521,League Matches,4046863,HINDAVI SWARAJYA,42/2,9343908,Champions,43/1,Toss: HINDAVI SWARAJYA opt to bat,4 wickets,Champions,Resulted,0,0,2026-09-01T20:30:29.296971+00:00
15932791,Box Cricket,TENNIS,past,2025-03-16T14:27:43.000Z,3003,Pune,70350,Soccer And Snooker Dhanori,1384068,SUNDAY CHAMPIONSHIP,,2670521,League Matches,4046863,HINDAVI SWARAJYA,46/3,9343347,Peter Warriors,39/1,Toss: Peter Warriors opt to field,7 runs,HINDAVI SWARAJYA,Resulted,0,0,2026-09-01T20:30:29.296971+00:00
15932838,Box Cricket,TENNIS,past,2025-03-16T15:19:18.000Z,3003,Pune,70350,Soccer And Snooker Dhanori,1384068,SUNDAY CHAMPIONSHIP,,2670521,League Matches,4046863,HINDAVI SWARAJYA,56/2,9343908,Champions,22/4,Toss: HINDAVI SWARAJYA opt to bat,34 runs,HINDAVI SWARAJYA,Resulted,0,0,2026-09-01T20:30:29.296971+00:00
15941414,Box Cricket,TENNIS,past,2025-03-16T15:46:58.000Z,3003,Pune,70350,Soccer And Snooker Dhanori,1384068,SUNDAY CHAMPIONSHIP,,2672051,Final,4046863,HINDAVI SWARAJYA,52/4,9343347,Peter Warriors,53/0,Toss: HINDAVI SWARAJYA opt to bat,5 wickets,Peter Warriors,Resulted,0,0,2026-09-01T20:30:29.296971+00:00
15953403,Limited Overs,LEATHER,past,2025-03-23T08:04:00.000Z,3003,Pune,837481,CHANGBHALE CRICKET GROUND,1309238,BRAVEHEART PRESENT MIX CORPORATE SFS CUP SEASON 1,,2517407,Super League,6700803,Furious Cricket Club,176/7,2223945,Life Republic Royals,177/6,Toss: Furious Cricket Club opt to bat,4 wickets,Life Republic Royals,Resulted,0,0,2026-09-01T20:30:29.296971+00:00
15964325,Limited Overs,TENNIS,past,2025-03-23T05:41:22.000Z,2000,Nipani,287103,Shrinagar cricket ground,1344677,SPL SEASON 8,,2588050,League Matches,9097737,PRATIK PANTHERS,93/2,9097679,A.K.SIXERS,73/7,Toss: PRATIK PANTHERS opt to bat,20 runs,PRATIK PANTHERS,Resulted,0,0,2026-09-01T20:30:29.296971+00:00
15964392,Limited Overs,TENNIS,past,2025-03-23T07:41:39.000Z,2000,Nipani,287103,Shrinagar cricket ground,1344677,SPL SEASON 8,,2588050,League Matches,9097685,HOTEL VIRAJ,67/7,9097737,PRATIK PANTHERS,68/3,Toss: PRATIK PANTHERS opt to field,6 wickets,PRATIK PANTHERS,Resulted,0,0,2026-09-01T20:30:29.296971+00:00
15968913,Box Cricket,TENNIS,past,2025-03-18T16:47:43.000Z,3003,Pune,361773,"Ranvijay Sports Club, Balewadi",1387386,TCC - 18 Mar 2025 night league rounds,,2676723,League Matches,8440020,Team Purple Panther,101/3,8440012,Team Yellow Phoenix,105/4,Toss: Team Purple Panther opt to bat,3 wickets,Team Yellow Phoenix,Resulted,0,0,2026-09-01T20:30:29.296971+00:00
15972567,Box Cricket,TENNIS,past,2025-03-18T17:10:41.000Z,3003,Pune,361773,"Ranvijay Sports Club, Balewadi",1387386,TCC - 18 Mar 2025 night league rounds,,2676723,League Matches,8440012,Team Yellow Phoenix,74/6,8440020,Team Purple Panther,77/4,Toss: Team Yellow Phoenix opt to bat,3 wickets,Team Purple Panther,Resulted,0,0,2026-09-01T20:30:29.296971+00:00
15972878,Box Cricket,TENNIS,past,2025-03-18T17:33:46.000Z,3003,Pune,361773,"Ranvijay Sports Club, Balewadi",1387386,TCC - 18 Mar 2025 night league rounds,,2676723,League Matches,8440020,Team Purple Panther,84/7,8440012,Team Yellow Phoenix,75/5,Toss: Team Purple Panther opt to bat,9 runs,Team Purple Panther,Resulted,0,0,2026-09-01T20:30:29.296971+00:00
15974812,Limited Overs,TENNIS,past,2025-03-19T01:56:54.000Z,3003,Pune,97616,SSPL DANGECHAUK,1354136,SSPL T10  Season 01,,2609407,League Matches,9158905,Shivratna CC (SSPL T10),59/10,5454073,Shree Chhatrappati,61/4,Toss: Shivratna CC (SSPL T10) opt to bat,6 wickets,Shree Chhatrappati,Resulted,0,0,2026-09-01T20:30:29.296971+00:00
15978630,Limited Overs,TENNIS,past,2025-03-22T06:01:49.000Z,3003,Pune,625414,22 Yard Cricket Ground Bhugaon,1354406,VANSH SPORTS CRICKET TOURNAMENT SEASON 2,,2659181,League Matches,5961320,The Game Changers,106/5,6830244,IVORY STRIKERS,110/7,Toss: The Game Changers opt to bat,3 wickets,IVORY STRIKERS,Resulted,0,0,2026-09-01T20:30:29.296971+00:00
15979510,Box Cricket,TENNIS,past,2025-03-23T10:00:47.000Z,3003,Pune,70350,Soccer And Snooker Dhanori,1385727,SOCCER N SNOOKER - BOX CRICKET LEAGUE ,,2678423,League Matches,9114854,Rising Stars,40/4,4046863,HINDAVI SWARAJYA,43/1,Toss: Rising Stars opt to bat,4 wickets,HINDAVI SWARAJYA,Resulted,0,0,2026-09-01T20:30:29.296971+00:00
15979528,Box Cricket,TENNIS,past,2025-03-23T10:51:46.000Z,3003,Pune,70350,Soccer And Snooker Dhanori,1385727,SOCCER N SNOOKER - BOX CRICKET LEAGUE ,,2678423,League Matches,4046863,HINDAVI SWARAJYA,66/3,9019924,Crease Hunters (Gopal),43/5,Toss: Crease Hunters (Gopal) opt to field,23 runs,HINDAVI SWARAJYA,Resulted,0,0,2026-09-01T20:30:29.296971+00:00
15979539,Box Cricket,TENNIS,past,2025-03-23T11:15:08.000Z,3003,Pune,70350,Soccer And Snooker Dhanori,1385727,SOCCER N SNOOKER - BOX CRICKET LEAGUE ,,2678423,League Matches,9151925,Aero Super Strikers,27/5,4046863,HINDAVI SWARAJYA,28/2,Toss: Aero Super Strikers opt to bat,3 wickets,HINDAVI SWARAJYA,Resulted,0,0,2026-09-01T20:30:29.296971+00:00
15993434,Limited Overs,TENNIS,past,2025-03-22T09:23:12.000Z,3003,Pune,625414,22 Yard Cricket Ground Bhugaon,1354406,VANSH SPORTS CRICKET TOURNAMENT SEASON 2,,2659181,League Matches,8702871,Hyster Yale Falcons,143/5,6830244,IVORY STRIKERS,97/10,Toss: Hyster Yale Falcons opt to bat,46 runs,Hyster Yale Falcons,Resulted,0,0,2026-09-01T20:30:29.296971+00:00
16021905,Limited Overs,TENNIS,past,2025-03-22T02:06:12.000Z,2796,Dehu Road,416418,Gavali,1334368,T-20 Maitri Chashak Season 10,,2594916,League Matches,285804,Silverland SuperGiants,221/7,3374964,STRIKERS,196/6,Toss: STRIKERS opt to field,25 runs,Silverland SuperGiants,Resulted,0,0,2026-09-01T20:30:29.296971+00:00
16025032,Limited Overs,TENNIS,past,2025-03-23T11:21:05.000Z,3003,Pune,796471,Elpro International School,1392403,Hinjewadi Premier League ,,2685681,League Matches,9393759,Godrej Elements,55/3,9393642,Shivneri Strikers,28/7,Toss: Shivneri Strikers opt to field,27 runs,Godrej Elements,Resulted,0,0,2026-09-01T20:30:29.296971+00:00
16025066,Limited Overs,TENNIS,past,2025-03-23T12:16:19.000Z,3003,Pune,796471,Elpro International School,1392403,Hinjewadi Premier League ,,2685681,League Matches,9393759,Godrej Elements,52/7,9393666,Falcon Fighters,27/7,Toss: Godrej Elements opt to bat,25 runs,Godrej Elements,Resulted,0,0,2026-09-01T20:30:29.296971+00:00
16025092,Limited Overs,TENNIS,past,2025-03-29T03:35:09.000Z,3003,Pune,796471,Elpro International School,1392403,Hinjewadi Premier League ,,2685681,League Matches,9393667,Ashok Meadows,53/5,9393759,Godrej Elements,59/4,Toss: Godrej Elements opt to field,3 wickets,Godrej Elements,Resulted,0,0,2026-09-01T20:30:29.296971+00:00
16047211,Limited Overs,LEATHER,past,2025-03-22T15:39:00.000Z,3003,Pune,487908,Achievers Cricket Ground,,,,,,8939988,TestB,194/8,8939972,Test A,161/6,Toss: TestB opt to bat,33 runs,TestB,Resulted,0,0,2026-09-01T20:30:29.296971+00:00
16067859,Limited Overs,TENNIS,past,2025-03-25T13:46:50.000Z,3003,Pune,313027,Spark Cricket Ground A1,,,,,,5146670,LR-Fearless Fighters,153/8,6045771,United 11,112/10,Toss: LR-Fearless Fighters opt to bat,41 runs,LR-Fearless Fighters,Resulted,0,0,2026-09-01T20:30:29.296971+00:00
16077808,Limited Overs,TENNIS,past,2025-03-24T01:38:02.000Z,3003,Pune,773490,Cricket Heaven Sports Club,,,,,,6315907,The Yoddhas,179/8,5146670,LR-Fearless Fighters,184/7,Toss: The Yoddhas opt to bat,3 wickets,LR-Fearless Fighters,Resulted,0,0,2026-09-01T20:30:29.296971+00:00
16081511,Box Cricket,TENNIS,past,2025-03-23T15:19:13.000Z,3003,Pune,70350,Soccer And Snooker Dhanori,1385727,SOCCER N SNOOKER - BOX CRICKET LEAGUE ,,2694074,Semi Final,9359255,Atlantis Chase Masters,51/3,4046863,HINDAVI SWARAJYA,38/4,Toss: HINDAVI SWARAJYA opt to field,13 runs,Atlantis Chase Masters,Resulted,0,0,2026-09-01T20:30:29.296971+00:00
16119405,Limited Overs,TENNIS,past,2025-03-27T01:36:29.000Z,3003,Pune,766870,Cricket Haven Sport Club,,,,,,5063512,LR Kings,135/9,5146670,LR-Fearless Fighters,138/4,Toss: LR Kings opt to bat,6 wickets,LR-Fearless Fighters,Resulted,0,0,2026-09-01T20:30:29.296971+00:00
16120478,Limited Overs,TENNIS,past,2025-03-29T02:30:25.000Z,2796,Dehu Road,416418,Gavali,1334368,T-20 Maitri Chashak Season 10,,2594916,League Matches,285804,Silverland SuperGiants,185/8,9120673,Shree Samarth Society Kiwale,162/9,Toss: Shree Samarth Society Kiwale opt to field,23 runs,Silverland SuperGiants,Resulted,0,0,2026-09-01T20:30:29.296971+00:00
16129440,Limited Overs,LEATHER,past,2025-03-30T05:43:01.000Z,3003,Pune,427292,SILVER CRICKET ACADAMY - CHIKHALI,1141318,KPL  Match ,,2191835,Super Knockout,9233052,Amravati Warriors (PM),175/9,9175480,Glory Cricket Club,124/10,Toss: Amravati Warriors (PM) opt to bat,51 runs,Amravati Warriors (PM),Resulted,0,0,2026-09-01T20:30:29.296971+00:00
16142350,Limited Overs,LEATHER,past,2025-04-20T02:48:00.000Z,3003,Pune,766870,Cricket Haven Sport Club,1151797,Morning King Cricket Tournament ,,2704085,Final,7889026,Dynamite Xl,143/9,6356807,Cap Crusaders,103/10,Toss: Cap Crusaders opt to field,40 runs,Dynamite Xl,Resulted,0,0,2026-09-01T20:30:29.296971+00:00
16143977,Limited Overs,TENNIS,past,2025-03-29T06:14:43.000Z,3003,Pune,625414,22 Yard Cricket Ground Bhugaon,1354406,VANSH SPORTS CRICKET TOURNAMENT SEASON 2,,2659181,League Matches,6725239,"CHHATRAPATI WARRIORS,Pune.",149/7,6830244,IVORY STRIKERS,154/7,"Toss: CHHATRAPATI WARRIORS,Pune. opt to bat",3 wickets,IVORY STRIKERS,Resulted,0,0,2026-09-01T20:30:29.296971+00:00
16159435,Limited Overs,TENNIS,past,2025-03-29T02:04:56.000Z,3003,Pune,202748,Hadapsar Gliding Center,,,,,,9177072,Temba Bavuma Lovers,80/8,9415798,Ashtavinayak Cricket Club,Yet to bat,Toss: Temba Bavuma Lovers opt to bat,Abandoned,,Abandoned,0,0,2026-09-01T20:30:29.296971+00:00
16168709,Limited Overs,TENNIS,past,2025-03-29T10:43:16.000Z,3003,Pune,796471,Elpro International School,1392403,Hinjewadi Premier League ,,2686061,Semi Final,9393759,Godrej Elements,25/7,9393754,Deadly Boys,28/1,Toss: Godrej Elements opt to bat,6 wickets,Deadly Boys,Resulted,0,0,2026-09-01T20:30:29.296971+00:00
16170268,Limited Overs,TENNIS,past,2025-03-29T05:36:34.000Z,3003,Pune,583105,Dange Chowk T20 League Ground -01,1396563,DCTL Season 16 ,,2705992,League Matches,9461923,Supernova,75/10,4490268,PAILWAN CRICKET CLUB,81/3,Toss: Supernova opt to bat,7 wickets,PAILWAN CRICKET CLUB,Resulted,0,0,2026-09-01T20:30:29.296971+00:00
16178550,Limited Overs,TENNIS,past,2025-03-29T11:58:38.000Z,3003,Pune,796471,Elpro International School,1392403,Hinjewadi Premier League ,,2709281,Third Position,9393687,Viratians,115/6,9393759,Godrej Elements,23/7,Toss: Viratians opt to bat,92 runs,Viratians,Resulted,0,0,2026-09-01T20:30:29.296971+00:00
16205440,Limited Overs,TENNIS,past,2025-03-30T09:06:00.000Z,3003,Pune,854287,Dange Chowk T20 League Ground-05,1396563,DCTL Season 16 ,,2705992,League Matches,9461923,Supernova,183/9,886570,Thergaon CC (DCTL-18),184/6,Toss: Supernova opt to bat,4 wickets,Thergaon CC (DCTL-18),Resulted,0,0,2026-09-01T20:30:29.296971+00:00
16208990,Limited Overs,TENNIS,past,2025-03-30T10:19:38.000Z,2000,Nipani,287103,Shrinagar cricket ground,1344677,SPL SEASON 8,,2713184,Qualifier  2,9097726,MAHAVEER ICE CREAM,89/3,9097737,PRATIK PANTHERS,63/7,Toss: MAHAVEER ICE CREAM opt to bat,26 runs,MAHAVEER ICE CREAM,Resulted,0,0,2026-09-01T20:30:29.296971+00:00
16218270,Limited Overs,LEATHER,past,2025-04-05T03:52:00.000Z,3003,Pune,242457,Hajare Sports Club,1077758,Mahil Sports Presents KPL Mix Corporate T20 League Season 10,,2714886,Semi Final,2765155,CricUnited XI,176/3,886868,EXCEL XI(ICL),129/10,Toss: EXCEL XI(ICL) opt to field,47 runs,CricUnited XI,Resulted,0,0,2026-09-01T20:30:29.296971+00:00
16224580,Limited Overs,LEATHER,past,2025-04-06T04:12:04.000Z,3003,Pune,456738,"30YCA Spark Cricket Ground, Jambhe",1400320,30YCA Summer Shield 3.O,,2703125,League Matches,4575293,STALLION STRIKERS,204/8,4323345,Horizons Cricket Club,125/6,Toss: Horizons Cricket Club opt to field,79 runs,STALLION STRIKERS,Resulted,0,0,2026-09-01T20:30:29.296971+00:00
16225729,Limited Overs,TENNIS,past,2025-03-31T16:08:08.000Z,3003,Pune,876792,Swargiya Lata Mangeshkar Kridangan,1374776,BBSM 2025 (Season 4),,2657074,Super Knockout,9031090,Jardin Society Mens Team,55/3,6417466,Mount Unique Residences - Mens,57/4,Toss: Mount Unique Residences - Mens opt to field,6 wickets,Mount Unique Residences - Mens,Resulted,0,0,2026-09-01T20:30:29.296971+00:00
16245592,Limited Overs,TENNIS,past,2025-04-02T01:31:58.000Z,3003,Pune,177277,Spark A2 Ground,,,,,,3413400,Crazy Cricketers,219/7,1752006,Eela Rockstar,179/7,Toss: Eela Rockstar opt to field,40 runs,Crazy Cricketers,Resulted,0,0,2026-09-01T20:30:29.296971+00:00
16259292,Limited Overs,LEATHER,past,2025-04-25T13:52:00.000Z,3003,Pune,282913,Cricathon Cricket Ground,1288976,Cricathon Night Weekend S4 T20,,2487580,League Matches,6914624,Elites 11,190/6,109207,eQ Technologic Pune,113/10,Toss: Elites 11 opt to bat,77 runs,Elites 11,Resulted,0,0,2026-09-01T20:30:29.296971+00:00
16267423,Limited Overs,TENNIS,past,2025-04-05T01:39:00.000Z,2796,Dehu Road,94172,jolly,1334368,T-20 Maitri Chashak Season 10,,2722284,Quarter Final,5146670,LR Fearless Fighters,144/9,285804,Silverland SuperGiants,145/2,Toss: LR Fearless Fighters opt to bat,8 wickets,Silverland SuperGiants,Resulted,0,0,2026-09-01T20:30:29.296971+00:00
16272741,Limited Overs,LEATHER,past,2025-04-02T13:48:00.000Z,3003,Pune,282913,Cricathon Cricket Ground,,,,,,6914624,Elites 11,235/6,2141371,Cricathon Sports Club,46/10,Toss: Elites 11 opt to bat,189 runs,Elites 11,Resulted,0,0,2026-09-01T20:30:29.296971+00:00
16276212,Box Cricket,TENNIS,past,2025-04-05T03:58:44.000Z,3003,Pune,543598,SK Sports Club,1410682,ESG Cricket Tournament Season 4 - 2025,,2723526,League Matches,6711477,Elementa Cheetahs 3.0,81/3,7765669,Elementa Royal Tigers ESG-4,45/5,Toss: Elementa Royal Tigers ESG-4 opt to field,36 runs,Elementa Cheetahs 3.0,Resulted,0,0,2026-09-01T20:30:29.296971+00:00
16276278,Box Cricket,TENNIS,past,2025-04-06T03:09:50.000Z,3003,Pune,543598,SK Sports Club,1410682,ESG Cricket Tournament Season 4 - 2025,,2723526,League Matches,6700489,Elementa Leopards,84/4,7765669,Elementa Royal Tigers ESG-4,40/3,Toss: Elementa Leopards opt to bat,44 runs,Elementa Leopards,Resulted,0,0,2026-09-01T20:30:29.296971+00:00
16276315,Box Cricket,TENNIS,past,2025-04-12T01:31:50.000Z,3003,Pune,543598,SK Sports Club,1410682,ESG Cricket Tournament Season 4 - 2025,,2723526,League Matches,7765669,Elementa Royal Tigers ESG-4,97/2,9490406,Elementa Panthers ESG-4,87/6,Toss: Elementa Royal Tigers ESG-4 opt to bat,10 runs,Elementa Royal Tigers ESG-4,Resulted,0,0,2026-09-01T20:30:29.296971+00:00
16285960,Box Cricket,TENNIS,past,2025-04-05T06:57:41.000Z,3003,Pune,70350,Soccer And Snooker Dhanori,1398034,Soccer N Snooker Box Cricket League - Season 10,,2722541,League Matches,4046863,HINDAVI SWARAJYA,47/1,9442636,The Spartans,27/5,Toss: HINDAVI SWARAJYA opt to bat,20 runs,HINDAVI SWARAJYA,Resulted,0,0,2026-09-01T20:30:29.296971+00:00
16285983,Box Cricket,TENNIS,past,2025-04-05T08:21:14.000Z,3003,Pune,70350,Soccer And Snooker Dhanori,1398034,Soccer N Snooker Box Cricket League - Season 10,,2722541,League Matches,4046863,HINDAVI SWARAJYA,70/3,9019924,Crease Hunters (Gopal),29/6,Toss: HINDAVI SWARAJYA opt to bat,41 runs,HINDAVI SWARAJYA,Resulted,0,0,2026-09-01T20:30:29.296971+00:00
16286011,Box Cricket,TENNIS,past,2025-04-05T08:00:34.000Z,3003,Pune,70350,Soccer And Snooker Dhanori,1398034,Soccer N Snooker Box Cricket League - Season 10,,2722541,League Matches,9514210,Atlantis Strikers,39/3,4046863,HINDAVI SWARAJYA,40/1,Toss: Atlantis Strikers opt to bat,5 wickets,HINDAVI SWARAJYA,Resulted,0,0,2026-09-01T20:30:29.296971+00:00
16286033,Box Cricket,TENNIS,past,2025-04-05T06:30:42.000Z,3003,Pune,70350,Soccer And Snooker Dhanori,1398034,Soccer N Snooker Box Cricket League - Season 10,,2722541,League Matches,4046863,HINDAVI SWARAJYA,44/3,9457719,Paratroopers,22/6,Toss: Paratroopers opt to field,22 runs,HINDAVI SWARAJYA,Resulted,0,0,2026-09-01T20:30:29.296971+00:00
16286049,Box Cricket,TENNIS,past,2025-04-05T09:08:28.000Z,3003,Pune,70350,Soccer And Snooker Dhanori,1398034,Soccer N Snooker Box Cricket League - Season 10,,2722541,League Matches,9112088,Evita United Box Cricket Team,36/3,4046863,HINDAVI SWARAJYA,39/1,Toss: Evita United Box Cricket Team opt to bat,5 wickets,HINDAVI SWARAJYA,Resulted,0,0,2026-09-01T20:30:29.296971+00:00
16286060,Box Cricket,TENNIS,past,2025-04-05T09:55:10.000Z,3003,Pune,70350,Soccer And Snooker Dhanori,1398034,Soccer N Snooker Box Cricket League - Season 10,,2722541,League Matches,4046863,HINDAVI SWARAJYA,80/2,9471223,G.N.T.C.C,33/6,Toss: G.N.T.C.C opt to field,47 runs,HINDAVI SWARAJYA,Resulted,0,0,2026-09-01T20:30:29.296971+00:00
16288621,Limited Overs,TENNIS,past,2025-04-06T03:59:00.000Z,3003,Pune,59762,Barne Academy Ground Pusane,1411580,Friendship Cup - League 4 - 6th April 2025,,2725451,League Matches,2681274,Khadki Royals,80/6,603833,Sinhagad Mavla,51/6,Toss: Sinhagad Mavla opt to field,29 runs,Khadki Royals,Resulted,0,0,2026-09-01T20:30:29.296971+00:00
16288671,Limited Overs,TENNIS,past,2025-04-06T07:56:43.000Z,3003,Pune,59762,Barne Academy Ground Pusane,1411580,Friendship Cup - League 4 - 6th April 2025,,2725451,League Matches,2681274,Khadki Royals,51/8,6229382,AV Smashers,52/2,Toss: AV Smashers opt to field,8 wickets,AV Smashers,Resulted,0,0,2026-09-01T20:30:29.296971+00:00
16288711,Limited Overs,TENNIS,past,2025-04-06T10:13:03.000Z,3003,Pune,59762,Barne Academy Ground Pusane,1411580,Friendship Cup - League 4 - 6th April 2025,,2725451,League Matches,2681274,Khadki Royals,73/5,4089065,Komti Warriors,74/6,Toss: Khadki Royals opt to bat,4 wickets,Komti Warriors,Resulted,0,0,2026-09-01T20:30:29.296971+00:00
16289416,Limited Overs,LEATHER,past,2025-04-09T14:22:06.000Z,3003,Pune,282913,Cricathon Cricket Ground,1263531,Cricathon Night Weekday T20 Tournament S3,,2452894,League Matches,6914624,Elites 11,142/10,8429636,Thunder Titans CC,145/9,Toss: Elites 11 opt to bat,1 wicket,Thunder Titans CC,Resulted,0,0,2026-09-01T20:30:29.296971+00:00
16308651,Limited Overs,TENNIS,past,2025-04-05T09:19:16.000Z,3003,Pune,262327,Kokate Cricket Academy,1354406,VANSH SPORTS CRICKET TOURNAMENT SEASON 2,,2659181,League Matches,8170266,Pashan Avengers,247/2,6830244,IVORY STRIKERS,85/10,Toss: IVORY STRIKERS opt to field,162 runs,Pashan Avengers,Resulted,0,0,2026-09-01T20:30:29.296971+00:00
16320840,Limited Overs,TENNIS,past,2025-04-05T03:29:00.000Z,2964,Nashik,204127,"BYK COLLEGE, NASIK",1414347,BRAHMAN Premier league Ground Season 1,,2730206,League Matches,9541059,Sagar Motors,45/9,9541055,Alpha Royals,47/1,Toss: Alpha Royals opt to field,9 wickets,Alpha Royals,Resulted,0,0,2026-09-01T20:30:29.296971+00:00
16327238,Limited Overs,TENNIS,past,2025-04-05T07:46:19.000Z,2964,Nashik,204127,"BYK COLLEGE, NASIK",1414347,BRAHMAN Premier league Ground Season 1,,2730206,League Matches,9541049,SP Peshwa,92/5,9541059,Sagar Motors,74/4,Toss: Sagar Motors opt to field,18 runs,SP Peshwa,Resulted,0,0,2026-09-01T20:30:29.296971+00:00
16330554,Limited Overs,TENNIS,past,2025-04-05T10:12:13.000Z,2964,Nashik,204127,"BYK COLLEGE, NASIK",1414347,BRAHMAN Premier league Ground Season 1,,2730206,League Matches,9541059,Sagar Motors,81/4,9541053,Incredibles,85/0,Toss: Sagar Motors opt to bat,10 wickets,Incredibles,Resulted,0,0,2026-09-01T20:30:29.296971+00:00
16330672,Limited Overs,TENNIS,past,2025-04-06T01:10:23.000Z,2955,Nagpur,791322,Pawanbhumi,,,,,,9216642,Mighty Mavericks,106/10,9371928,Mighty Mavericks 2.0,93/11,Toss: Mighty Mavericks opt to bat,13 runs,Mighty Mavericks,Resulted,0,0,2026-09-01T20:30:29.296971+00:00
16332432,Box Cricket,TENNIS,past,2025-04-05T15:37:46.000Z,3003,Pune,70350,Soccer And Snooker Dhanori,1398034,Soccer N Snooker Box Cricket League - Season 10,,2732078,Qualifier 1,9442636,The Spartans,12/5,4046863,HINDAVI SWARAJYA,15/0,Toss: The Spartans opt to bat,6 wickets,HINDAVI SWARAJYA,Resulted,0,0,2026-09-01T20:30:29.296971+00:00
16339747,Box Cricket,TENNIS,past,2025-04-05T16:43:03.000Z,3003,Pune,70350,Soccer And Snooker Dhanori,1398034,Soccer N Snooker Box Cricket League - Season 10,,2733285,Final,9112088,Evita United Box Cricket Team,24/4,4046863,HINDAVI SWARAJYA,25/0,Toss: HINDAVI SWARAJYA opt to field,6 wickets,HINDAVI SWARAJYA,Resulted,0,0,2026-09-01T20:30:29.296971+00:00
16344527,Limited Overs,TENNIS,past,2025-04-06T02:51:38.000Z,2955,Nagpur,791322,Pawanbhumi,,,,,,9216642,Mighty Mavericks,125/11,9478542,Ashish 11,126/5,Toss: Mighty Mavericks opt to bat,5 wickets,Ashish 11,Resulted,0,0,2026-09-01T20:30:29.296971+00:00
16351023,Limited Overs,TENNIS,past,2025-04-06T02:50:54.000Z,2964,Nashik,204127,"BYK COLLEGE, NASIK",1414347,BRAHMAN Premier league Ground Season 1,,2730206,League Matches,9541050,SK Engravers,59/1,9541059,Sagar Motors,61/1,Toss: Sagar Motors opt to field,9 wickets,Sagar Motors,Resulted,0,0,2026-09-01T20:30:29.296971+00:00
16357203,Limited Overs,TENNIS,past,2025-04-06T05:02:21.000Z,2964,Nashik,204127,"BYK COLLEGE, NASIK",1414347,BRAHMAN Premier league Ground Season 1,,2730206,League Matches,9541059,Sagar Motors,71/1,9541048,JJ Royals,56/7,Toss: JJ Royals opt to field,15 runs,Sagar Motors,Resulted,0,0,2026-09-01T20:30:29.296971+00:00
16374842,Limited Overs,TENNIS,past,2025-04-17T17:06:00.000Z,3003,Pune,282913,Cricathon Cricket Ground,,,,,,9563285,Madhukosh Panthers,132/6,7126437,Rising Champions,134/5,Toss: Madhukosh Panthers opt to bat,5 wickets,Rising Champions,Resulted,0,0,2026-09-01T20:30:29.296971+00:00
16379633,Limited Overs,LEATHER,past,2025-04-13T08:58:00.000Z,3003,Pune,427292,SILVER CRICKET ACADAMY - CHIKHALI,1077758,Mahil Sports Presents KPL Mix Corporate T20 League Season 10,,2738848,Final,2765155,CricUnited XI,62/10,8043630,Talentmatics Staffing,64/3,Toss: CricUnited XI opt to bat,7 wickets,Talentmatics Staffing,Resulted,0,0,2026-09-01T20:30:29.296971+00:00
16388826,Limited Overs,LEATHER,past,2025-04-13T05:22:00.000Z,3003,Pune,427292,SILVER CRICKET ACADAMY - CHIKHALI,1141318,KPL  Match ,,2191835,Super Knockout,9175480,Glory Cricket Club,154/7,9242281,Thermax 11,135/6,Toss: Thermax 11 opt to field,19 runs,Glory Cricket Club,Resulted,0,0,2026-09-01T20:30:29.296971+00:00
16410586,Box Cricket,TENNIS,past,2025-04-08T16:20:42.000Z,3003,Pune,459034,Runvijays Sports Club,1420596,TCC- 08 April cricket league ,,2743536,League Matches,8440012,Team Yellow Phoenix,80/5,8440020,Team Purple Panther,81/1,Toss: Team Yellow Phoenix opt to bat,6 wickets,Team Purple Panther,Resulted,0,0,2026-09-01T20:30:29.296971+00:00
16411097,Box Cricket,TENNIS,past,2025-04-08T16:41:50.000Z,3003,Pune,459034,Runvijays Sports Club,1420596,TCC- 08 April cricket league ,,2743536,League Matches,8440020,Team Purple Panther,66/4,8440012,Team Yellow Phoenix,69/3,Toss: Team Purple Panther opt to bat,3 wickets,Team Yellow Phoenix,Resulted,0,0,2026-09-01T20:30:29.296971+00:00
16411311,Box Cricket,TENNIS,past,2025-04-08T16:59:31.000Z,3003,Pune,459034,Runvijays Sports Club,1420596,TCC- 08 April cricket league ,,2743536,League Matches,8440012,Team Yellow Phoenix,103/2,8440020,Team Purple Panther,91/3,Toss: Team Yellow Phoenix opt to bat,12 runs,Team Yellow Phoenix,Resulted,0,0,2026-09-01T20:30:29.296971+00:00
16411570,Box Cricket,TENNIS,past,2025-04-08T17:23:19.000Z,3003,Pune,459034,Runvijays Sports Club,1420596,TCC- 08 April cricket league ,,2743536,League Matches,8440012,Team Yellow Phoenix,95/5,8440020,Team Purple Panther,84/4,Toss: Team Yellow Phoenix opt to bat,11 runs,Team Yellow Phoenix,Resulted,0,0,2026-09-01T20:30:29.296971+00:00
16412066,Box Cricket,TENNIS,past,2025-04-08T17:45:37.000Z,3003,Pune,459034,Runvijays Sports Club,1420596,TCC- 08 April cricket league ,,2743536,League Matches,8440012,Team Yellow Phoenix,71/2,8440020,Team Purple Panther,73/1,Toss: Team Yellow Phoenix opt to bat,6 wickets,Team Purple Panther,Resulted,0,0,2026-09-01T20:30:29.296971+00:00
16421070,Limited Overs,LEATHER,past,2025-04-26T08:13:56.000Z,3003,Pune,837481,CHANGBHALE CRICKET GROUND,1309238,BRAVEHEART PRESENT MIX CORPORATE SFS CUP SEASON 1,,2517407,Super League,2223945,Life Republic Royals,147/10,2694211,Old Monks,120/10,Toss: Old Monks opt to field,27 runs,Life Republic Royals,Resulted,0,0,2026-09-01T20:30:29.296971+00:00
16437832,Limited Overs,TENNIS,past,2025-04-16T01:18:48.000Z,3003,Pune,170974,RSP Cricket Ground,,,,,,9597936,Pasaydan Sports Club,47/6,9596787,Ace Aastha Society,50/3,Toss: Pasaydan Sports Club opt to bat,7 wickets,Ace Aastha Society,Resulted,0,0,2026-09-01T20:30:29.296971+00:00
16447365,Limited Overs,LEATHER,past,2025-04-20T06:09:00.000Z,3003,Pune,282913,Cricathon Cricket Ground,1187852,Cricathon Premier League Season 3,,2401653,League Matches,1878875,PCC,136/6,6914624,Elites 11,138/5,Toss: PCC opt to bat,5 wickets,Elites 11,Resulted,0,0,2026-09-01T20:30:29.296971+00:00
16450620,Limited Overs,LEATHER,past,2025-04-11T02:18:03.000Z,3003,Pune,59337,Sportsage Cricket Ground,,,,,,522823,Sportsage Cricket Club,190/9,3834401,Sportsage Corp A,118/10,Toss: Sportsage Cricket Club opt to bat,72 runs,Sportsage Cricket Club,Resulted,0,0,2026-09-01T20:30:29.296971+00:00
16455094,Limited Overs,TENNIS,past,2025-04-13T02:10:19.000Z,2796,Dehu Road,94172,jolly,1334368,T-20 Maitri Chashak Season 10,,2750104,Semi Final,9196518,Mamurdi Xl,190/9,285804,Silverland SuperGiants,178/8,Toss: Mamurdi Xl opt to bat,12 runs,Mamurdi Xl,Resulted,0,0,2026-09-01T20:30:29.296971+00:00
16457543,Limited Overs,TENNIS,past,2025-04-12T02:43:28.000Z,2811,Dombivli,899726,Khoni Ground 2,1423844,LSG CRICKET CLUB SUMMER CUP 2025,,2750532,League Matches,9604539,Harrish XI,74/3,9607737,Star Strikers 11,77/4,Toss: Star Strikers 11 opt to field,6 wickets,Star Strikers 11,Resulted,0,0,2026-09-01T20:30:29.296971+00:00
16457546,Limited Overs,TENNIS,past,2025-04-12T06:59:20.000Z,2811,Dombivli,899726,Khoni Ground 2,1423844,LSG CRICKET CLUB SUMMER CUP 2025,,2750532,League Matches,9607124,Cricket warriors,97/3,9604539,Harrish XI,59/5,Toss: Harrish XI opt to field,38 runs,Cricket warriors,Resulted,0,0,2026-09-01T20:30:29.296971+00:00
16504693,Box Cricket,TENNIS,past,2025-04-13T03:06:50.000Z,3003,Pune,543598,SK Sports Club,1410682,ESG Cricket Tournament Season 4 - 2025,,2723526,League Matches,7765669,Elementa Royal Tigers ESG-4,57/7,2981202,Elementa Thunder Lions,58/0,Toss: Elementa Thunder Lions opt to field,7 wickets,Elementa Thunder Lions,Resulted,0,0,2026-09-01T20:30:29.296971+00:00
16550711,Limited Overs,LEATHER,past,2025-04-19T04:08:00.000Z,3003,Pune,510654,Kings Sports Club,1198304,Mercenaries Premier league - Season 7,,2609784,League Matches,460694,Pune Rangers Cricket Club,198/5,1218138,Rising Stars Marunji,153/10,Toss: Pune Rangers Cricket Club opt to bat,45 runs,Pune Rangers Cricket Club,Resulted,0,0,2026-09-01T20:30:29.296971+00:00
16573999,Limited Overs,TENNIS,past,2025-04-16T02:29:10.000Z,3061,Solapur,904034,Rsp,,,,,,9596787,Ace Aastha Society,104/10,9597936,Pasaydan Sports Club,46/10,Toss: Ace Aastha Society opt to bat,58 runs,Ace Aastha Society,Resulted,0,0,2026-09-01T20:30:29.296971+00:00
16585213,Limited Overs,LEATHER,past,2025-04-22T14:15:00.000Z,3003,Pune,282913,Cricathon Cricket Ground,1158824,Cricathon Weekday Night Quadrangular 2024-25,,2768975,Final,2141371,Cricathon Sports Club,135/8,2223945,Life Republic Royals,137/8,Toss: Cricathon Sports Club opt to bat,2 wickets,Life Republic Royals,Resulted,0,0,2026-09-01T20:30:29.296971+00:00
16592973,Limited Overs,LEATHER,past,2025-04-24T03:52:00.000Z,3003,Pune,282913,Cricathon Cricket Ground,1421814,Runbhumi T20 Cup ,,2770062,League Matches,2324045,BraveHeart CC,206/6,6914624,Elites 11,166/9,Toss: Elites 11 opt to field,40 runs,BraveHeart CC,Resulted,0,0,2026-09-01T20:30:29.296971+00:00
16611119,Limited Overs,TENNIS,past,2025-04-20T01:38:31.000Z,3003,Pune,262327,Kokate Cricket Academy,,,,,,7688521,Groundmasters Cricket Club - Mix Corp,153/3,9088696,Super Strikers Cricket Club(SSCC),152/4,Toss: Super Strikers Cricket Club(SSCC) opt to field,1 run,Groundmasters Cricket Club - Mix Corp,Resulted,0,0,2026-09-01T20:30:29.296971+00:00
16624126,Limited Overs,TENNIS,past,2025-04-18T15:33:35.000Z,2872,Karjat,479486,Police Ground,1436020,Karjat Nagar Parishad Underum Primer League 2025,,2773572,League Matches,9687782,Dunyadari Karjat,13/6,9687665,Brothers Group Bhoi Aali,14/1,Toss: Brothers Group Bhoi Aali opt to field,5 wickets,Brothers Group Bhoi Aali,Resulted,0,0,2026-09-01T20:30:29.296971+00:00
16628777,Limited Overs,TENNIS,past,2025-04-18T21:37:16.000Z,2872,Karjat,479486,Police Ground,1436020,Karjat Nagar Parishad Underum Primer League 2025,,2773572,League Matches,9687829,Joy 7 Star,29/1,9687782,Dunyadari Karjat,20/5,Toss: Joy 7 Star opt to bat,9 runs,Joy 7 Star,Resulted,0,0,2026-09-01T20:30:29.296971+00:00
16635460,Limited Overs,TENNIS,past,2025-04-19T05:25:49.000Z,3003,Pune,583105,Dange Chowk T20 League Ground -01,1396563,DCTL Season 16 ,,2705992,League Matches,9461923,Supernova,185/7,8466222,Jai malhar 11,189/6,Toss: Jai malhar 11 opt to field,4 wickets,Jai malhar 11,Resulted,0,0,2026-09-01T20:30:29.296971+00:00
16678812,Limited Overs,LEATHER,past,2025-05-11T05:36:21.000Z,3003,Pune,282913,Cricathon Cricket Ground,1187852,Cricathon Premier League Season 3,,2401653,League Matches,2765155,CricUnited XI,184/9,4181156,Phoenix Innovations,123/10,Toss: CricUnited XI opt to bat,61 runs,CricUnited XI,Resulted,0,0,2026-09-01T20:30:29.296971+00:00
16695994,Limited Overs,LEATHER,past,2025-04-27T06:05:00.000Z,3003,Pune,766870,Cricket Haven Sport Club,1332536,Ujagare Cup ,,2568060,League Matches,6994528,Amravati Warriors,177/8,3213375,Arrow XI,170/6,Toss: Amravati Warriors opt to bat,7 runs,Amravati Warriors,Resulted,0,0,2026-09-01T20:30:29.296971+00:00
16717407,Limited Overs,LEATHER,past,2025-05-03T05:12:47.000Z,3003,Pune,282913,Cricathon Cricket Ground,1187852,Cricathon Premier League Season 3,,2401653,League Matches,4344757,Shankaracharya Apex,107/10,6914624,Elites 11,108/3,Toss: Shankaracharya Apex opt to bat,7 wickets,Elites 11,Resulted,0,0,2026-09-01T20:30:29.296971+00:00
16724361,Limited Overs,LEATHER,past,2025-04-27T03:48:14.000Z,3003,Pune,406981,"30YCA Cricket Ground, Chandkhed",1251448,30YCA TItans Cup ,,2407183,League Matches,4323345,Horizons Cricket Club,110/6,4966429,DRAGONS Cricket Club,114/1,Toss: DRAGONS Cricket Club opt to field,9 wickets,DRAGONS Cricket Club,Resulted,0,0,2026-09-01T20:30:29.296971+00:00
16725390,Limited Overs,TENNIS,past,2025-05-09T14:51:37.000Z,3003,Pune,904288,MLCP Yahavi Vanaha,1432854,YPL 2025,,2770310,League Matches,9674552,Team Torna,37/4,9674545,Team Pratapgad,40/1,Toss: Team Pratapgad opt to field,8 wickets,Team Pratapgad,Resulted,0,0,2026-09-01T20:30:29.296971+00:00
16725477,Limited Overs,TENNIS,past,2025-05-10T14:58:17.000Z,3003,Pune,904288,MLCP Yahavi Vanaha,1432854,YPL 2025,,2770310,League Matches,9674545,Team Pratapgad,41/7,9674537,Team Sinhgad,42/4,Toss: Team Pratapgad opt to bat,6 wickets,Team Sinhgad,Resulted,0,0,2026-09-01T20:30:29.296971+00:00
16741231,Limited Overs,LEATHER,past,2025-04-24T01:56:00.000Z,3003,Pune,59337,Sportsage Cricket Ground,,,,,,8761642,GAME ON CRICKET ACADEMY,245/6,3834401,Sportsage Corp A,150/10,Toss: GAME ON CRICKET ACADEMY opt to bat,95 runs,GAME ON CRICKET ACADEMY,Resulted,0,0,2026-09-01T20:30:29.296971+00:00
16751015,Limited Overs,TENNIS,past,2025-04-26T04:11:50.000Z,3003,Pune,5062,Vision Cricket Academy Ground,1445346,KOMTI PREMIER LEAGUE 2025 - SEASON 8,,2792151,League Matches,2681274,Khadki Royals,57/6,6229382,AV Smashers,58/6,Toss: Khadki Royals opt to bat,4 wickets,AV Smashers,Resulted,0,0,2026-09-01T20:30:29.296971+00:00
16751137,Limited Overs,TENNIS,past,2025-04-26T11:05:51.000Z,3003,Pune,5062,Vision Cricket Academy Ground,1445346,KOMTI PREMIER LEAGUE 2025 - SEASON 8,,2792151,League Matches,2681274,Khadki Royals,52/9,3489488,Rucha Titans,56/7,Toss: Rucha Titans opt to field,3 wickets,Rucha Titans,Resulted,0,0,2026-09-01T20:30:29.296971+00:00
16751202,Limited Overs,TENNIS,past,2025-04-27T02:30:00.000Z,3003,Pune,5062,Vision Cricket Academy Ground,1445346,KOMTI PREMIER LEAGUE 2025 - SEASON 8,,2792151,League Matches,4089065,Komti Warriors,35/8,2681274,Khadki Royals,36/6,Toss: Khadki Royals opt to field,4 wickets,Khadki Royals,Resulted,0,0,2026-09-01T20:30:29.296971+00:00
16751255,Limited Overs,TENNIS,past,2025-04-27T05:03:51.000Z,3003,Pune,5062,Vision Cricket Academy Ground,1445346,KOMTI PREMIER LEAGUE 2025 - SEASON 8,,2792151,League Matches,4180842,Sawkar Strikers,61/5,2681274,Khadki Royals,65/3,Toss: Sawkar Strikers opt to bat,7 wickets,Khadki Royals,Resulted,0,0,2026-09-01T20:30:29.296971+00:00
16767512,Unlimited Overs,TENNIS,past,2025-04-26T05:50:00.000Z,3003,Pune,423038,Shree Chatrapati Shivaji Maharaj International Stadium  Warje,1446643,SACHIN DODKE ELITE SUMMER LEAGUE 2025,,2795047,League Matches,8729749,AGC UNITED,88/1 & 44/7,8729787,Karan Greens Mawale,47/2 & 37/3,Toss: Karan Greens Mawale opt to field,48 runs,AGC UNITED,Resulted,0,0,2026-09-01T20:30:29.296971+00:00
16767576,Unlimited Overs,TENNIS,past,2025-04-26T11:35:00.000Z,3003,Pune,423038,Shree Chatrapati Shivaji Maharaj International Stadium  Warje,1446643,SACHIN DODKE ELITE SUMMER LEAGUE 2025,,2795047,League Matches,8730628,RAHUL PARK GAME SWINGERSS,74/1 & 76/2,8729787,Karan Greens Mawale,40/3 & 30/5,Toss: RAHUL PARK GAME SWINGERSS opt to bat,80 runs,RAHUL PARK GAME SWINGERSS,Resulted,0,0,2026-09-01T20:30:29.296971+00:00
16767653,Unlimited Overs,TENNIS,past,2025-04-27T05:50:00.000Z,3003,Pune,423038,Shree Chatrapati Shivaji Maharaj International Stadium  Warje,1446643,SACHIN DODKE ELITE SUMMER LEAGUE 2025,,2795047,League Matches,8729785,KT Fighters,108/0 & 130/2,8729787,Karan Greens Mawale,50/5 & 53/5,Toss: KT Fighters opt to bat,135 runs,KT Fighters,Resulted,0,0,2026-09-01T20:30:29.296971+00:00
16814368,Limited Overs,TENNIS,past,2025-04-27T01:47:00.000Z,3003,Pune,854287,Dange Chowk T20 League Ground-05,1396563,DCTL Season 16 ,,2705992,League Matches,9011994,Sharks (DCTL-16),251/5,9461923,Supernova,110/10,Toss: Supernova opt to field,141 runs,Sharks (DCTL-16),Resulted,0,0,2026-09-01T20:30:29.296971+00:00
16832877,Limited Overs,TENNIS,past,2025-04-27T08:34:20.000Z,3003,Pune,5062,Vision Cricket Academy Ground,1445346,KOMTI PREMIER LEAGUE 2025 - SEASON 8,,2792152,Semi Final,4089065,Komti Warriors,76/4,2681274,Khadki Royals,64/6,Toss: Komti Warriors opt to bat,12 runs,Komti Warriors,Resulted,0,0,2026-09-01T20:30:29.296971+00:00
16849209,Limited Overs,LEATHER,past,2025-05-18T05:34:15.000Z,3003,Pune,282913,Cricathon Cricket Ground,1187852,Cricathon Premier League Season 3,,2401653,League Matches,3299922,Team ADAP,107/10,2765155,CricUnited XI,109/3,Toss: Team ADAP opt to bat,7 wickets,CricUnited XI,Resulted,0,0,2026-09-01T20:30:29.296971+00:00
16855851,Limited Overs,LEATHER,past,2025-05-02T04:20:39.000Z,3003,Pune,406981,"30YCA Cricket Ground, Chandkhed",1421814,Runbhumi T20 Cup ,,2770062,League Matches,1108299,SJ Sports Foundation,150/9,6914624,Elites 11,139/9,Toss: SJ Sports Foundation opt to bat,11 runs,SJ Sports Foundation,Resulted,0,0,2026-09-01T20:30:29.296971+00:00
16861226,Limited Overs,LEATHER,past,2025-05-04T06:17:00.000Z,3003,Pune,766870,Cricket Haven Sport Club,1332536,Ujagare Cup ,,2568060,League Matches,6744762,Alone Warriors,171/6,3213375,Arrow XI,158/10,Toss: Alone Warriors opt to bat,13 runs,Alone Warriors,Resulted,0,0,2026-09-01T20:30:29.296971+00:00
16862695,Limited Overs,LEATHER,past,2025-04-30T13:44:23.000Z,3003,Pune,282913,Cricathon Cricket Ground,1419346,Cricathon Night Weekdays Season 4,,2743542,League Matches,3510777,CrickFitNet Academy,132/9,2223945,Life Republic Royals,134/4,Toss: CrickFitNet Academy opt to bat,6 wickets,Life Republic Royals,Resulted,0,0,2026-09-01T20:30:29.296971+00:00
16889874,Limited Overs,TENNIS,past,2025-05-02T01:33:42.000Z,3003,Pune,6853,Infinity Cricket Ground,,,,,,4509709,All Whites,126/7,2698730,KS Avengers,116/7,Toss: KS Avengers opt to field,10 runs,All Whites,Resulted,0,0,2026-09-01T20:30:29.296971+00:00
16933625,Limited Overs,TENNIS,past,2025-05-02T07:57:03.000Z,2739,Aurangabad (Maharashtra),916288,गोळेगाव स्टेडियम,1457425,  G P L 2025,,2816128,League Matches,9844908,Shiv Rana Fighter Jafarwadi,112/3,9844982,Gurukrupa Challengers,98/3,Toss: Shiv Rana Fighter Jafarwadi opt to bat,14 runs,Shiv Rana Fighter Jafarwadi,Resulted,0,0,2026-09-01T20:30:29.296971+00:00
16933870,Limited Overs,TENNIS,past,2025-05-03T17:14:24.000Z,3003,Pune,574730,30YCA Spark A2 Cricket Ground,1459109,ECC-Trailblazers Summer Cup,,2819365,League Matches,8566217,Trailblazers Yari,61/6 & 12/0,8566223,CricTrailBlazers,61/6 & 12/0,Toss: Trailblazers Yari opt to bat,Tie,,Tie,0,1,2026-09-01T20:30:29.296971+00:00
16933948,Limited Overs,TENNIS,past,2025-05-03T16:07:40.000Z,3003,Pune,574730,30YCA Spark A2 Cricket Ground,1459109,ECC-Trailblazers Summer Cup,,2819365,League Matches,8566223,CricTrailBlazers,90/4,8566217,Trailblazers Yari,91/4,Toss: CricTrailBlazers opt to bat,6 wickets,Trailblazers Yari,Resulted,0,0,2026-09-01T20:30:29.296971+00:00
16933979,Limited Overs,TENNIS,past,2025-05-03T14:53:54.000Z,3003,Pune,574730,30YCA Spark A2 Cricket Ground,1459109,ECC-Trailblazers Summer Cup,,2819394,Final,8566217,Trailblazers Yari,113/4,8566223,CricTrailBlazers,115/3,Toss: Trailblazers Yari opt to bat,7 wickets,CricTrailBlazers,Resulted,0,0,2026-09-01T20:30:29.296971+00:00
16936723,Limited Overs,TENNIS,past,2025-05-02T10:56:57.000Z,2739,Aurangabad (Maharashtra),916288,गोळेगाव स्टेडियम,1457425,  G P L 2025,,2816128,League Matches,9841928,Renuka C . C Golegeo,46/6,9844982,Gurukrupa Challengers,48/1,Toss: Renuka C . C Golegeo opt to bat,9 wickets,Gurukrupa Challengers,Resulted,0,0,2026-09-01T20:30:29.296971+00:00
16937734,Limited Overs,TENNIS,past,2025-05-02T11:55:12.000Z,2739,Aurangabad (Maharashtra),916288,गोळेगाव स्टेडियम,1457425,  G P L 2025,,2816128,League Matches,9844982,Gurukrupa Challengers,61/5,9844908,Shiv Rana Fighter Jafarwadi,67/1,Toss: Gurukrupa Challengers opt to bat,9 wickets,Shiv Rana Fighter Jafarwadi,Resulted,0,0,2026-09-01T20:30:29.296971+00:00
16965454,Limited Overs,LEATHER,past,2025-05-16T13:29:08.000Z,3003,Pune,282913,Cricathon Cricket Ground,1288976,Cricathon Night Weekend S4 T20,,2487580,League Matches,5888555,Willow Wizards,121/10,6914624,Elites 11,126/3,Toss: Willow Wizards opt to bat,6 wickets,Elites 11,Resulted,0,0,2026-09-01T20:30:29.296971+00:00
17005416,Limited Overs,LEATHER,past,2025-05-08T13:32:00.000Z,3003,Pune,282913,Cricathon Cricket Ground,1419346,Cricathon Night Weekdays Season 4,,2743542,League Matches,2223945,Life Republic Royals,227/7,9646675,Democratic Champions,102/10,Toss: Life Republic Royals opt to bat,125 runs,Life Republic Royals,Resulted,0,0,2026-09-01T20:30:29.296971+00:00
17040988,Limited Overs,TENNIS,past,2025-05-10T01:07:59.000Z,3003,Pune,262327,Kokate Cricket Academy,,,,,,9895799,MST Mavericks 1,104/7,9895934,MST Mavericks 2,110/2,Toss: MST Mavericks 2 opt to field,8 wickets,MST Mavericks 2,Resulted,0,0,2026-09-01T20:30:29.296971+00:00
17053135,Limited Overs,LEATHER,past,2025-06-01T06:14:00.000Z,3003,Pune,766870,Cricket Haven Sport Club,1152315,The Big Beaters Tournament 20-20,,2700095,Semi Final,5761477,UNITY,182/6,2223945,Life Republic Royals,183/6,Toss: UNITY opt to bat,4 wickets,Life Republic Royals,Resulted,0,0,2026-09-01T20:30:29.296971+00:00
17064829,Limited Overs,LEATHER,past,2025-05-11T08:25:17.000Z,3003,Pune,837481,CHANGBHALE CRICKET GROUND,1359068,BRAVEHEART - LEGEND T20 CUP SEASON 1,,2621178,Super League,5460201,HITMAN SPORTS,148/8,9175480,Glory Cricket Club,140/8,Toss: HITMAN SPORTS opt to bat,8 runs,HITMAN SPORTS,Resulted,0,0,2026-09-01T20:30:29.296971+00:00
17096879,Limited Overs,TENNIS,past,2025-05-10T02:27:38.000Z,3003,Pune,262327,Kokate Cricket Academy,,,,,,9895934,MST Mavericks 2,91/5,9895799,MST Mavericks 1,92/4,Toss: MST Mavericks 2 opt to bat,6 wickets,MST Mavericks 1,Resulted,0,0,2026-09-01T20:30:29.296971+00:00
17103442,Unlimited Overs,TENNIS,past,2025-05-10T07:18:00.000Z,3003,Pune,423038,Shree Chatrapati Shivaji Maharaj International Stadium  Warje,1446643,SACHIN DODKE ELITE SUMMER LEAGUE 2025,,2795047,League Matches,9930871,Jubilee Park Jaguar,67/1 & 60/3,8729787,Karan Greens Mawale,35/5 & 53/3,Toss: Jubilee Park Jaguar opt to bat,39 runs,Jubilee Park Jaguar,Resulted,0,0,2026-09-01T20:30:29.296971+00:00
17127330,Limited Overs,TENNIS,past,2025-05-11T03:21:20.000Z,3003,Pune,904288,MLCP Yahavi Vanaha,1432854,YPL 2025,,2770312,Semi Final,9674539,Team Raigad,73/5,9674545,Team Pratapgad,32/7,Toss: Team Pratapgad opt to field,41 runs,Team Raigad,Resulted,0,0,2026-09-01T20:30:29.296971+00:00
17165028,Limited Overs,LEATHER,past,2025-05-18T08:59:07.000Z,3003,Pune,406981,"30YCA Cricket Ground, Chandkhed",1241783,30YCA CricX Corporate Premier League 3.0,,2740913,Quarter Final,563713,United Cricket Club,178/8,2223945,Life Republic Royals,134/9,Toss: United Cricket Club opt to bat,"16 runs (UCC won by 15 Runs. As per DLS Method.
)",United Cricket Club,Resulted,1,0,2026-09-01T20:30:29.296971+00:00
17176262,Box Cricket,TENNIS,past,2025-05-17T09:58:56.000Z,3003,Pune,566974,4 Lions RAVET,1475983,Pavillion Premier League- 4,,2852384,League Matches,9963678,7 Strikers,40/5,9963743,Royal Strikers,41/2,Toss: Royal Strikers opt to field,8 wickets,Royal Strikers,Resulted,0,0,2026-09-01T20:30:29.296971+00:00
17176350,Box Cricket,TENNIS,past,2025-05-17T12:32:04.000Z,3003,Pune,566974,4 Lions RAVET,1475983,Pavillion Premier League- 4,,2852384,League Matches,9963743,Royal Strikers,46/2,9963715,Avengers,47/1,Toss: Royal Strikers opt to bat,9 wickets,Avengers,Resulted,0,0,2026-09-01T20:30:29.296971+00:00
17176499,Box Cricket,TENNIS,past,2025-05-17T15:42:03.000Z,3003,Pune,566974,4 Lions RAVET,1475983,Pavillion Premier League- 4,,2852384,League Matches,9963733,Masters Blaster,41/4,9963743,Royal Strikers,40/3,Toss: Royal Strikers opt to field,1 run,Masters Blaster,Resulted,0,0,2026-09-01T20:30:29.296971+00:00
17184879,Limited Overs,LEATHER,past,2025-05-17T02:14:53.000Z,3003,Pune,406981,"30YCA Cricket Ground, Chandkhed",1251448,30YCA TItans Cup ,,2407183,League Matches,4323345,Horizons Cricket Club,180/5,2430970,Fighters Cricket Club,184/7,Toss: Horizons Cricket Club opt to bat,3 wickets,Fighters Cricket Club,Resulted,0,0,2026-09-01T20:30:29.296971+00:00
17235998,Limited Overs,LEATHER,past,2025-05-16T02:23:21.000Z,3003,Pune,59337,Sportsage Cricket Ground,,,,,,3834401,Sportsage Corp A,152/8,8449559,Alpha Warriors,110/10,Toss: Sportsage Corp A opt to bat,42 runs,Sportsage Corp A,Resulted,0,0,2026-09-01T20:30:29.296971+00:00
17274275,Limited Overs,TENNIS,past,2025-05-18T03:11:45.000Z,3003,Pune,887782,Rise Up Cricket Academy,1464475,Vansh Sports T10 CRICKET TOURNAMENT SEASON 2,,2836191,League Matches,7153632,Team RCL,93/7,6830244,IVORY STRIKERS,96/4,Toss: IVORY STRIKERS opt to field,6 wickets,IVORY STRIKERS,Resulted,0,0,2026-09-01T20:30:29.296971+00:00
17274303,Limited Overs,TENNIS,past,2025-05-18T04:44:29.000Z,3003,Pune,887782,Rise Up Cricket Academy,1464475,Vansh Sports T10 CRICKET TOURNAMENT SEASON 2,,2836191,League Matches,8097948,Stalwarts,98/9,6830244,IVORY STRIKERS,76/7,Toss: IVORY STRIKERS opt to field,22 runs,Stalwarts,Resulted,0,0,2026-09-01T20:30:29.296971+00:00
17289990,Limited Overs,TENNIS,past,2025-05-18T02:01:02.000Z,32148,Wakad,930996,Cric 9 Cricket Academy,1484950,Cric 9 Parents Tournament ,,2868919,League Matches,10025535,Crick 9 Indians,83/3,10025322,Cric 9 Capital,84/4,Toss: Cric 9 Capital opt to field,5 wickets,Cric 9 Capital,Resulted,0,0,2026-09-01T20:30:29.296971+00:00
17294588,Limited Overs,TENNIS,past,2025-05-18T03:14:21.000Z,32148,Wakad,930996,Cric 9 Cricket Academy,1484950,Cric 9 Parents Tournament ,,2868919,League Matches,10025756,Cric 9 Royals,54/1,10025322,Cric 9 Capital,55/5,Toss: Cric 9 Capital opt to field,4 wickets,Cric 9 Capital,Resulted,0,0,2026-09-01T20:30:29.296971+00:00
17299429,Limited Overs,TENNIS,past,2025-05-18T05:10:27.000Z,32148,Wakad,930996,Cric 9 Cricket Academy,1484950,Cric 9 Parents Tournament ,,2868919,League Matches,10025232,Cric9 Super Kings,98/4,10025322,Cric 9 Capital,77/6,Toss: Cric 9 Capital opt to field,21 runs,Cric9 Super Kings,Resulted,0,0,2026-09-01T20:30:29.296971+00:00
17501864,Box Cricket,TENNIS,past,2025-05-31T11:31:43.000Z,3003,Pune,214029,Forza Football,1491447,End Of Summer Forza Tournament,,2882679,League Matches,10134635,Team Ritik,52/4,10134717,Team Vinod,58/3,Toss: Team Vinod opt to field,4 wickets,Team Vinod,Resulted,0,0,2026-09-01T20:30:29.296971+00:00
17501962,Box Cricket,TENNIS,past,2025-05-31T14:33:11.000Z,3003,Pune,214029,Forza Football,1491447,End Of Summer Forza Tournament,,2882679,League Matches,10134705,Team Siddharth,62/5,10134635,Team Ritik,48/4,Toss: Team Ritik opt to field,14 runs,Team Siddharth,Resulted,0,0,2026-09-01T20:30:29.296971+00:00
17523435,Limited Overs,LEATHER,past,2025-05-29T13:34:12.000Z,3003,Pune,282913,Cricathon Cricket Ground,,,,,,2223945,Life Republic Royals,156/8,9646675,Democratic Champions,100/9,Toss: Life Republic Royals opt to bat,56 runs,Life Republic Royals,Resulted,0,0,2026-09-01T20:30:29.296971+00:00
17562909,Limited Overs,LEATHER,past,2025-06-01T05:51:06.000Z,3003,Pune,427292,SILVER CRICKET ACADAMY - CHIKHALI,1141318,KPL  Match ,,2191835,Super Knockout,9175480,Glory Cricket Club,107/9,6176630,LR Invincible X1,108/3,Toss: Glory Cricket Club opt to bat,7 wickets,LR Invincible X1,Resulted,0,0,2026-09-01T20:30:29.296971+00:00
17574913,Limited Overs,TENNIS,past,2025-06-01T04:39:22.000Z,3003,Pune,262327,Kokate Cricket Academy,1502039,MST Summer League,,2910308,League Matches,10149146,MST Fire Chargers,103/10,10149151,MST Dragons,104/3,Toss: MST Dragons opt to field,7 wickets,MST Dragons,Resulted,0,0,2026-09-01T20:30:29.296971+00:00
17588461,Limited Overs,TENNIS,past,2025-06-01T06:36:05.000Z,3003,Pune,262327,Kokate Cricket Academy,1502039,MST Summer League,,2910308,League Matches,10149151,MST Dragons,145/2,10149146,MST Fire Chargers,135/7,Toss: MST Fire Chargers opt to field,10 runs,MST Dragons,Resulted,0,0,2026-09-01T20:30:29.296971+00:00
17612934,Limited Overs,LEATHER,past,2025-06-08T10:47:35.000Z,3003,Pune,744485,A to Z CRICKET GROUND LAVALE,1411519,SUMMER SHEILD 2.0,,2733475,League Matches,6748181,SS (Shinning Stars),209/6,6085651,Top Gun Mavericks,152/9,Toss: SS (Shinning Stars) opt to bat,57 runs,SS (Shinning Stars),Resulted,0,0,2026-09-01T20:30:29.296971+00:00
17624367,Limited Overs,LEATHER,past,2025-06-03T03:53:27.000Z,3003,Pune,406981,"30YCA Cricket Ground, Chandkhed",1421814,Runbhumi T20 Cup ,,2770062,League Matches,6914624,Elites 11,200/10,4861879,TEAM_SHILEDAAR,137/9,Toss: Elites 11 opt to bat,63 runs,Elites 11,Resulted,0,0,2026-09-01T20:30:29.296971+00:00
17632974,Limited Overs,TENNIS,past,2025-06-05T01:32:26.000Z,963,Raipur (Chhattisgarh),87373,Science College,1509098,science college series ,,2918477,League Matches,9906054,Rudra Ansh,83/9,8533705,HIND&HISE XI science college,85/2,Toss: HIND&HISE XI science college opt to field,8 wickets,HIND&HISE XI science college,Resulted,0,0,2026-09-01T20:30:29.296971+00:00
17654223,Limited Overs,TENNIS,past,2025-06-06T01:40:53.000Z,963,Raipur (Chhattisgarh),87373,Science College,1509098,science college series ,,2918477,League Matches,9906054,Rudra Ansh,108/9,8533705,HIND&HISE XI science college,91/9,Toss: HIND&HISE XI science college opt to field,17 runs,Rudra Ansh,Resulted,0,0,2026-09-01T20:30:29.296971+00:00
17661629,Limited Overs,LEATHER,past,2025-06-06T04:08:00.000Z,3003,Pune,12485,Mulshi Cricket Ground,1421814,Runbhumi T20 Cup ,,2770062,League Matches,6914624,Elites 11,196/5,9726558,INVINCIBLES,179/9,Toss: Elites 11 opt to bat,17 runs,Elites 11,Resulted,0,0,2026-09-01T20:30:29.296971+00:00
17663300,Limited Overs,TENNIS,past,2025-06-07T01:35:05.000Z,3003,Pune,414073,Megapolis Sunway Park,1511564,Foundation Cup,,2922950,Super Three,10220553,Team Rohit,35/6,10220558,Team Abhijeet,36/2,Toss: Team Rohit opt to bat,6 wickets,Team Abhijeet,Resulted,0,0,2026-09-01T20:30:29.296971+00:00
17663324,Limited Overs,TENNIS,past,2025-06-07T02:22:29.000Z,3003,Pune,414073,Megapolis Sunway Park,1511564,Foundation Cup,,2922950,Super Three,10220558,Team Abhijeet,25/8,10220553,Team Rohit,Yet to bat,Toss: Team Rohit opt to field,Abandoned,,Abandoned,0,0,2026-09-01T20:30:29.296971+00:00
17677769,Limited Overs,TENNIS,past,2025-06-07T01:21:12.000Z,3003,Pune,262327,Kokate Cricket Academy,1497456,MST Cup - Season 1,,2925139,League Matches,10149146,MST Fire Chargers,87/6,10149151,MST Dragons,88/1,Toss: MST Dragons opt to field,9 wickets,MST Dragons,Resulted,0,0,2026-09-01T20:30:29.296971+00:00
17677789,Limited Overs,TENNIS,past,2025-06-07T02:59:31.000Z,3003,Pune,262327,Kokate Cricket Academy,1497456,MST Cup - Season 1,,2925139,League Matches,10149146,MST Fire Chargers,130/9,10149151,MST Dragons,58/2,Toss: MST Fire Chargers opt to bat,72 runs,MST Fire Chargers,Resulted,0,0,2026-09-01T20:30:29.296971+00:00
17701258,Limited Overs,TENNIS,past,2025-06-07T11:05:02.000Z,2962,Nandurbar,917119,Holi Mata Stadium,1506128,DPL 2,,2911656,Super Knockout,10213708,Ekta Mungbari,59/8,10179127,Akrani Lions,46/9,Toss: Ekta Mungbari opt to bat,13 runs,Ekta Mungbari,Resulted,0,0,2026-09-01T20:30:29.296971+00:00
17702433,Limited Overs,TENNIS,past,2025-06-08T01:22:37.000Z,3003,Pune,262327,Kokate Cricket Academy,1497456,MST Cup - Season 1,,2925139,League Matches,10149146,MST Fire Chargers,112/7,10149151,MST Dragons,109/7,Toss: MST Dragons opt to field,3 runs,MST Fire Chargers,Resulted,0,0,2026-09-01T20:30:29.296971+00:00
17705719,Limited Overs,LEATHER,past,2025-06-10T14:13:00.000Z,3003,Pune,282913,Cricathon Cricket Ground,1419346,Cricathon Night Weekdays Season 4,,2743542,League Matches,2223945,Life Republic Royals,227/5,9520882,Fearless Warriors,87/10,Toss: Life Republic Royals opt to bat,140 runs,Life Republic Royals,Resulted,0,0,2026-09-01T20:30:29.296971+00:00
17720130,Limited Overs,TENNIS,past,2025-06-08T03:20:41.000Z,3003,Pune,262327,Kokate Cricket Academy,1497456,MST Cup - Season 1,,2925139,League Matches,10149146,MST Fire Chargers,140/5,10149151,MST Dragons,45/2,Toss: MST Fire Chargers opt to bat,"10 runs(VJD/Oth method - Match reduced to 4 overs, target 151 runs",MST Dragons,Resulted,0,0,2026-09-01T20:30:29.296971+00:00
17760456,Limited Overs,LEATHER,past,2025-06-21T08:04:05.000Z,3003,Pune,619099,Kings Sports Club Hadapsar,1380027,Mahil Sports Present KPL Mixed Corporate Tounament T20  League Season 15,,2661431,League Matches,6669885,Royal Strikers - 2024,125/8,5404625,Avengers Corporate Club,126/2,Toss: Royal Strikers - 2024 opt to bat,7 wickets,Avengers Corporate Club,Resulted,0,0,2026-09-01T20:30:29.296971+00:00
17855158,Limited Overs,TENNIS,past,2025-06-17T15:41:48.000Z,3003,Pune,361773,"Ranvijay Sports Club, Balewadi",1525852,TCC Sunday June 15 2025,,2950542,League Matches,8440020,Team Purple Panther,32/3,8440012,Team Yellow Phoenix,33/0,Toss: Team Purple Panther opt to bat,9 wickets,Team Yellow Phoenix,Resulted,0,0,2026-09-01T20:30:29.296971+00:00
17891765,Limited Overs,TENNIS,past,2025-06-22T02:41:00.000Z,3003,Pune,188404,GK Silverland Residency PHASE 1,1528060,MONSOON SERIES,,2955808,League Matches,10341937,Storm Chasers,67/6,10341943,Thunder Boys,69/4,Toss: Thunder Boys opt to field,2 wickets,Thunder Boys,Resulted,0,0,2026-09-01T20:30:29.296971+00:00
17891784,Limited Overs,TENNIS,past,2025-06-22T03:25:39.000Z,3003,Pune,188404,GK Silverland Residency PHASE 1,1528060,MONSOON SERIES,,2955808,League Matches,10342038,Hurricaine Blasters,73/4,10341966,Thunder Smashers,73/5,Toss: Thunder Smashers opt to field,Match drawn,,Abandoned,0,0,2026-09-01T20:30:29.296971+00:00
17891789,Limited Overs,TENNIS,past,2025-06-22T04:21:52.000Z,3003,Pune,188404,GK Silverland Residency PHASE 1,1528060,MONSOON SERIES,,2955808,League Matches,10341937,Storm Chasers,93/5,10342038,Hurricaine Blasters,81/6,Toss: Hurricaine Blasters opt to field,12 runs,Storm Chasers,Resulted,0,0,2026-09-01T20:30:29.296971+00:00
17891795,Limited Overs,TENNIS,past,2025-06-22T05:09:26.000Z,3003,Pune,188404,GK Silverland Residency PHASE 1,1528060,MONSOON SERIES,,2955808,League Matches,10341943,Thunder Boys,97/2,10341966,Thunder Smashers,98/1,Toss: Thunder Smashers opt to field,5 wickets,Thunder Smashers,Resulted,0,0,2026-09-01T20:30:29.296971+00:00
17891800,Limited Overs,TENNIS,past,2025-06-22T05:52:42.000Z,3003,Pune,188404,GK Silverland Residency PHASE 1,1528060,MONSOON SERIES,,2955808,League Matches,10341966,Thunder Smashers,77/3,10341937,Storm Chasers,78/4,Toss: Storm Chasers opt to field,2 wickets,Storm Chasers,Resulted,0,0,2026-09-01T20:30:29.296971+00:00
17891896,Limited Overs,LEATHER,past,2025-07-06T03:55:00.000Z,3003,Pune,557585,Platinum Cricket Ground.,1505174,PCG- ROYAL Monsoon Cup 2025,,2909415,League Matches,3499616,MIGHTY LIONS,137/8,8365494,BFL Strikers 11,88/10,Toss: BFL Strikers 11 opt to field,49 runs,MIGHTY LIONS,Resulted,0,0,2026-09-01T20:30:29.296971+00:00
17901943,Box Cricket,TENNIS,past,2025-06-17T15:59:32.000Z,3003,Pune,361773,"Ranvijay Sports Club, Balewadi",1529015,TCC tuesday 17 June2025 leagues matches,,2957306,League Matches,8440020,Team Purple Panther,36/5,8440012,Team Yellow Phoenix,37/6,Toss: Team Purple Panther opt to bat,1 wicket,Team Yellow Phoenix,Resulted,0,0,2026-09-01T20:30:29.296971+00:00
17902811,Box Cricket,TENNIS,past,2025-06-17T16:22:23.000Z,3003,Pune,361773,"Ranvijay Sports Club, Balewadi",1529015,TCC tuesday 17 June2025 leagues matches,,2957306,League Matches,8440012,Team Yellow Phoenix,56/1,8440020,Team Purple Panther,34/7,Toss: Team Yellow Phoenix opt to bat,22 runs,Team Yellow Phoenix,Resulted,0,0,2026-09-01T20:30:29.296971+00:00
17903108,Box Cricket,TENNIS,past,2025-06-17T16:42:56.000Z,3003,Pune,361773,"Ranvijay Sports Club, Balewadi",1529015,TCC tuesday 17 June2025 leagues matches,,2957306,League Matches,8440012,Team Yellow Phoenix,36/4,8440020,Team Purple Panther,42/4,Toss: Team Yellow Phoenix opt to bat,2 wickets,Team Purple Panther,Resulted,0,0,2026-09-01T20:30:29.296971+00:00
17903268,Box Cricket,TENNIS,past,2025-06-17T17:00:54.000Z,3003,Pune,361773,"Ranvijay Sports Club, Balewadi",1529015,TCC tuesday 17 June2025 leagues matches,,2957306,League Matches,8440020,Team Purple Panther,59/3,8440012,Team Yellow Phoenix,60/3,Toss: Team Purple Panther opt to bat,4 wickets,Team Yellow Phoenix,Resulted,0,0,2026-09-01T20:30:29.296971+00:00
17903383,Box Cricket,TENNIS,past,2025-06-17T17:18:57.000Z,3003,Pune,361773,"Ranvijay Sports Club, Balewadi",1529015,TCC tuesday 17 June2025 leagues matches,,2957306,League Matches,8440012,Team Yellow Phoenix,67/1,8440020,Team Purple Panther,31/3,Toss: Team Yellow Phoenix opt to bat,36 runs,Team Yellow Phoenix,Resulted,0,0,2026-09-01T20:30:29.296971+00:00
17903543,Box Cricket,TENNIS,past,2025-06-17T17:36:10.000Z,3003,Pune,361773,"Ranvijay Sports Club, Balewadi",1529015,TCC tuesday 17 June2025 leagues matches,,2957306,League Matches,8440012,Team Yellow Phoenix,70/5,8440020,Team Purple Panther,59/5,Toss: Team Yellow Phoenix opt to bat,11 runs,Team Yellow Phoenix,Resulted,0,0,2026-09-01T20:30:29.296971+00:00
17980042,Limited Overs,TENNIS,past,2025-06-22T07:17:31.000Z,3003,Pune,188404,GK Silverland Residency PHASE 1,1528060,MONSOON SERIES,,2967805,Semi Final,10342038,Hurricaine Blasters,51/6,10341966,Thunder Smashers,53/1,Toss: Thunder Smashers opt to field,5 wickets,Thunder Smashers,Resulted,0,0,2026-09-01T20:30:29.296971+00:00
17981357,Limited Overs,TENNIS,past,2025-06-22T08:00:39.000Z,3003,Pune,188404,GK Silverland Residency PHASE 1,1528060,MONSOON SERIES,,2967946,Final,10341937,Storm Chasers,89/4,10341966,Thunder Smashers,67/4,Toss: Thunder Smashers opt to field,22 runs,Storm Chasers,Resulted,0,0,2026-09-01T20:30:29.296971+00:00
17996656,Limited Overs,LEATHER,past,2025-06-29T08:35:01.000Z,3003,Pune,557585,Platinum Cricket Ground.,1505174,PCG- ROYAL Monsoon Cup 2025,,2909415,League Matches,8096898,Eleven Knights,112/6,3499616,MIGHTY LIONS,113/8,Toss: Eleven Knights opt to bat,2 wickets,MIGHTY LIONS,Resulted,0,0,2026-09-01T20:30:29.296971+00:00
18016349,Limited Overs,LEATHER,past,2025-06-28T04:08:26.000Z,3003,Pune,619099,Kings Sports Club Hadapsar,1380027,Mahil Sports Present KPL Mixed Corporate Tounament T20  League Season 15,,2661432,Semi Final,2977396,Lagan X1,107/9,5404625,Avengers Corporate Club,108/7,Toss: Lagan X1 opt to bat,3 wickets,Avengers Corporate Club,Resulted,0,0,2026-09-01T20:30:29.296971+00:00
18050670,Limited Overs,LEATHER,past,2025-11-02T08:16:00.000Z,3003,Pune,282913,Cricathon Cricket Ground,1531684,Cricathon Bigbash Cup T25 2025-2026 Season4,,2978351,League Matches,3014809,RDX,96/10,2765155,CricUnited XI,96/8,Toss: RDX opt to bat,2 wickets,CricUnited XI,Resulted,0,0,2026-09-01T20:30:29.296971+00:00
18050690,Limited Overs,LEATHER,past,2025-12-07T08:24:40.000Z,3003,Pune,282913,Cricathon Cricket Ground,1531684,Cricathon Bigbash Cup T25 2025-2026 Season4,,2978351,League Matches,2765155,CricUnited XI,264/4,10315304,Pune Dominators XI,189/10,Toss: CricUnited XI opt to bat,75 runs,CricUnited XI,Resulted,0,0,2026-09-01T20:30:29.296971+00:00
18050706,Limited Overs,LEATHER,past,2025-10-12T03:58:12.000Z,3003,Pune,282913,Cricathon Cricket Ground,1531684,Cricathon Bigbash Cup T25 2025-2026 Season4,,2978351,League Matches,2969837,Xtreme Cricket Club,156/10,2223945,Life Republic Royals,159/3,Toss: Xtreme Cricket Club opt to bat,7 wickets,Life Republic Royals,Resulted,0,0,2026-09-01T20:30:29.296971+00:00
18105113,Limited Overs,TENNIS,past,2025-06-30T00:57:26.000Z,3003,Pune,639627,"MatchDay Arena, Wakad",959630,Morning Group By RCC,,1835465,League Matches,5878824,RCC MW Titans,154/5,5878867,RCC MW Falcons,155/1,Toss: RCC MW Falcons opt to field,9 wickets,RCC MW Falcons,Resulted,0,0,2026-09-01T20:30:29.296971+00:00
18106096,Limited Overs,TENNIS,past,2025-06-30T02:16:14.000Z,3003,Pune,639627,"MatchDay Arena, Wakad",959630,Morning Group By RCC,,1835465,League Matches,5878867,RCC MW Falcons,177/8,5878824,RCC MW Titans,142/9,Toss: RCC MW Falcons opt to bat,35 runs,RCC MW Falcons,Resulted,0,0,2026-09-01T20:30:29.296971+00:00
18133853,Limited Overs,TENNIS,past,2025-07-05T06:49:21.000Z,17716,Giessen,924282,Buster Field Giessen,1536111,Mittelhessen Rolling Trophy 2025,,2971326,League Matches,10396559,Marburg Challengers,99/4,7436670,Giessener 11,51/7,Toss: Marburg Challengers opt to bat,48 runs,Marburg Challengers,Resulted,0,0,2026-09-01T20:30:29.296971+00:00
18133865,Limited Overs,TENNIS,past,2025-07-05T08:44:18.000Z,17716,Giessen,924282,Buster Field Giessen,1536111,Mittelhessen Rolling Trophy 2025,,2971326,League Matches,10459831,Unity XI,84/7,10396559,Marburg Challengers,70/5,Toss: Unity XI opt to bat,14 runs,Unity XI,Resulted,0,0,2026-09-01T20:30:29.296971+00:00
18143580,Box Cricket,TENNIS,past,2025-07-03T15:42:41.000Z,3003,Pune,459034,Runvijays Sports Club,1546576,TCC - 3rd Jul League tournament ,,2991316,League Matches,8440012,Team Yellow Phoenix,76/2,8440020,Team Purple Panther,80/2,Toss: Team Yellow Phoenix opt to bat,3 wickets,Team Purple Panther,Resulted,0,0,2026-09-01T20:30:29.296971+00:00
18144610,Box Cricket,TENNIS,past,2025-07-03T16:02:20.000Z,3003,Pune,459034,Runvijays Sports Club,1546576,TCC - 3rd Jul League tournament ,,2991316,League Matches,8440020,Team Purple Panther,90/3,8440012,Team Yellow Phoenix,58/6,Toss: Team Purple Panther opt to bat,32 runs,Team Purple Panther,Resulted,0,0,2026-09-01T20:30:29.296971+00:00
18144860,Box Cricket,TENNIS,past,2025-07-03T16:21:59.000Z,3003,Pune,459034,Runvijays Sports Club,1546576,TCC - 3rd Jul League tournament ,,2991316,League Matches,8440020,Team Purple Panther,114/1,8440012,Team Yellow Phoenix,62/5,Toss: Team Yellow Phoenix opt to field,52 runs,Team Purple Panther,Resulted,0,0,2026-09-01T20:30:29.296971+00:00
18145014,Box Cricket,TENNIS,past,2025-07-03T16:40:54.000Z,3003,Pune,459034,Runvijays Sports Club,1546576,TCC - 3rd Jul League tournament ,,2991316,League Matches,8440020,Team Purple Panther,87/1,8440012,Team Yellow Phoenix,88/3,Toss: Team Purple Panther opt to bat,2 wickets,Team Yellow Phoenix,Resulted,0,0,2026-09-01T20:30:29.296971+00:00
18145245,Box Cricket,TENNIS,past,2025-07-03T17:02:15.000Z,3003,Pune,459034,Runvijays Sports Club,1546576,TCC - 3rd Jul League tournament ,,2991316,League Matches,8440012,Team Yellow Phoenix,52/2,8440020,Team Purple Panther,58/4,Toss: Team Yellow Phoenix opt to bat,1 wicket,Team Purple Panther,Resulted,0,0,2026-09-01T20:30:29.296971+00:00
18197973,Limited Overs,TENNIS,past,2025-07-06T11:37:21.000Z,3003,Pune,361773,"Ranvijay Sports Club, Balewadi",,,,,,9563285,Madhukosh Rising Panthers,85/5,8127765,Monarch Challengers,49/2,Toss: Madhukosh Rising Panthers opt to bat,36 runs,Madhukosh Rising Panthers,Resulted,0,0,2026-09-01T20:30:29.296971+00:00
18198972,Limited Overs,TENNIS,past,2025-07-06T12:19:51.000Z,3003,Pune,361773,"Ranvijay Sports Club, Balewadi",,,,,,9563285,Madhukosh Rising Panthers,75/4,8127765,Monarch Challengers,60/5,Toss: Madhukosh Rising Panthers opt to bat,15 runs,Madhukosh Rising Panthers,Resulted,0,0,2026-09-01T20:30:29.296971+00:00
18199446,Limited Overs,TENNIS,past,2025-07-06T12:48:18.000Z,17716,Giessen,924282,Buster Field Giessen,1536111,Mittelhessen Rolling Trophy 2025,,2971327,Semi Final,10396559,Marburg Challengers,67/10,1517508,Frankfurt Spartans Cricket Club,70/3,Toss: Marburg Challengers opt to bat,7 wickets,Frankfurt Spartans Cricket Club,Resulted,0,0,2026-09-01T20:30:29.296971+00:00
18199662,Limited Overs,TENNIS,past,2025-07-06T12:59:58.000Z,3003,Pune,361773,"Ranvijay Sports Club, Balewadi",,,,,,8127765,Monarch Challengers,67/1,9563285,Madhukosh Rising Panthers,51/0,Toss: Monarch Challengers opt to bat,16 runs,Monarch Challengers,Resulted,0,0,2026-09-01T20:30:29.296971+00:00
18205265,Limited Overs,LEATHER,past,2025-07-12T04:14:00.000Z,3003,Pune,557585,Platinum Cricket Ground.,1505174,PCG- ROYAL Monsoon Cup 2025,,2909415,League Matches,507932,Turf Hitters,99/10,3499616,MIGHTY LIONS,101/3,Toss: MIGHTY LIONS opt to field,7 wickets,MIGHTY LIONS,Resulted,0,0,2026-09-01T20:30:29.296971+00:00
18221006,Box Cricket,TENNIS,past,2025-07-08T15:41:22.000Z,3003,Pune,459034,Runvijays Sports Club,1551862,TCC - 8th Jul league tournament,,3001858,League Matches,8440020,Team Purple Panther,103/4,8440012,Team Yellow Phoenix,65/1,Toss: Team Purple Panther opt to bat,38 runs,Team Purple Panther,Resulted,0,0,2026-09-01T20:30:29.296971+00:00
18221448,Box Cricket,TENNIS,past,2025-07-08T16:01:08.000Z,3003,Pune,459034,Runvijays Sports Club,1551862,TCC - 8th Jul league tournament,,3001858,League Matches,8440020,Team Purple Panther,71/4,8440012,Team Yellow Phoenix,72/1,Toss: Team Purple Panther opt to bat,4 wickets,Team Yellow Phoenix,Resulted,0,0,2026-09-01T20:30:29.296971+00:00
18221664,Box Cricket,TENNIS,past,2025-07-08T16:21:29.000Z,3003,Pune,459034,Runvijays Sports Club,1551862,TCC - 8th Jul league tournament,,3001858,League Matches,8440012,Team Yellow Phoenix,79/3,8440020,Team Purple Panther,66/2,Toss: Team Yellow Phoenix opt to bat,13 runs,Team Yellow Phoenix,Resulted,0,0,2026-09-01T20:30:29.296971+00:00
18221912,Box Cricket,TENNIS,past,2025-07-08T16:41:59.000Z,3003,Pune,459034,Runvijays Sports Club,1551862,TCC - 8th Jul league tournament,,3001858,League Matches,8440012,Team Yellow Phoenix,56/2,8440020,Team Purple Panther,57/1,Toss: Team Yellow Phoenix opt to bat,4 wickets,Team Purple Panther,Resulted,0,0,2026-09-01T20:30:29.296971+00:00
18222138,Box Cricket,TENNIS,past,2025-07-08T16:57:47.000Z,3003,Pune,459034,Runvijays Sports Club,1551862,TCC - 8th Jul league tournament,,3001858,League Matches,8440020,Team Purple Panther,52/4,8440012,Team Yellow Phoenix,53/1,Toss: Team Purple Panther opt to bat,4 wickets,Team Yellow Phoenix,Resulted,0,0,2026-09-01T20:30:29.296971+00:00
18222300,Box Cricket,TENNIS,past,2025-07-08T17:16:15.000Z,3003,Pune,459034,Runvijays Sports Club,1551862,TCC - 8th Jul league tournament,,3001858,League Matches,8440012,Team Yellow Phoenix,43/1,8440020,Team Purple Panther,40/5,Toss: Team Yellow Phoenix opt to bat,3 runs,Team Yellow Phoenix,Resulted,0,0,2026-09-01T20:30:29.296971+00:00
18227573,Limited Overs,LEATHER,past,2025-08-24T04:47:00.000Z,3003,Pune,59337,Sportsage Cricket Ground,1552349,cricWIZARDS (Leather) - Season 1,,3002790,League Matches,7123568,XI STAR CRICKET CLUB,99/9,7714116,Royal Riders,102/6,Toss: Royal Riders opt to field,4 wickets,Royal Riders,Resulted,0,0,2026-09-01T20:30:29.296971+00:00
18227616,Limited Overs,LEATHER,past,2025-09-13T04:37:00.000Z,3003,Pune,59337,Sportsage Cricket Ground,1552349,cricWIZARDS (Leather) - Season 1,,3002790,League Matches,353283,LETHAL XI,94/10,7714116,Royal Riders,96/3,Toss: Royal Riders opt to field,7 wickets,Royal Riders,Resulted,0,0,2026-09-01T20:30:29.296971+00:00
18227957,Limited Overs,LEATHER,past,2025-08-03T04:29:00.000Z,3003,Pune,59337,Sportsage Cricket Ground,1552349,cricWIZARDS (Leather) - Season 1,,3002790,League Matches,4028345,Black Panthers,173/7,7714116,Royal Riders,166/9,Toss: Black Panthers opt to bat,7 runs,Black Panthers,Resulted,0,0,2026-09-01T20:30:29.296971+00:00
18230461,Limited Overs,LEATHER,past,2025-10-05T04:08:00.000Z,3003,Pune,837481,CHANGBHALE CRICKET GROUND,1359068,BRAVEHEART - LEGEND T20 CUP SEASON 1,,2621178,Super League,9175480,Glory Cricket Club,118/9,9307279,ASIAN BLASTERS,119/1,Toss: ASIAN BLASTERS opt to field,9 wickets,ASIAN BLASTERS,Resulted,0,0,2026-09-01T20:30:29.296971+00:00
18230550,Limited Overs,LEATHER,past,2025-09-20T06:55:05.000Z,3003,Pune,837481,CHANGBHALE CRICKET GROUND,1309238,BRAVEHEART PRESENT MIX CORPORATE SFS CUP SEASON 1,,2517407,Super League,2223945,Life Republic Royals,142/8,6356807,Cap Crusaders,86/10,Toss: Life Republic Royals opt to bat,56 runs,Life Republic Royals,Resulted,0,0,2026-09-01T20:30:29.296971+00:00
18240512,The Hundred,TENNIS,past,2025-07-13T06:00:00.000Z,17704,Frankfurt (Hessen),509922,Niederad,1330524,DCC Championship 2025,,2559750,League Matches,4220557,FC KVM Royal Warriors,187/2,6290732,TSV Frankfurt Garuda,138/6,Toss: TSV Frankfurt Garuda opt to field,49 runs,FC KVM Royal Warriors,Resulted,0,0,2026-09-01T20:30:29.296971+00:00
18240669,Box Cricket,TENNIS,past,2025-07-10T15:40:14.000Z,3003,Pune,459034,Runvijays Sports Club,1553677,TCC - 10th July League Tournament,,3004890,League Matches,8440020,Team Purple Panther,82/4,8440012,Team Yellow Phoenix,59/2,Toss: Team Purple Panther opt to bat,23 runs,Team Purple Panther,Resulted,0,0,2026-09-01T20:30:29.296971+00:00
18240994,Box Cricket,TENNIS,past,2025-07-10T16:02:09.000Z,3003,Pune,459034,Runvijays Sports Club,1553677,TCC - 10th July League Tournament,,3004890,League Matches,8440020,Team Purple Panther,82/4,8440012,Team Yellow Phoenix,68/1,Toss: Team Purple Panther opt to bat,14 runs,Team Purple Panther,Resulted,0,0,2026-09-01T20:30:29.296971+00:00
18241235,Box Cricket,TENNIS,past,2025-07-10T16:23:47.000Z,3003,Pune,459034,Runvijays Sports Club,1553677,TCC - 10th July League Tournament,,3004890,League Matches,8440020,Team Purple Panther,47/6,8440012,Team Yellow Phoenix,52/1,Toss: Team Purple Panther opt to bat,4 wickets,Team Yellow Phoenix,Resulted,0,0,2026-09-01T20:30:29.296971+00:00
18241438,Box Cricket,TENNIS,past,2025-07-10T16:41:27.000Z,3003,Pune,459034,Runvijays Sports Club,1553677,TCC - 10th July League Tournament,,3004890,League Matches,8440012,Team Yellow Phoenix,64/2,8440020,Team Purple Panther,41/2,Toss: Team Yellow Phoenix opt to bat,23 runs,Team Yellow Phoenix,Resulted,0,0,2026-09-01T20:30:29.296971+00:00
18241607,Box Cricket,TENNIS,past,2025-07-10T17:02:53.000Z,3003,Pune,459034,Runvijays Sports Club,1553677,TCC - 10th July League Tournament,,3004890,League Matches,8440012,Team Yellow Phoenix,58/5,8440020,Team Purple Panther,59/3,Toss: Team Purple Panther opt to field,2 wickets,Team Purple Panther,Resulted,0,0,2026-09-01T20:30:29.296971+00:00
18241769,Box Cricket,TENNIS,past,2025-07-10T17:24:22.000Z,3003,Pune,459034,Runvijays Sports Club,1553677,TCC - 10th July League Tournament,,3004890,League Matches,8440020,Team Purple Panther,72/1,8440012,Team Yellow Phoenix,48/1,Toss: Team Purple Panther opt to bat,24 runs,Team Purple Panther,Resulted,0,0,2026-09-01T20:30:29.296971+00:00
18284247,Limited Overs,LEATHER,past,2025-07-13T04:14:00.000Z,3003,Pune,242457,Hajare Sports Club,,,,,,6914624,Elites 11,215/7,5595424,Spartan 11,143/10,Toss: Elites 11 opt to bat,72 runs,Elites 11,Resulted,0,0,2026-09-01T20:30:29.296971+00:00
18309935,Limited Overs,TENNIS,past,2026-01-04T03:50:00.000Z,3003,Pune,313027,Spark Cricket Ground A1,,,,,,9088696,Super Strikers Cricket Club(SSCC),100/10,5853549,Vikings,102/2,Toss: Super Strikers Cricket Club(SSCC) opt to bat,8 wickets,Vikings,Resulted,0,0,2026-09-01T20:30:29.296971+00:00
18317507,Limited Overs,TENNIS,past,2025-11-03T01:40:27.000Z,3003,Pune,406981,"30YCA Cricket Ground, Chandkhed",,,,,,5146670,LR-Fearless Fighters,111/9,8233446,Park Connect Challengers,86/9,Toss: LR-Fearless Fighters opt to bat,25 runs,LR-Fearless Fighters,Resulted,0,0,2026-09-01T20:30:29.296971+00:00
18317512,Limited Overs,TENNIS,past,2025-11-10T01:40:15.000Z,3003,Pune,406981,"30YCA Cricket Ground, Chandkhed",,,,,,8233446,Park Connect Challengers,130/6,5146670,LR-Fearless Fighters,131/3,Toss: Park Connect Challengers opt to bat,7 wickets,LR-Fearless Fighters,Resulted,0,0,2026-09-01T20:30:29.296971+00:00
18317515,Limited Overs,TENNIS,past,2025-11-17T01:39:29.000Z,3003,Pune,406981,"30YCA Cricket Ground, Chandkhed",,,,,,8233446,Park Connect Challengers,159/4,5146670,LR-Fearless Fighters,123/9,Toss: Park Connect Challengers opt to bat,36 runs,Park Connect Challengers,Resulted,0,0,2026-09-01T20:30:29.296971+00:00
18319245,Limited Overs,LEATHER,past,2025-07-19T04:23:06.000Z,3003,Pune,242457,Hajare Sports Club,,,,,,2182812,All Rounders,174/10,6914624,Elites 11,175/7,Toss: All Rounders opt to bat,3 wickets,Elites 11,Resulted,0,0,2026-09-01T20:30:29.296971+00:00
18334889,Limited Overs,LEATHER,past,2025-11-16T08:29:09.000Z,3003,Pune,837481,CHANGBHALE CRICKET GROUND,1433533,THE SHIELD CUP T20 SEASON ( 1ST ) ,,2874394,League Matches,4344757,Shankaracharya Apex,158/8,9175480,Glory Cricket Club,83/10,Toss: Shankaracharya Apex opt to bat,75 runs,Shankaracharya Apex,Resulted,0,0,2026-09-01T20:30:29.296971+00:00
18344765,Limited Overs,LEATHER,past,2025-07-27T07:53:00.000Z,3003,Pune,557585,Platinum Cricket Ground.,1505174,PCG- ROYAL Monsoon Cup 2025,,2909415,League Matches,3499616,MIGHTY LIONS,176/9,4467797,Sparta,123/9,Toss: MIGHTY LIONS opt to bat,53 runs,MIGHTY LIONS,Resulted,0,0,2026-09-01T20:30:29.296971+00:00
18344813,Limited Overs,LEATHER,past,2025-09-07T09:15:00.000Z,3003,Pune,557585,Platinum Cricket Ground.,1505174,PCG- ROYAL Monsoon Cup 2025,,2909415,League Matches,810983,Medicos United,85/10,3499616,MIGHTY LIONS,86/6,Toss: Medicos United opt to bat,4 wickets,MIGHTY LIONS,Resulted,0,0,2026-09-01T20:30:29.296971+00:00
18344849,Limited Overs,LEATHER,past,2025-08-17T04:19:00.000Z,3003,Pune,557585,Platinum Cricket Ground.,1505174,PCG- ROYAL Monsoon Cup 2025,,2909415,League Matches,6363169,Rising Wolves,138/9,3499616,MIGHTY LIONS,107/10,Toss: MIGHTY LIONS opt to field,31 runs,Rising Wolves,Resulted,0,0,2026-09-01T20:30:29.296971+00:00
18364659,Box Cricket,TENNIS,past,2025-07-19T11:53:22.000Z,3003,Pune,398689,Sunrises Cricket Ground,1561158,KESNAND SOCIETY PREMIER LEAGUE-2025,,3019933,League Matches,10552892,Lohagad,74/3,10560194,Raigad,75/0,Toss: Lohagad opt to bat,6 wickets,Raigad,Resulted,0,0,2026-09-01T20:30:29.296971+00:00
18367153,Box Cricket,TENNIS,past,2025-07-19T14:45:04.000Z,3003,Pune,398689,Sunrises Cricket Ground,1561158,KESNAND SOCIETY PREMIER LEAGUE-2025,,3019933,League Matches,10560194,Raigad,69/6,10553435,Pratapgadh,68/5,Toss: Raigad opt to bat,1 run,Raigad,Resulted,0,0,2026-09-01T20:30:29.296971+00:00
18375302,Limited Overs,TENNIS,past,2025-07-20T04:58:58.000Z,3003,Pune,346898,Balasaheb Kunjir Kridangan,1563136,Friendship league ,,3023020,League Matches,4447038,LP Titans,117/5,7664645,Drunken Masters,58/10,Toss: LP Titans opt to bat,59 runs,LP Titans,Resulted,0,0,2026-09-01T20:30:29.296971+00:00
18375335,Limited Overs,TENNIS,past,2025-07-20T06:32:32.000Z,3003,Pune,346898,Balasaheb Kunjir Kridangan,1563136,Friendship league ,,3023020,League Matches,7664645,Drunken Masters,70/9,4447038,LP Titans,57/9,Toss: Drunken Masters opt to bat,13 runs,Drunken Masters,Resulted,0,0,2026-09-01T20:30:29.296971+00:00
18379907,Box Cricket,TENNIS,past,2025-07-20T04:41:00.000Z,3003,Pune,398689,Sunrises Cricket Ground,1561158,KESNAND SOCIETY PREMIER LEAGUE-2025,,3019933,League Matches,10553146,SHIVNERI,144/1,10560194,Raigad,83/4,Toss: SHIVNERI opt to bat,61 runs,SHIVNERI,Resulted,0,0,2026-09-01T20:30:29.296971+00:00
18387248,Box Cricket,TENNIS,past,2025-07-20T09:18:33.000Z,3003,Pune,398689,Sunrises Cricket Ground,1561158,KESNAND SOCIETY PREMIER LEAGUE-2025,,3024030,Super Six,10552727,SSH-XI,150/4,10560194,Raigad,70/6,Toss: Raigad opt to field,80 runs,SSH-XI,Resulted,0,0,2026-09-01T20:30:29.296971+00:00
18416297,Box Cricket,TENNIS,past,2025-07-22T13:41:26.000Z,3003,Pune,459034,Runvijays Sports Club,1565524,TCC - 22nd Jul league matches ,,3028132,League Matches,8440012,Team Yellow Phoenix,62/3,8440020,Team Purple Panther,68/4,Toss: Team Yellow Phoenix opt to bat,2 wickets,Team Purple Panther,Resulted,0,0,2026-09-01T20:30:29.296971+00:00
18416778,Box Cricket,TENNIS,past,2025-07-22T14:05:07.000Z,3003,Pune,459034,Runvijays Sports Club,1565524,TCC - 22nd Jul league matches ,,3028132,League Matches,8440020,Team Purple Panther,101/3,8440012,Team Yellow Phoenix,102/3,Toss: Team Purple Panther opt to bat,3 wickets,Team Yellow Phoenix,Resulted,0,0,2026-09-01T20:30:29.296971+00:00
18416948,Box Cricket,TENNIS,past,2025-07-22T14:25:48.000Z,3003,Pune,459034,Runvijays Sports Club,1565524,TCC - 22nd Jul league matches ,,3028132,League Matches,8440012,Team Yellow Phoenix,67/4,8440020,Team Purple Panther,68/2,Toss: Team Yellow Phoenix opt to bat,4 wickets,Team Purple Panther,Resulted,0,0,2026-09-01T20:30:29.296971+00:00
18417169,Box Cricket,TENNIS,past,2025-07-22T14:46:01.000Z,3003,Pune,459034,Runvijays Sports Club,1565524,TCC - 22nd Jul league matches ,,3028132,League Matches,8440020,Team Purple Panther,71/5,8440012,Team Yellow Phoenix,75/3,Toss: Team Purple Panther opt to bat,3 wickets,Team Yellow Phoenix,Resulted,0,0,2026-09-01T20:30:29.296971+00:00
18417384,Box Cricket,TENNIS,past,2025-07-22T15:09:56.000Z,3003,Pune,459034,Runvijays Sports Club,1565524,TCC - 22nd Jul league matches ,,3028132,League Matches,8440012,Team Yellow Phoenix,61/4,8440020,Team Purple Panther,62/1,Toss: Team Yellow Phoenix opt to bat,5 wickets,Team Purple Panther,Resulted,0,0,2026-09-01T20:30:29.296971+00:00
18417592,Box Cricket,TENNIS,past,2025-07-22T15:30:35.000Z,3003,Pune,459034,Runvijays Sports Club,1565524,TCC - 22nd Jul league matches ,,3028132,League Matches,8440020,Team Purple Panther,91/5,8440012,Team Yellow Phoenix,92/2,Toss: Team Purple Panther opt to bat,4 wickets,Team Yellow Phoenix,Resulted,0,0,2026-09-01T20:30:29.296971+00:00
18417793,Box Cricket,TENNIS,past,2025-07-22T15:51:59.000Z,3003,Pune,459034,Runvijays Sports Club,1565524,TCC - 22nd Jul league matches ,,3028132,League Matches,8440012,Team Yellow Phoenix,47/2,8440020,Team Purple Panther,49/1,Toss: Team Yellow Phoenix opt to bat,5 wickets,Team Purple Panther,Resulted,0,0,2026-09-01T20:30:29.296971+00:00
18455712,Limited Overs,LEATHER,past,2025-11-30T08:37:49.000Z,3003,Pune,837481,CHANGBHALE CRICKET GROUND,1433533,THE SHIELD CUP T20 SEASON ( 1ST ) ,,2874394,League Matches,3384152,Seamer Fighters,202/6,9175480,Glory Cricket Club,156/9,Toss: Seamer Fighters opt to bat,46 runs,Seamer Fighters,Resulted,0,0,2026-09-01T20:30:29.296971+00:00
18495630,Limited Overs,LEATHER,past,2025-09-13T08:30:44.000Z,3003,Pune,282913,Cricathon Cricket Ground,1187852,Cricathon Premier League Season 3,,2401653,League Matches,9589052,KP 11,79/7,2765155,CricUnited XI,Yet to bat,Toss: KP 11 opt to bat,Abandoned,,Abandoned,0,0,2026-09-01T20:30:29.296971+00:00
18530802,Limited Overs,TENNIS,past,2025-11-30T01:43:16.000Z,3003,Pune,574730,30YCA Spark A2 Cricket Ground,,,,,,3011151,Destiny Believers,117/10,5146670,LR-Fearless Fighters,120/4,Toss: Destiny Believers opt to bat,6 wickets,LR-Fearless Fighters,Resulted,0,0,2026-09-01T20:30:29.296971+00:00
18597482,Limited Overs,LEATHER,past,2025-12-07T07:52:13.000Z,3003,Pune,837481,CHANGBHALE CRICKET GROUND,1433533,THE SHIELD CUP T20 SEASON ( 1ST ) ,,2874394,League Matches,9175480,Glory Cricket Club,115/10,8841643,Falcon Flames,119/1,Toss: Glory Cricket Club opt to bat,9 wickets,Falcon Flames,Resulted,0,0,2026-09-01T20:30:29.296971+00:00
18605167,Limited Overs,TENNIS,past,2025-08-06T01:38:25.000Z,2796,Dehu Road,756881,Shree Samarth Academy- VDR 2 Gahunje,,,,,,6324345,Radiant Rovers,119/9,2210454,Smashers XI,107/10,Toss: Smashers XI opt to field,12 runs,Radiant Rovers,Resulted,0,0,2026-09-01T20:30:29.296971+00:00
18619151,Limited Overs,TENNIS,past,2025-08-09T09:54:19.000Z,17704,Frankfurt (Hessen),738263,Mühlheim-Dietesheim,1563884,Ruchi Masters-T20-2025 ,,3042278,League Matches,7449958,Darebulls,187/9,6290732,TSV Frankfurt Garuda,158/7,Toss: Darebulls opt to bat,29 runs,Darebulls,Resulted,0,0,2026-09-01T20:30:29.296971+00:00
18671105,Limited Overs,LEATHER,past,2025-08-10T08:15:00.000Z,3003,Pune,703833,"VDR2, GAHUNJE, PIMPRI-CHINCHWAD",,,,,,6356807,Cap Crusaders,171/11,6085651,Top Gun Mavericks,174/10,Toss: Cap Crusaders opt to bat,0 wicket,Top Gun Mavericks,Resulted,0,0,2026-09-01T20:30:29.296971+00:00
18719694,Limited Overs,TENNIS,past,2025-08-15T01:45:26.000Z,3003,Pune,773490,Cricket Heaven Sports Club,,,,,,5146670,LR-Fearless Fighters,141/6,4575270,Revanta Risers Ravet (RRR),73/10,Toss: Revanta Risers Ravet (RRR) opt to field,68 runs,LR-Fearless Fighters,Resulted,0,0,2026-09-01T20:30:29.296971+00:00
18721518,Limited Overs,TENNIS,past,2025-08-16T10:28:33.000Z,17704,Frankfurt (Hessen),324779,Trebur,1563884,Ruchi Masters-T20-2025 ,,3042278,League Matches,4220557,FC KVM Royal Warriors,180/6,7449958,Darebulls,119/10,Toss: FC KVM Royal Warriors opt to bat,61 runs,FC KVM Royal Warriors,Resulted,0,0,2026-09-01T20:30:29.296971+00:00
18784656,Limited Overs,LEATHER,past,2025-12-27T04:01:00.000Z,3003,Pune,427292,SILVER CRICKET ACADAMY - CHIKHALI,1580018,Mahil Sports Presents KPL Mix Corporate T20 League Season 16,,3079316,League Matches,2765155,CricUnited XI,177/9,2504072,V Edge,181/1,Toss: CricUnited XI opt to bat,9 wickets,V Edge,Resulted,0,0,2026-09-01T20:30:29.296971+00:00
18784657,Limited Overs,LEATHER,past,2025-12-20T04:12:44.000Z,3003,Pune,427292,SILVER CRICKET ACADAMY - CHIKHALI,1580018,Mahil Sports Presents KPL Mix Corporate T20 League Season 16,,3079316,League Matches,6419468,Strikers United,208/4,5595424,Spartan 11,199/4,Toss: Strikers United opt to bat,9 runs,Strikers United,Resulted,0,0,2026-09-01T20:30:29.296971+00:00
18784663,Limited Overs,LEATHER,past,2025-09-21T08:40:24.000Z,3003,Pune,409201,"Walke Sports Ground, Bhosari Alandi Road",1580018,Mahil Sports Presents KPL Mix Corporate T20 League Season 16,,3079316,League Matches,4428836,UBC (United By Cricket),122/9,6419468,Strikers United,123/2,Toss: UBC (United By Cricket) opt to bat,7 wickets,Strikers United,Resulted,0,0,2026-09-01T20:30:29.296971+00:00
18784669,Limited Overs,LEATHER,past,2026-01-17T08:44:00.000Z,3003,Pune,427292,SILVER CRICKET ACADAMY - CHIKHALI,1580018,Mahil Sports Presents KPL Mix Corporate T20 League Season 16,,3079316,League Matches,6419468,Strikers United,184/10,2436247,Kharadi Lions,178/4,Toss: Kharadi Lions opt to field,6 runs,Strikers United,Resulted,0,0,2026-09-01T20:30:29.296971+00:00
18801378,Limited Overs,LEATHER,past,2026-01-24T03:55:00.000Z,3003,Pune,619099,Kings Sports Club Hadapsar,1592443,Mahil Sports Presents KPL Mix Corporate T22 League Season-17,,3081576,League Matches,10398442,Vamos Cricket Club,163/7,3499616,MIGHTY LIONS,164/7,Toss: MIGHTY LIONS opt to field,"Becasue  based on the rulebook, one player on their team was not eligible.",Vamos Cricket Club,Resulted,0,0,2026-09-01T20:30:29.296971+00:00
18801495,Limited Overs,LEATHER,past,2026-03-14T07:54:00.000Z,3003,Pune,619099,Kings Sports Club Hadapsar,1592443,Mahil Sports Presents KPL Mix Corporate T22 League Season-17,,3081576,League Matches,5923762,The All-Rounders,204/5,3499616,MIGHTY LIONS,208/5,Toss: MIGHTY LIONS opt to field,5 wickets,MIGHTY LIONS,Resulted,0,0,2026-09-01T20:30:29.296971+00:00
18821701,Limited Overs,TENNIS,past,2025-08-23T08:24:20.000Z,17704,Frankfurt (Hessen),155825,SVS Sachsenhausen-Mud,1563884,Ruchi Masters-T20-2025 ,,3042278,League Matches,7449958,Darebulls,166/8,2114868,SVS Frankfurt Eagles,172/5,Toss: Darebulls opt to bat,5 wickets,SVS Frankfurt Eagles,Resulted,0,0,2026-09-01T20:30:29.296971+00:00
18830065,Limited Overs,LEATHER,past,2026-01-03T03:55:00.000Z,3003,Pune,837481,CHANGBHALE CRICKET GROUND,1581666,SFS T20 RED BALL TOURNAMENT SEASON 2,,3060109,League Matches,3507332,Legends United,169/7,9175480,Glory Cricket Club,140/8,Toss: Legends United opt to bat,29 runs,Legends United,Resulted,0,0,2026-09-01T20:30:29.296971+00:00
18830097,Limited Overs,LEATHER,past,2026-01-17T08:04:00.000Z,3003,Pune,837481,CHANGBHALE CRICKET GROUND,1581666,SFS T20 RED BALL TOURNAMENT SEASON 2,,3060109,League Matches,1856543,DMC,152/8 & 12/0,9175480,Glory Cricket Club,152/9 & 6/1,Toss: DMC opt to bat,Match Tied (DMC won the super over),DMC,Resulted,0,1,2026-09-01T20:30:29.296971+00:00
18832070,Limited Overs,TENNIS,past,2025-08-23T02:30:02.000Z,3003,Pune,220618,Punawale,1595789,Punawale Big Bash Leage 2025,,3086670,League Matches,10755817,Puneville Kings,77/7,10755814,Raigad Warriors,78/7,Toss: Raigad Warriors opt to field,4 wickets,Raigad Warriors,Resulted,0,0,2026-09-01T20:30:29.296971+00:00
18832111,Limited Overs,TENNIS,past,2025-08-23T08:00:40.000Z,3003,Pune,220618,Punawale,1595789,Punawale Big Bash Leage 2025,,3086670,League Matches,10755837,Puneville Eagles,88/10,10755814,Raigad Warriors,56/10,Toss: Raigad Warriors opt to field,32 runs,Puneville Eagles,Resulted,0,0,2026-09-01T20:30:29.296971+00:00
18849967,Limited Overs,TENNIS,past,2025-08-24T05:41:29.000Z,3003,Pune,220618,Punawale,1595789,Punawale Big Bash Leage 2025,,3086670,League Matches,10755814,Raigad Warriors,77/4,10755835,Puneville Titans,60/10,Toss: Raigad Warriors opt to bat,17 runs,Raigad Warriors,Resulted,0,0,2026-09-01T20:30:29.296971+00:00
18865845,Limited Overs,TENNIS,past,2025-08-24T08:46:33.000Z,3003,Pune,220618,Punawale,1595789,Punawale Big Bash Leage 2025,,3090696,Semi Final,10755814,Raigad Warriors,52/6,10755837,Puneville Eagles,54/8,Toss: Puneville Eagles opt to field,2 wickets,Puneville Eagles,Resulted,0,0,2026-09-01T20:30:29.296971+00:00
18873105,Limited Overs,LEATHER,past,2025-10-04T08:45:22.000Z,3003,Pune,279075,Virag Cricket Ground Wadki,1292702,VINTAGE SEASON 20 ( T-22 ),,2483566,League Matches,3271370,SUNRISE 11,117/8,8449559,Alpha Warriors,121/7,Toss: SUNRISE 11 opt to bat,3 wickets,Alpha Warriors,Resulted,0,0,2026-09-01T20:30:29.296971+00:00
18873204,Limited Overs,LEATHER,past,2025-11-16T02:24:00.000Z,3003,Pune,284203,"AK Sports Club,Salumbare",1592499,DY PATIL CUP SEASON 1 ,,3084454,League Matches,3507332,Legends United,164/8,6914624,Elites 11,142/8,Toss: Elites 11 opt to field,22 runs,Legends United,Resulted,0,0,2026-09-01T20:30:29.296971+00:00
18873329,Limited Overs,LEATHER,past,2025-12-14T02:13:25.000Z,3003,Pune,284203,"AK Sports Club,Salumbare",1592499,DY PATIL CUP SEASON 1 ,,3084454,League Matches,948744,Cricket Addicts,105/10,6914624,Elites 11,108/6,Toss: Elites 11 opt to field,4 wickets,Elites 11,Resulted,0,0,2026-09-01T20:30:29.296971+00:00
18875434,Limited Overs,LEATHER,past,2026-01-25T04:17:01.000Z,3003,Pune,837481,CHANGBHALE CRICKET GROUND,1581666,SFS T20 RED BALL TOURNAMENT SEASON 2,,3060109,League Matches,9175480,Glory Cricket Club,119/10,6237437,Devva Daredevils,122/2,Toss: Glory Cricket Club opt to bat,7 wickets,Devva Daredevils,Resulted,0,0,2026-09-01T20:30:29.296971+00:00
18889025,Box Cricket,TENNIS,past,2025-08-26T10:11:25.000Z,3003,Pune,115188,Armour Turf Kharadi,1592648,Dummy Series,,3087545,League Matches,10738668,Test Team,51/2,10753629,Testing Kings,50/3,Toss: Test Team opt to bat,1 run,Test Team,Resulted,0,0,2026-09-01T20:30:29.296971+00:00
18918095,Limited Overs,TENNIS,past,2025-08-30T09:51:10.000Z,1031,Penha de Franca,991931,niederrad,1563884,Ruchi Masters-T20-2025 ,,3042278,League Matches,7449958,Darebulls,181/8,7251731,KK Challengers,153/10,Toss: KK Challengers opt to field,28 runs,Darebulls,Resulted,0,0,2026-09-01T20:30:29.296971+00:00
18925883,Box Cricket,TENNIS,past,2025-08-30T02:12:11.000Z,3003,Pune,991515,Nivaan TURF,1601848,Nivaan Cricket League,,3099468,Round One,10792954,Team B,21/6,10793006,Team D,22/1,Toss: Team B opt to bat,4 wickets,Team D,Resulted,0,0,2026-09-01T20:30:29.296971+00:00
18927237,Box Cricket,TENNIS,past,2025-08-30T03:44:49.000Z,3003,Pune,991515,Nivaan TURF,1601848,Nivaan Cricket League,,3099468,Round One,10792958,Team C,39/3,10792954,Team B,15/6,Toss: Team B opt to field,24 runs,Team C,Resulted,0,0,2026-09-01T20:30:29.296971+00:00
18927881,Box Cricket,TENNIS,past,2025-08-30T04:36:40.000Z,3003,Pune,991515,Nivaan TURF,1601848,Nivaan Cricket League,,3099468,Round One,10792954,Team B,87/1,10792931,Team A,68/4,Toss: Team A opt to field,19 runs,Team B,Resulted,0,0,2026-09-01T20:30:29.296971+00:00
18935307,Box Cricket,TENNIS,past,2025-08-30T12:49:44.000Z,3003,Pune,991515,Nivaan TURF,1601848,Nivaan Cricket League,,3100727,Super Knockout,10792954,Team B,20/5,10792931,Team A,21/1,Toss: Team A opt to field,4 wickets,Team A,Resulted,0,0,2026-09-01T20:30:29.296971+00:00
18943395,Limited Overs,TENNIS,past,2025-08-31T02:07:00.000Z,3003,Pune,59980,Gliding Centre Ground,,,,,,4920407,Odisha Juggernauts,76/3,10800216,Classic Warriors,80/3,Toss: Classic Warriors opt to field,5 wickets,Classic Warriors,Resulted,0,0,2026-09-01T20:30:29.296971+00:00
18946632,Limited Overs,TENNIS,past,2025-08-31T03:34:07.000Z,3003,Pune,59980,Gliding Centre Ground,,,,,,4920407,Odisha Juggernauts,93/6,10800216,Classic Warriors,50/9,Toss: Odisha Juggernauts opt to bat,43 runs,Odisha Juggernauts,Resulted,0,0,2026-09-01T20:30:29.296971+00:00
18959704,Limited Overs,TENNIS,past,2026-02-21T01:42:03.000Z,3003,Pune,59762,Barne Academy Ground Pusane,1556054,LR Supergiants Season-01,,3016759,League Matches,9342287,LR-SuperGiants,128/8,4973114,R16 Arezo Kings,132/4,Toss: R16 Arezo Kings opt to field,6 wickets,R16 Arezo Kings,Resulted,0,0,2026-09-01T20:30:29.296971+00:00
18965706,Limited Overs,LEATHER,past,2025-09-13T09:02:00.000Z,3003,Pune,59337,Sportsage Cricket Ground,1552349,cricWIZARDS (Leather) - Season 1,,3002790,League Matches,7714116,Royal Riders,140/7,810983,Medicos United,120/5,Toss: Medicos United opt to field,20 runs (DLS method),Royal Riders,Resulted,0,0,2026-09-01T20:30:29.296971+00:00
18966336,Limited Overs,LEATHER,past,2025-09-06T08:56:03.000Z,3003,Pune,409201,"Walke Sports Ground, Bhosari Alandi Road",1598080,Mahil Sports Presents KPL Mix Corporate T20 League Season 18,,3092451,League Matches,9646675,Democratic Champions,119/10,1897462,Spartans,103/9,Toss: Democratic Champions opt to bat,16 runs,Democratic Champions,Resulted,0,0,2026-09-01T20:30:29.296971+00:00
18981227,Limited Overs,LEATHER,past,2026-01-17T04:26:46.000Z,3003,Pune,409201,"Walke Sports Ground, Bhosari Alandi Road",1598080,Mahil Sports Presents KPL Mix Corporate T20 League Season 18,,3092451,League Matches,1897462,Spartans,140/7,4344757,Shankaracharya Apex,142/7,Toss: Shankaracharya Apex opt to field,3 wickets,Shankaracharya Apex,Resulted,0,0,2026-09-01T20:30:29.296971+00:00
18981231,Limited Overs,LEATHER,past,2026-01-24T04:14:48.000Z,3003,Pune,409201,"Walke Sports Ground, Bhosari Alandi Road",1598080,Mahil Sports Presents KPL Mix Corporate T20 League Season 18,,3092451,League Matches,1897462,Spartans,130/8,2436247,Kharadi Lions,132/5,Toss: Spartans opt to bat,5 wickets,Kharadi Lions,Resulted,0,0,2026-09-01T20:30:29.296971+00:00
18981261,Limited Overs,LEATHER,past,2026-04-05T08:16:14.000Z,3003,Pune,409201,"Walke Sports Ground, Bhosari Alandi Road",1598080,Mahil Sports Presents KPL Mix Corporate T20 League Season 18,,3092451,League Matches,4344757,Shankaracharya Apex,177/5,5595424,Spartan 11,97/10,Toss: Shankaracharya Apex opt to bat,80 runs,Shankaracharya Apex,Resulted,0,0,2026-09-01T20:30:29.296971+00:00
18992222,Limited Overs,TENNIS,past,2025-09-07T01:39:53.000Z,3003,Pune,313027,Spark Cricket Ground A1,,,,,,9088696,Super Strikers Cricket Club(SSCC),100/6,5425634,Swarajya,104/6,Toss: Super Strikers Cricket Club(SSCC) opt to bat,4 wickets,Swarajya,Resulted,0,0,2026-09-01T20:30:29.296971+00:00
18992924,Limited Overs,LEATHER,past,2026-02-08T04:20:00.000Z,3003,Pune,837481,CHANGBHALE CRICKET GROUND,1581666,SFS T20 RED BALL TOURNAMENT SEASON 2,,3060109,League Matches,9175480,Glory Cricket Club,131/10,6356807,Cap Crusaders,132/0,Toss: Glory Cricket Club opt to bat,10 wickets,Cap Crusaders,Resulted,0,0,2026-09-01T20:30:29.296971+00:00
18994264,Limited Overs,LEATHER,past,2026-02-15T08:15:00.000Z,3003,Pune,837481,CHANGBHALE CRICKET GROUND,1581666,SFS T20 RED BALL TOURNAMENT SEASON 2,,3060109,League Matches,9175480,Glory Cricket Club,99/10,8305957,Knights Armour,100/2,Toss: Glory Cricket Club opt to bat,8 wickets,Knights Armour,Resulted,0,0,2026-09-01T20:30:29.296971+00:00
18995471,Limited Overs,LEATHER,past,2025-09-04T13:43:23.000Z,2782,Chinchwad,994037,cricathon cricket ground ,,,,,,2223945,Life Republic Royals,153/5,2141371,Cricathon Sports Club,83/8,Toss: Life Republic Royals opt to bat,70 runs,Life Republic Royals,Resulted,0,0,2026-09-01T20:30:29.296971+00:00
18998293,Limited Overs,TENNIS,past,2025-09-06T09:54:17.000Z,17704,Frankfurt (Hessen),899762,Tgs Vorwärts,1423920,Challengers Cup,PREMIUM,3060593,League Matches,806595,Juggernaut Cricket Club,116/2,7449958,Darebulls,77/10,Toss: Darebulls opt to field,39 runs,Juggernaut Cricket Club,Resulted,0,0,2026-09-01T20:30:29.296971+00:00
18998296,Limited Overs,TENNIS,past,2025-09-06T12:13:38.000Z,1759,Adityapatna,994923,hsbs,1423920,Challengers Cup,PREMIUM,3060593,League Matches,4220557,TSGN Royal Warriors,81/8,7449958,Darebulls,44/10,Toss: TSGN Royal Warriors opt to bat,37 runs,TSGN Royal Warriors,Resulted,0,0,2026-09-01T20:30:29.296971+00:00
18998302,Limited Overs,TENNIS,past,2025-09-06T15:21:03.000Z,1759,Adityapatna,994984,hsbsb,1423920,Challengers Cup,PREMIUM,3060593,League Matches,7449958,Darebulls,57/8,7251731,KK Challengers,61/9,Toss: KK Challengers opt to field,1 wicket,KK Challengers,Resulted,0,0,2026-09-01T20:30:29.296971+00:00
19005726,Limited Overs,LEATHER,past,2025-10-19T09:40:00.000Z,3003,Pune,766870,Cricket Haven Sport Club,1332536,Ujagare Cup ,,2568060,League Matches,5460201,HITMAN SPORTS,133/10,4344757,Shankaracharya Apex,137/2,Toss: HITMAN SPORTS opt to bat,8 wickets,Shankaracharya Apex,Resulted,0,0,2026-09-01T20:30:29.296971+00:00
19020514,Limited Overs,TENNIS,past,2025-09-07T01:41:35.000Z,3003,Pune,25806,"Masters Cricket Club Ground, Kolwadi",,,,,,4447038,LP Titans,119/8,9694325,Phoenix Ashers,61/10,Toss: Phoenix Ashers opt to field,58 runs,LP Titans,Resulted,0,0,2026-09-01T20:30:29.296971+00:00
19024673,Limited Overs,LEATHER,past,2025-09-14T09:18:12.000Z,3003,Pune,59337,Sportsage Cricket Ground,1552349,cricWIZARDS (Leather) - Season 1,,3002790,League Matches,7714116,Royal Riders,29/1,6302823,BFL EUPHORIA XI,Yet to bat,Toss: BFL EUPHORIA XI opt to field,Abandoned,,Abandoned,0,0,2026-09-01T20:30:29.296971+00:00
19026485,Limited Overs,TENNIS,past,2025-09-07T01:37:00.000Z,3003,Pune,557585,Platinum Cricket Ground.,,,,,,8146841,Power Squad,131/10,10813860,Nivaan Meadows,116/6,Toss: Power Squad opt to bat,15 runs,Power Squad,Resulted,0,0,2026-09-01T20:30:29.296971+00:00
19032116,Box Cricket,TENNIS,past,2025-09-11T09:38:41.000Z,3003,Pune,348278,Commerzone TURF,1604764,PuTC Box Cricket League - Season 1,,3105751,League Matches,10811893,The Googly Gang,60/6,10819729,Victory Vibes,65/0,Toss: The Googly Gang opt to bat,7 wickets,Victory Vibes,Resulted,0,0,2026-09-01T20:30:29.296971+00:00
19032453,Box Cricket,TENNIS,past,2025-09-17T10:12:59.000Z,3003,Pune,348278,Commerzone TURF,1604764,PuTC Box Cricket League - Season 1,,3105751,League Matches,10811893,The Googly Gang,100/2,10807651,Super Strikers,103/1,Toss: Super Strikers opt to field,5 wickets,Super Strikers,Resulted,0,0,2026-09-01T20:30:29.296971+00:00
19032590,Box Cricket,TENNIS,past,2025-09-18T10:15:55.000Z,3003,Pune,348278,Commerzone TURF,1604764,PuTC Box Cricket League - Season 1,,3105751,League Matches,10811893,The Googly Gang,58/5,10808101,Strategic Strikers,59/0,Toss: The Googly Gang opt to bat,6 wickets,Strategic Strikers,Resulted,0,0,2026-09-01T20:30:29.296971+00:00
19049765,Limited Overs,LEATHER,past,2025-09-20T04:05:00.000Z,3003,Pune,557585,Platinum Cricket Ground.,1505174,PCG- ROYAL Monsoon Cup 2025,,2909416,Semi Final,3499616,MIGHTY LIONS,95/10,7714116,Royal Riders,96/6,Toss: MIGHTY LIONS opt to bat,4 wickets,Royal Riders,Resulted,0,0,2026-09-01T20:30:29.296971+00:00
19055112,Limited Overs,LEATHER,past,2025-09-11T13:46:00.000Z,3003,Pune,281236,Spark Cricket Ground jambe,,,,,,6748181,SS (Shinning Stars),148/8,2223945,Life Republic Royals,152/2,Toss: SS (Shinning Stars) opt to bat,8 wickets,Life Republic Royals,Resulted,0,0,2026-09-01T20:30:29.296971+00:00
19056689,Limited Overs,TENNIS,past,2025-09-13T03:37:05.000Z,3003,Pune,767694,Four Star Cricket Ground,1585234,BMA - Weekend Corporate League Season-1,,3066291,League Matches,9088696,Super Strikers Cricket Club(SSCC),94/10,6324345,Radiant Rovers,102/5,Toss: Super Strikers Cricket Club(SSCC) opt to bat,5 wickets,Radiant Rovers,Resulted,0,0,2026-09-01T20:30:29.296971+00:00
19075797,Box Cricket,TENNIS,past,2025-09-11T11:38:08.000Z,3003,Pune,709310,TurfUp Kharadi,1592115,GCRG Premier League ,,3105117,League Matches,10808710,Crew9 Royals,8/1,10808759,Power Hitters,Yet to bat,Toss: Power Hitters opt to field,0 run,Power Hitters,Resulted,0,0,2026-09-01T20:30:29.296971+00:00
19075858,Limited Overs,LEATHER,past,2025-09-17T14:12:46.000Z,3003,Pune,282913,Cricathon Cricket Ground,1419346,Cricathon Night Weekdays Season 4,,2743542,League Matches,2223945,Life Republic Royals,166/8,2141371,Cricathon Sports Club,167/7,Toss: Life Republic Royals opt to bat,3 wickets,Cricathon Sports Club,Resulted,0,0,2026-09-01T20:30:29.296971+00:00
19075875,Box Cricket,TENNIS,past,2025-09-11T12:54:00.000Z,3003,Pune,709310,TurfUp Kharadi,1592115,GCRG Premier League ,,3105117,League Matches,10808710,Crew9 Royals,88/4,10808740,Barrier Breakers,53/4,Toss: Crew9 Royals opt to bat,35 runs,Crew9 Royals,Resulted,0,0,2026-09-01T20:30:29.296971+00:00
19093807,Box Cricket,TENNIS,past,2025-09-12T11:03:08.000Z,3003,Pune,709310,TurfUp Kharadi,1592115,GCRG Premier League ,,3122001,Quarter Final,10808727,GSR Strikers,63/4,10808710,Crew9 Royals,62/3,Toss: Crew9 Royals opt to field,1 run,GSR Strikers,Resulted,0,0,2026-09-01T20:30:29.296971+00:00
19100998,Limited Overs,TENNIS,past,2025-09-13T07:54:00.000Z,3003,Pune,59893,Kesnand Park,1614803,Amol Sarita Gaikwad Premier League -2025,,3123097,League Matches,10864105,Nivvan Ninjas,72/6,10864124,Kesnand Fighters,74/3,Toss: Nivvan Ninjas opt to bat,7 wickets,Kesnand Fighters,Resulted,0,0,2026-09-01T20:30:29.296971+00:00
19116863,Box Cricket,TENNIS,past,2025-09-14T02:49:38.000Z,3003,Pune,549968,S k Sports Club,1609446,ESG Cricket Tournament-Season5,,3124905,League Matches,10850883,Elementa Thunder Lions ESG - 5,52/6,10833166,Satpura Tigers,53/1,Toss: Satpura Tigers opt to field,7 wickets,Satpura Tigers,Resulted,0,0,2026-09-01T20:30:29.296971+00:00
19122899,Limited Overs,LEATHER,past,2025-10-05T04:09:00.000Z,3003,Pune,282913,Cricathon Cricket Ground,1531684,Cricathon Bigbash Cup T25 2025-2026 Season4,,2978351,League Matches,2223945,Life Republic Royals,161/10,10674930,The Decimators,163/8,Toss: The Decimators opt to field,2 wickets,The Decimators,Resulted,0,0,2026-09-01T20:30:29.296971+00:00
19127310,Limited Overs,TENNIS,past,2025-09-14T01:59:38.000Z,3003,Pune,59893,Kesnand Park,1614803,Amol Sarita Gaikwad Premier League -2025,,3123097,League Matches,10864126,Optima Hights,108/2,10864105,Nivvan Ninjas,98/3,Toss: Optima Hights opt to bat,10 runs,Optima Hights,Resulted,0,0,2026-09-01T20:30:29.296971+00:00
19173848,Limited Overs,LEATHER,past,2025-09-21T03:55:00.000Z,3003,Pune,592809,Gary Kirsten Bhosari,1123301,Mahil Sports Presents KPL Mix Corporate T25 League Season 11,,2235222,League Matches,5242759,PMP Incredibles,114/10,2765155,CricUnited XI,118/4,Toss: PMP Incredibles opt to bat,6 wickets,CricUnited XI,Resulted,0,0,2026-09-01T20:30:29.296971+00:00
19177688,Limited Overs,TENNIS,past,2025-09-21T03:25:00.000Z,3003,Pune,188404,GK Silverland Residency PHASE 1,1619650,Navaratri Series,,3133009,League Matches,10892508,Dandiya Warriors,60/5,10892516,Navdurga Warriors,61/2,Toss: Navdurga Warriors opt to field,5 wickets,Navdurga Warriors,Resulted,0,0,2026-09-01T20:30:29.296971+00:00
19177702,Limited Overs,TENNIS,past,2025-09-21T04:01:26.000Z,3003,Pune,188404,GK Silverland Residency PHASE 1,1619650,Navaratri Series,,3133009,League Matches,10892503,Jay Mata Di,50/7,10892516,Navdurga Warriors,51/3,Toss: Navdurga Warriors opt to field,4 wickets,Navdurga Warriors,Resulted,0,0,2026-09-01T20:30:29.296971+00:00
19177717,Limited Overs,TENNIS,past,2025-09-21T04:33:36.000Z,3003,Pune,188404,GK Silverland Residency PHASE 1,1619650,Navaratri Series,,3133009,League Matches,10892503,Jay Mata Di,89/3,10892508,Dandiya Warriors,61/6,Toss: Dandiya Warriors opt to field,28 runs,Jay Mata Di,Resulted,0,0,2026-09-01T20:30:29.296971+00:00
19196927,Box Cricket,TENNIS,past,2025-09-20T02:55:57.000Z,3003,Pune,549968,S k Sports Club,1609446,ESG Cricket Tournament-Season5,,3124905,League Matches,10850883,Elementa Thunder Lions ESG - 5,49/4,10833167,Elementa Panthers ESG-5,50/0,Toss: Elementa Panthers ESG-5 opt to field,8 wickets,Elementa Panthers ESG-5,Resulted,0,0,2026-09-01T20:30:29.296971+00:00
19196949,Box Cricket,TENNIS,past,2025-09-21T01:31:50.000Z,3003,Pune,549968,S k Sports Club,1609446,ESG Cricket Tournament-Season5,,3124905,League Matches,10850883,Elementa Thunder Lions ESG - 5,124/4,6867780,Elementa Super Kings,91/3,Toss: Elementa Super Kings opt to field,33 runs,Elementa Thunder Lions ESG - 5,Resulted,0,0,2026-09-01T20:30:29.296971+00:00
19202768,Limited Overs,TENNIS,past,2025-09-21T04:42:34.000Z,3003,Pune,625414,22 Yard Cricket Ground Bhugaon,1601771,VERSATILE EVENTS T10 CRICKET TOURNAMENT 2025,,3119943,League Matches,6830244,IVORY STRIKERS,75/6,5410921,CLASSIC XI,76/0,Toss: IVORY STRIKERS opt to bat,10 wickets,CLASSIC XI,Resulted,0,0,2026-09-01T20:30:29.296971+00:00
19202775,Limited Overs,TENNIS,past,2025-09-21T16:33:16.000Z,3003,Pune,625414,22 Yard Cricket Ground Bhugaon,1601771,VERSATILE EVENTS T10 CRICKET TOURNAMENT 2025,,3119943,League Matches,6830244,IVORY STRIKERS,78/6,8548265,Sinhgad Warriors,79/1,Toss: IVORY STRIKERS opt to bat,9 wickets,Sinhgad Warriors,Resulted,0,0,2026-09-01T20:30:29.296971+00:00
19220435,Limited Overs,LEATHER,past,2025-11-29T08:56:15.000Z,3003,Pune,284203,"AK Sports Club,Salumbare",1592499,DY PATIL CUP SEASON 1 ,,3084454,League Matches,1897462,Spartans,154/8,7239262,Definite Eleven Cricket Association,111/9,Toss: Spartans opt to bat,43 runs,Spartans,Resulted,0,0,2026-09-01T20:30:29.296971+00:00
19220512,Limited Overs,LEATHER,past,2025-10-04T02:46:19.000Z,3003,Pune,284203,"AK Sports Club,Salumbare",1592499,DY PATIL CUP SEASON 1 ,,3084454,League Matches,9646675,Democratic Champions,158/10,1897462,Spartans,162/3,Toss: Spartans opt to field,7 wickets,Spartans,Resulted,0,0,2026-09-01T20:30:29.296971+00:00
19220609,Limited Overs,LEATHER,past,2026-01-04T06:06:51.000Z,3003,Pune,284203,"AK Sports Club,Salumbare",1592499,DY PATIL CUP SEASON 1 ,,3084454,League Matches,6914624,Elites 11,205/10,1897462,Spartans,128/10,Toss: Elites 11 opt to bat,77 runs,Elites 11,Resulted,0,0,2026-09-01T20:30:29.296971+00:00
19235713,Limited Overs,TENNIS,past,2025-09-21T06:24:01.000Z,3003,Pune,188404,GK Silverland Residency PHASE 1,1619650,Navaratri Series,,3133009,League Matches,10892516,Navdurga Warriors,65/6,10892503,Jay Mata Di,69/1,Toss: Jay Mata Di opt to field,6 wickets,Jay Mata Di,Resulted,0,0,2026-09-01T20:30:29.296971+00:00
19235820,Limited Overs,TENNIS,past,2025-09-21T06:18:37.000Z,3003,Pune,188404,GK Silverland Residency PHASE 1,1619650,Navaratri Series,,3133009,League Matches,10892516,Navdurga Warriors,81/2,10892508,Dandiya Warriors,83/1,Toss: Dandiya Warriors opt to field,6 wickets,Dandiya Warriors,Resulted,0,0,2026-09-01T20:30:29.296971+00:00
19237591,Limited Overs,TENNIS,past,2025-09-21T07:11:36.000Z,3003,Pune,188404,GK Silverland Residency PHASE 1,1619650,Navaratri Series,,3133009,League Matches,10892503,Jay Mata Di,75/4,10892508,Dandiya Warriors,70/7,Toss: Dandiya Warriors opt to field,5 runs,Jay Mata Di,Resulted,0,0,2026-09-01T20:30:29.296971+00:00
19238044,Limited Overs,TENNIS,past,2025-10-02T01:34:00.000Z,3003,Pune,12485,Mulshi Cricket Ground,,,,,,7942283,LR R16 Maratha Warriors,110/9,5146670,LR-Fearless Fighters,112/4,Toss: LR-Fearless Fighters opt to field,6 wickets,LR-Fearless Fighters,Resulted,0,0,2026-09-01T20:30:29.296971+00:00
19239392,Limited Overs,TENNIS,past,2025-09-21T08:06:00.000Z,3003,Pune,188404,GK Silverland Residency PHASE 1,1619650,Navaratri Series,,3133009,League Matches,10892503,Jay Mata Di,52/7,10892516,Navdurga Warriors,54/1,Toss: Navdurga Warriors opt to field,6 wickets,Navdurga Warriors,Resulted,0,0,2026-09-01T20:30:29.296971+00:00
19248895,Limited Overs,LEATHER,past,2026-01-26T08:27:00.000Z,3003,Pune,283835,MCC Kolwadi,1552349,cricWIZARDS (Leather) - Season 1,,3002791,Semi Final,7659243,Solid Squad,190/7,7714116,Royal Riders,196/4,Toss: Solid Squad opt to bat,6 wickets,Royal Riders,Resulted,0,0,2026-09-01T20:30:29.296971+00:00
19252567,Limited Overs,LEATHER,past,2025-11-30T08:18:00.000Z,3003,Pune,25806,"Masters Cricket Club Ground, Kolwadi",1608447,SAGA 3.0,,3142165,League Matches,3499616,MIGHTY LIONS,169/8,10777214,Force11,158/10,Toss: MIGHTY LIONS opt to bat,11 runs,MIGHTY LIONS,Resulted,0,0,2026-09-01T20:30:29.296971+00:00
19260953,Limited Overs,LEATHER,past,2025-09-26T04:36:59.000Z,3003,Pune,282913,Cricathon Cricket Ground,1612380,SACHIN ZIMAL GROUP PRESENTS OPEN 50 OVER TOURNAMENT.,,3119051,League Matches,8421022,A C DYNAMITES,151/10,10868317,Ak Cricket Academy,152/5,Toss: Ak Cricket Academy opt to field,5 wickets,Ak Cricket Academy,Resulted,0,0,2026-09-01T20:30:29.296971+00:00
19270423,Limited Overs,LEATHER,past,2025-10-04T11:28:00.000Z,3003,Pune,744485,A to Z CRICKET GROUND LAVALE,1411519,SUMMER SHEILD 2.0,,2733475,League Matches,6085651,Top Gun Mavericks,130/8,8760290,Kashmiri Pandits Cricket Club,133/1,Toss: Top Gun Mavericks opt to bat,9 wickets,Kashmiri Pandits Cricket Club,Resulted,0,0,2026-09-01T20:30:29.296971+00:00
19277737,Limited Overs,LEATHER,past,2025-09-26T13:23:00.000Z,3003,Pune,282913,Cricathon Cricket Ground,,,,,,5182242,Tetra Pak Spartans,155/7,2223945,Life Republic Royals,158/5,Toss: Tetra Pak Spartans opt to bat,5 wickets,Life Republic Royals,Resulted,0,0,2026-09-01T20:30:29.296971+00:00
19311212,Box Cricket,TENNIS,past,2025-10-02T02:06:11.000Z,3003,Pune,549968,S k Sports Club,1609446,ESG Cricket Tournament-Season5,,3124905,League Matches,10850883,Elementa Thunder Lions ESG - 5,71/7,9518102,Elementa Falcon Fighters,76/1,Toss: Elementa Falcon Fighters opt to field,7 wickets,Elementa Falcon Fighters,Resulted,0,0,2026-09-01T20:30:29.296971+00:00
19369022,Limited Overs,TENNIS,past,2025-11-15T04:22:07.000Z,3003,Pune,485284,Kodre Farm Cricket Ground Sinhgad Road Pune,1632964,EPAM Premier League - Season 7 (2025),,3158742,League Matches,10970608,EPAM SHINERS,137/7,10970628,EPAM STALWARTS,61/10,Toss: EPAM STALWARTS opt to field,76 runs,EPAM SHINERS,Resulted,0,0,2026-09-01T20:30:29.296971+00:00
19369044,Limited Overs,TENNIS,past,2025-11-15T06:21:34.000Z,3003,Pune,485284,Kodre Farm Cricket Ground Sinhgad Road Pune,1632964,EPAM Premier League - Season 7 (2025),,3158742,League Matches,10970653,EPAM SPARTANS,146/6,10970658,EPAM PHOENIXES,122/6,Toss: EPAM SPARTANS opt to bat,24 runs,EPAM SPARTANS,Resulted,0,0,2026-09-01T20:30:29.296971+00:00
19369057,Limited Overs,TENNIS,past,2025-11-15T08:39:38.000Z,3003,Pune,485284,Kodre Farm Cricket Ground Sinhgad Road Pune,1632964,EPAM Premier League - Season 7 (2025),,3158742,League Matches,10970639,EPAM DYNAMOS,155/5,10970635,EPAM RADIANTS,147/6,Toss: EPAM DYNAMOS opt to bat,8 runs,EPAM DYNAMOS,Resulted,0,0,2026-09-01T20:30:29.296971+00:00
19369071,Limited Overs,TENNIS,past,2025-11-16T04:14:20.000Z,3003,Pune,485284,Kodre Farm Cricket Ground Sinhgad Road Pune,1632964,EPAM Premier League - Season 7 (2025),,3158742,League Matches,10970665,EPAM GLORIFIERS,155/4,10970669,EPAM VICTORS,88/9,Toss: EPAM GLORIFIERS opt to bat,67 runs,EPAM GLORIFIERS,Resulted,0,0,2026-09-01T20:30:29.296971+00:00
19369153,Limited Overs,TENNIS,past,2025-11-16T06:18:11.000Z,3003,Pune,485284,Kodre Farm Cricket Ground Sinhgad Road Pune,1632964,EPAM Premier League - Season 7 (2025),,3158742,League Matches,10970649,EPAM SPARKS,155/5,10970608,EPAM SHINERS,101/10,Toss: EPAM SPARKS opt to bat,54 runs,EPAM SPARKS,Resulted,0,0,2026-09-01T20:30:29.296971+00:00
19369199,Limited Overs,TENNIS,past,2025-11-22T04:10:51.000Z,3003,Pune,485284,Kodre Farm Cricket Ground Sinhgad Road Pune,1632964,EPAM Premier League - Season 7 (2025),,3158742,League Matches,10970639,EPAM DYNAMOS,110/7,10970649,EPAM SPARKS,114/7,Toss: EPAM SPARKS opt to field,3 wickets,EPAM SPARKS,Resulted,0,0,2026-09-01T20:30:29.296971+00:00
19369213,Limited Overs,TENNIS,past,2025-11-22T06:23:24.000Z,3003,Pune,485284,Kodre Farm Cricket Ground Sinhgad Road Pune,1632964,EPAM Premier League - Season 7 (2025),,3158742,League Matches,10970658,EPAM PHOENIXES,146/7,10970669,EPAM VICTORS,133/5,Toss: EPAM PHOENIXES opt to bat,13 runs,EPAM PHOENIXES,Resulted,0,0,2026-09-01T20:30:29.296971+00:00
19369235,Limited Overs,TENNIS,past,2025-11-22T08:56:58.000Z,3003,Pune,485284,Kodre Farm Cricket Ground Sinhgad Road Pune,1632964,EPAM Premier League - Season 7 (2025),,3158742,League Matches,10970608,EPAM SHINERS,131/10,10970635,EPAM RADIANTS,120/9,Toss: EPAM SHINERS opt to bat,11 runs,EPAM SHINERS,Resulted,0,0,2026-09-01T20:30:29.296971+00:00
19408126,Limited Overs,TENNIS,past,2025-10-04T01:36:27.000Z,3003,Pune,36371,"Kasarsai , Chrislin Cricket Ground",,,,,,6014971,NITROJAINS BLASTER,122/10,10987678,RMD PARENTS TEAM,111/10,Toss: RMD PARENTS TEAM opt to field,11 runs,NITROJAINS BLASTER,Resulted,0,0,2026-09-01T20:30:29.296971+00:00
19418567,Limited Overs,TENNIS,past,2025-10-05T10:14:05.000Z,3003,Pune,625414,22 Yard Cricket Ground Bhugaon,1601771,VERSATILE EVENTS T10 CRICKET TOURNAMENT 2025,,3119943,League Matches,10841819,RUTURAJ XI,144/5,6830244,IVORY STRIKERS,46/10,Toss: RUTURAJ XI opt to bat,98 runs,RUTURAJ XI,Resulted,0,0,2026-09-01T20:30:29.296971+00:00
19418770,Limited Overs,TENNIS,past,2025-10-05T06:51:26.000Z,3003,Pune,625414,22 Yard Cricket Ground Bhugaon,1601771,VERSATILE EVENTS T10 CRICKET TOURNAMENT 2025,,3119943,League Matches,2630740,Blackhawks,125/5,6830244,IVORY STRIKERS,81/9,Toss: Blackhawks opt to bat,44 runs,Blackhawks,Resulted,0,0,2026-09-01T20:30:29.296971+00:00
19423502,Limited Overs,LEATHER,past,2025-11-08T07:57:00.000Z,3003,Pune,760313,A2z,1625305,Coolenemy Nov League,,3166172,League Matches,6994528,Amravati Warriors,165/10,2765155,CricUnited XI,84/10,Toss: Amravati Warriors opt to bat,81 runs,Amravati Warriors,Resulted,0,0,2026-09-01T20:30:29.296971+00:00
19424074,Limited Overs,LEATHER,past,2025-11-29T03:58:00.000Z,3003,Pune,21219,Vedant Cricket Academy,1625305,Coolenemy Nov League,,3166172,League Matches,2765155,CricUnited XI,156/8,4575293,STALLION STRIKERS,159/3,Toss: CricUnited XI opt to bat,7 wickets,STALLION STRIKERS,Resulted,0,0,2026-09-01T20:30:29.296971+00:00
19424248,Limited Overs,LEATHER,past,2025-12-06T09:44:34.000Z,3003,Pune,766870,Cricket Haven Sport Club,1625305,Coolenemy Nov League,,3166172,League Matches,6356807,Cap Crusaders,168/6,938988,Sunrisers-Phoenix,150/8,Toss: Cap Crusaders opt to bat,18 runs,Cap Crusaders,Resulted,0,0,2026-09-01T20:30:29.296971+00:00
19431770,Limited Overs,LEATHER,past,2025-10-11T08:43:45.000Z,3003,Pune,279075,Virag Cricket Ground Wadki,1292702,VINTAGE SEASON 20 ( T-22 ),,3167378,Semi Final,8449559,Alpha Warriors,171/6,8760581,Friends Cricket Club 2025,172/7,Toss: Alpha Warriors opt to bat,3 wickets,Friends Cricket Club 2025,Resulted,0,0,2026-09-01T20:30:29.296971+00:00
19440741,Limited Overs,TENNIS,past,2025-10-05T02:08:00.000Z,3003,Pune,59980,Gliding Centre Ground,,,,,,4920407,Odisha Juggernauts,91/5,10800216,Classic Warriors,71/10,Toss: Odisha Juggernauts opt to bat,20 runs,Odisha Juggernauts,Resulted,0,0,2026-09-01T20:30:29.296971+00:00
19440914,Limited Overs,TENNIS,past,2025-10-05T02:08:29.000Z,3003,Pune,42688,Jolly Ground,,,,,,285804,Silverland SuperGiants,85/10,882803,Rejoin Cricket Club,85/10,Toss: Rejoin Cricket Club opt to field,0 run,Silverland SuperGiants,Resulted,0,0,2026-09-01T20:30:29.296971+00:00
19444728,Limited Overs,LEATHER,past,2025-10-05T04:20:02.000Z,2947,Mumbai,772942,Kpc Inampuri,,,,,,3856375,RCA palava,98/10,7781444,Invincible Titans,92/10,Toss: RCA palava opt to bat,6 runs,RCA palava,Resulted,0,0,2026-09-01T20:30:29.296971+00:00
19445260,Limited Overs,TENNIS,past,2025-10-05T03:54:03.000Z,3003,Pune,59980,Gliding Centre Ground,,,,,,4920407,Odisha Juggernauts,86/8,10800216,Classic Warriors,74/9,Toss: Odisha Juggernauts opt to bat,12 runs,Odisha Juggernauts,Resulted,0,0,2026-09-01T20:30:29.296971+00:00
19446442,Limited Overs,TENNIS,past,2025-10-11T02:08:25.000Z,3003,Pune,42688,Jolly Ground,,,,,,285804,Silverland SuperGiants,65/10,882803,Rejoin Cricket Club,66/2,Toss: Silverland SuperGiants opt to bat,9 wickets,Rejoin Cricket Club,Resulted,0,0,2026-09-01T20:30:29.296971+00:00
19446467,Limited Overs,TENNIS,past,2025-10-05T04:22:24.000Z,3003,Pune,42688,Jolly Ground,,,,,,882803,Rejoin Cricket Club,77/6,285804,Silverland SuperGiants,81/8,Toss: Rejoin Cricket Club opt to bat,2 wickets,Silverland SuperGiants,Resulted,0,0,2026-09-01T20:30:29.296971+00:00
19452457,Limited Overs,TENNIS,past,2025-10-05T08:38:48.000Z,3003,Pune,315243,Kokate Sports Academy Ground,,,,,,10968880,EPAM Friendly,107/5,10970628,EPAM STALWARTS,88/7,Toss: EPAM STALWARTS opt to field,19 runs,EPAM Friendly,Resulted,0,0,2026-09-01T20:30:29.296971+00:00
19452533,Limited Overs,TENNIS,past,2025-10-05T10:13:55.000Z,3003,Pune,315243,Kokate Sports Academy Ground,,,,,,10968880,EPAM Friendly,91/4,10970628,EPAM STALWARTS,93/6,Toss: EPAM Friendly opt to bat,4 wickets,EPAM STALWARTS,Resulted,0,0,2026-09-01T20:30:29.296971+00:00
19462046,Limited Overs,TENNIS,past,2025-10-06T01:43:20.000Z,3003,Pune,377334,30 Yard cricket Ground Chandkhed,,,,,,5146670,LR-Fearless Fighters,131/7,7448002,R9 XI,127/3,Toss: R9 XI opt to field,4 runs,LR-Fearless Fighters,Resulted,0,0,2026-09-01T20:30:29.296971+00:00
19467881,Limited Overs,LEATHER,past,2025-10-11T06:09:59.000Z,3003,Pune,284203,"AK Sports Club,Salumbare",1592499,DY PATIL CUP SEASON 1 ,,3084454,League Matches,6914624,Elites 11,220/8,4222662,Deadly Dynamos Cricket Club,181/7,Toss: Deadly Dynamos Cricket Club opt to field,39 runs,Elites 11,Resulted,0,0,2026-09-01T20:30:29.296971+00:00
19470883,Limited Overs,LEATHER,past,2025-10-11T12:30:00.000Z,3003,Pune,456738,"30YCA Spark Cricket Ground, Jambhe",1608220,30YCA Supermacy Cup S7.0 ( White Ball T20),,3111836,League Matches,1897462,Spartans,138/8,1045940,OneTRIBE - MCP,140/3,Toss: OneTRIBE - MCP opt to field,7 wickets,OneTRIBE - MCP,Resulted,0,0,2026-09-01T20:30:29.296971+00:00
19484919,Limited Overs,LEATHER,past,2025-10-11T01:56:00.000Z,3003,Pune,427292,SILVER CRICKET ACADAMY - CHIKHALI,1141318,KPL  Match ,,2191835,Super Knockout,3014809,RDX,220/3,9175480,Glory Cricket Club,181/7,Toss: RDX opt to bat,39 runs,RDX,Resulted,0,0,2026-09-01T20:30:29.296971+00:00
19500528,Limited Overs,LEATHER,past,2025-10-09T13:49:44.000Z,3003,Pune,282913,Cricathon Cricket Ground,1419346,Cricathon Night Weekdays Season 4,,2743542,League Matches,9154325,CRIC 11,157/6,2223945,Life Republic Royals,158/6,Toss: CRIC 11 opt to bat,4 wickets,Life Republic Royals,Resulted,0,0,2026-09-01T20:30:29.296971+00:00
19504553,Limited Overs,TENNIS,past,2025-11-23T04:14:53.000Z,3003,Pune,485284,Kodre Farm Cricket Ground Sinhgad Road Pune,1632964,EPAM Premier League - Season 7 (2025),,3158742,League Matches,10970665,EPAM GLORIFIERS,172/1,10970653,EPAM SPARTANS,102/9,Toss: EPAM GLORIFIERS opt to bat,70 runs,EPAM GLORIFIERS,Resulted,0,0,2026-09-01T20:30:29.296971+00:00
19504570,Limited Overs,TENNIS,past,2025-11-23T06:31:10.000Z,3003,Pune,485284,Kodre Farm Cricket Ground Sinhgad Road Pune,1632964,EPAM Premier League - Season 7 (2025),,3158742,League Matches,10970639,EPAM DYNAMOS,125/5,10970628,EPAM STALWARTS,72/10,Toss: EPAM DYNAMOS opt to bat,53 runs,EPAM DYNAMOS,Resulted,0,0,2026-09-01T20:30:29.296971+00:00
19504577,Limited Overs,TENNIS,past,2025-11-23T08:53:43.000Z,3003,Pune,485284,Kodre Farm Cricket Ground Sinhgad Road Pune,1632964,EPAM Premier League - Season 7 (2025),,3158742,League Matches,10970673,EPAM GUARDIANS,126/7,10970669,EPAM VICTORS,131/3,Toss: EPAM GUARDIANS opt to bat,7 wickets,EPAM VICTORS,Resulted,0,0,2026-09-01T20:30:29.296971+00:00
19504593,Limited Overs,TENNIS,past,2025-11-29T04:16:35.000Z,3003,Pune,485284,Kodre Farm Cricket Ground Sinhgad Road Pune,1632964,EPAM Premier League - Season 7 (2025),,3158742,League Matches,10970628,EPAM STALWARTS,153/6,10970635,EPAM RADIANTS,151/8,Toss: EPAM STALWARTS opt to bat,2 runs,EPAM STALWARTS,Resulted,0,0,2026-09-01T20:30:29.296971+00:00
19504615,Limited Overs,TENNIS,past,2025-11-29T06:29:07.000Z,3003,Pune,485284,Kodre Farm Cricket Ground Sinhgad Road Pune,1632964,EPAM Premier League - Season 7 (2025),,3158742,League Matches,10970673,EPAM GUARDIANS,131/7,10970653,EPAM SPARTANS,109/7,Toss: EPAM GUARDIANS opt to bat,22 runs,EPAM GUARDIANS,Resulted,0,0,2026-09-01T20:30:29.296971+00:00
19504629,Limited Overs,TENNIS,past,2025-11-29T09:06:42.000Z,3003,Pune,485284,Kodre Farm Cricket Ground Sinhgad Road Pune,1632964,EPAM Premier League - Season 7 (2025),,3158742,League Matches,10970639,EPAM DYNAMOS,99/5,10970608,EPAM SHINERS,102/5,Toss: EPAM DYNAMOS opt to bat,5 wickets,EPAM SHINERS,Resulted,0,0,2026-09-01T20:30:29.296971+00:00
19504637,Limited Overs,TENNIS,past,2025-11-30T04:22:11.000Z,3003,Pune,485284,Kodre Farm Cricket Ground Sinhgad Road Pune,1632964,EPAM Premier League - Season 7 (2025),,3158742,League Matches,10970649,EPAM SPARKS,161/5,10970635,EPAM RADIANTS,129/4,Toss: EPAM SPARKS opt to bat,32 runs,EPAM SPARKS,Resulted,0,0,2026-09-01T20:30:29.296971+00:00
19504648,Limited Overs,TENNIS,past,2025-11-30T06:23:24.000Z,3003,Pune,485284,Kodre Farm Cricket Ground Sinhgad Road Pune,1632964,EPAM Premier League - Season 7 (2025),,3158742,League Matches,10970653,EPAM SPARTANS,101/7,10970669,EPAM VICTORS,103/0,Toss: EPAM VICTORS opt to field,10 wickets,EPAM VICTORS,Resulted,0,0,2026-09-01T20:30:29.296971+00:00
19504654,Limited Overs,TENNIS,past,2025-11-30T08:49:45.000Z,3003,Pune,485284,Kodre Farm Cricket Ground Sinhgad Road Pune,1632964,EPAM Premier League - Season 7 (2025),,3158742,League Matches,10970673,EPAM GUARDIANS,103/10,10970665,EPAM GLORIFIERS,104/4,Toss: EPAM GUARDIANS opt to bat,6 wickets,EPAM GLORIFIERS,Resulted,0,0,2026-09-01T20:30:29.296971+00:00
19504662,Limited Overs,TENNIS,past,2025-12-06T05:11:14.000Z,3003,Pune,485284,Kodre Farm Cricket Ground Sinhgad Road Pune,1632964,EPAM Premier League - Season 7 (2025),,3158742,League Matches,10970665,EPAM GLORIFIERS,145/6,10970658,EPAM PHOENIXES,111/8,Toss: EPAM GLORIFIERS opt to bat,34 runs,EPAM GLORIFIERS,Resulted,0,0,2026-09-01T20:30:29.296971+00:00
19504673,Limited Overs,TENNIS,past,2025-12-06T06:59:58.000Z,3003,Pune,485284,Kodre Farm Cricket Ground Sinhgad Road Pune,1632964,EPAM Premier League - Season 7 (2025),,3158742,League Matches,10970649,EPAM SPARKS,164/6,10970628,EPAM STALWARTS,136/7,Toss: EPAM SPARKS opt to bat,28 runs,EPAM SPARKS,Resulted,0,0,2026-09-01T20:30:29.296971+00:00
19512574,Limited Overs,LEATHER,past,2025-10-10T04:13:52.000Z,3003,Pune,282913,Cricathon Cricket Ground,,,,,,8379304,Pune Skywalkers,279/11,8421022,A C DYNAMITES,283/9,Toss: Pune Skywalkers opt to bat,1 wicket,A C DYNAMITES,Resulted,0,0,2026-09-01T20:30:29.296971+00:00
19519286,Limited Overs,LEATHER,past,2026-01-25T06:06:31.000Z,3003,Pune,284203,"AK Sports Club,Salumbare",1592499,DY PATIL CUP SEASON 1 ,,3084454,League Matches,6914624,Elites 11,151/10,6213017,Sarvottam Strikers,Yet to bat,Toss: Sarvottam Strikers opt to field,10 wickets,Sarvottam Strikers,Resulted,0,0,2026-09-01T20:30:29.296971+00:00
19519308,Limited Overs,TENNIS,past,2025-10-11T05:38:00.000Z,3003,Pune,802288,AKPC,1620396,MCL 4.0,,3137157,League Matches,10897099,Vertical Oriana (MCL 4.0),61/5,7932601,Aryan 11,65/0,Toss: Vertical Oriana (MCL 4.0) opt to bat,10 wickets,Aryan 11,Resulted,0,0,2026-09-01T20:30:29.296971+00:00
19528998,Limited Overs,TENNIS,past,2025-10-11T03:42:12.000Z,3003,Pune,42688,Jolly Ground,,,,,,285804,Silverland SuperGiants,77/5,882803,Rejoin Cricket Club,71/6,Toss: Silverland SuperGiants opt to bat,6 runs,Silverland SuperGiants,Resulted,0,0,2026-09-01T20:30:29.296971+00:00
19533298,Limited Overs,TENNIS,past,2025-10-11T07:27:12.000Z,3003,Pune,39291,Kodre Cricket Ground,,,,,,11043200,EPAM A,168/8,10970658,EPAM PHOENIXES,118/10,Toss: EPAM A opt to bat,50 runs,EPAM A,Resulted,0,0,2026-09-01T20:30:29.296971+00:00
19542536,Limited Overs,TENNIS,past,2025-10-12T04:12:22.000Z,3003,Pune,485284,Kodre Farm Cricket Ground Sinhgad Road Pune,,,,,,11046940,Epam Practice 11,84/5,10970673,EPAM GUARDIANS,85/6,Toss: Epam Practice 11 opt to bat,4 wickets,EPAM GUARDIANS,Resulted,0,0,2026-09-01T20:30:29.296971+00:00
19542556,Limited Overs,TENNIS,past,2025-10-12T05:55:54.000Z,3003,Pune,485284,Kodre Farm Cricket Ground Sinhgad Road Pune,,,,,,10970673,EPAM GUARDIANS,101/8,11046940,Epam Practice 11,102/3,Toss: EPAM GUARDIANS opt to bat,7 wickets,Epam Practice 11,Resulted,0,0,2026-09-01T20:30:29.296971+00:00
19552023,Limited Overs,TENNIS,past,2025-10-12T02:25:45.000Z,3003,Pune,22428,Dhobi Graund dehuroad,,,,,,2484115,Rising 11,106/4,285804,Silverland SuperGiants,108/3,Toss: Silverland SuperGiants opt to field,7 wickets,Silverland SuperGiants,Resulted,0,0,2026-09-01T20:30:29.296971+00:00
19557225,Limited Overs,TENNIS,past,2025-10-12T04:09:14.000Z,3003,Pune,22428,Dhobi Graund dehuroad,,,,,,3382845,RISINGXI,103/7,285804,Silverland SuperGiants,104/4,Toss: Silverland SuperGiants opt to field,6 wickets,Silverland SuperGiants,Resulted,0,0,2026-09-01T20:30:29.296971+00:00
19590246,Limited Overs,LEATHER,past,2025-11-29T09:45:00.000Z,3003,Pune,766870,Cricket Haven Sport Club,1603253,Big Beaters Season 3,,3106592,League Matches,4344757,Shankaracharya Apex,165/10,9221760,The Dark Horses,167/3,Toss: Shankaracharya Apex opt to bat,7 wickets,The Dark Horses,Resulted,0,0,2026-09-01T20:30:29.296971+00:00
19610310,Limited Overs,LEATHER,past,2025-10-18T07:32:02.000Z,3003,Pune,423486,AK Kotkar DY Patil Ground Salumbre,,,,,,5787235,SG Strikers (Practice Matches),131/10,9719097,TRIDENTS CRICKET CLUB,132/7,Toss: SG Strikers (Practice Matches) opt to bat,3 wickets,TRIDENTS CRICKET CLUB,Resulted,0,0,2026-09-01T20:30:29.296971+00:00
19638095,Limited Overs,LEATHER,past,2025-12-20T09:16:26.000Z,3003,Pune,284203,"AK Sports Club,Salumbare",1592499,DY PATIL CUP SEASON 1 ,,3084454,League Matches,9646675,Democratic Champions,123/10,6914624,Elites 11,127/5,Toss: Democratic Champions opt to bat,5 wickets,Elites 11,Resulted,0,0,2026-09-01T20:30:29.296971+00:00
19648101,Limited Overs,TENNIS,past,2025-10-18T01:39:33.000Z,3003,Pune,171968,Youngsters Cricket Academy Ground,,,,,,8127765,Monarch Challengers,86/5,10715693,Roaring Hawks,75/8,Toss: Roaring Hawks opt to field,11 runs,Monarch Challengers,Resulted,0,0,2026-09-01T20:30:29.296971+00:00
19650088,Limited Overs,TENNIS,past,2025-10-18T03:04:26.000Z,3003,Pune,171968,Youngsters Cricket Academy Ground,,,,,,8127765,Monarch Challengers,65/7,10715693,Roaring Hawks,67/4,Toss: Monarch Challengers opt to bat,6 wickets,Roaring Hawks,Resulted,0,0,2026-09-01T20:30:29.296971+00:00
19724488,Limited Overs,LEATHER,past,2025-10-26T07:50:26.000Z,3003,Pune,456738,"30YCA Spark Cricket Ground, Jambhe",1608220,30YCA Supermacy Cup S7.0 ( White Ball T20),,3111836,League Matches,1897462,Spartans,152/10,10871383,Braveheart Corporate Cricket Club,83/1,Toss: Spartans opt to bat,"9 wickets (DLS method - Match reduced to 8.4 overs, target 58 runs)",Braveheart Corporate Cricket Club,Resulted,1,0,2026-09-01T20:30:29.296971+00:00
19740391,Limited Overs,LEATHER,past,2025-10-30T13:33:00.000Z,3003,Pune,282913,Cricathon Cricket Ground,1419346,Cricathon Night Weekdays Season 4,,3210726,Final,2223945,Life Republic Royals,204/3,2141371,Cricathon Sports Club,163/5,Toss: Life Republic Royals opt to bat,41 runs,Life Republic Royals,Resulted,0,0,2026-09-01T20:30:29.296971+00:00
19750109,Limited Overs,LEATHER,past,2025-11-02T12:44:51.000Z,3003,Pune,456738,"30YCA Spark Cricket Ground, Jambhe",1608220,30YCA Supermacy Cup S7.0 ( White Ball T20),,3111836,League Matches,4575293,STALLION STRIKERS,249/6,4323345,Horizons Cricket Club,163/10,Toss: Horizons Cricket Club opt to field,86 runs,STALLION STRIKERS,Resulted,0,0,2026-09-01T20:30:29.296971+00:00
19779123,Limited Overs,LEATHER,past,2025-10-25T04:25:48.000Z,3003,Pune,282913,Cricathon Cricket Ground,,,,,,2141371,Cricathon Sports Club,161/7 & 7/2,11155653,Cricathon cricket Academy,161/10 & 20/0,Toss: Cricathon cricket Academy opt to field,Match Tied (Cricathon cricket Academy won the super over.),Cricathon cricket Academy,Resulted,0,1,2026-09-01T20:30:29.296971+00:00
19790323,Limited Overs,LEATHER,past,2025-11-09T08:01:47.000Z,3003,Pune,496562,MIT Loni,1215500,VINTAGE SEASON 18 ( T- 20 ),,3217974,Semi Final,3499616,MIGHTY LIONS,155/7,4467797,Sparta,158/5,Toss: Sparta opt to field,5 wickets,Sparta,Resulted,0,0,2026-09-01T20:30:29.296971+00:00
19833533,Limited Overs,TENNIS,past,2025-10-29T02:45:05.000Z,3003,Pune,262327,Kokate Cricket Academy,,,,,,11046940,Epam Practice 11,61/3,10968880,EPAM Friendly,64/4,Toss: Epam Practice 11 opt to bat,6 wickets,EPAM Friendly,Resulted,0,0,2026-09-01T20:30:29.296971+00:00
19833568,Limited Overs,TENNIS,past,2025-10-29T03:40:56.000Z,3003,Pune,262327,Kokate Cricket Academy,,,,,,10968880,EPAM Friendly,70/6,11046940,Epam Practice 11,71/1,Toss: EPAM Friendly opt to bat,9 wickets,Epam Practice 11,Resulted,0,0,2026-09-01T20:30:29.296971+00:00
19842750,Box Cricket,TENNIS,past,2025-11-08T11:38:39.000Z,3003,Pune,805644,Pifa,1652037,Society Premier League,,3195995,League Matches,11086103,Super Kings,19/7,11086114,Yoddhas,25/1,Toss: Yoddhas opt to field,5 wickets,Yoddhas,Resulted,0,0,2026-09-01T20:30:29.296971+00:00
19842754,Box Cricket,TENNIS,past,2025-11-08T12:36:14.000Z,3003,Pune,805644,Pifa,1652037,Society Premier League,,3195995,League Matches,11089538,Casa Super Strikers,50/5,11086103,Super Kings,37/7,Toss: Super Kings opt to field,13 runs,Casa Super Strikers,Resulted,0,0,2026-09-01T20:30:29.296971+00:00
19842756,Box Cricket,TENNIS,past,2025-11-08T13:18:12.000Z,3003,Pune,805644,Pifa,1652037,Society Premier League,,3195995,League Matches,11086103,Super Kings,49/7,11086114,Yoddhas,52/1,Toss: Yoddhas opt to field,5 wickets,Yoddhas,Resulted,0,0,2026-09-01T20:30:29.296971+00:00
19842760,Box Cricket,TENNIS,past,2025-11-08T14:23:19.000Z,3003,Pune,805644,Pifa,1652037,Society Premier League,,3195995,League Matches,11089538,Casa Super Strikers,85/5,11086103,Super Kings,61/3,Toss: Super Kings opt to field,24 runs,Casa Super Strikers,Resulted,0,0,2026-09-01T20:30:29.296971+00:00
19850090,Limited Overs,LEATHER,past,2025-11-02T13:09:23.000Z,3003,Pune,282913,Cricathon Cricket Ground,1288976,Cricathon Night Weekend S4 T20,,2487580,League Matches,6914624,Elites 11,139/10,3515421,Hawk Hunters,142/8,Toss: Elites 11 opt to bat,2 wickets,Hawk Hunters,Resulted,0,0,2026-09-01T20:30:29.296971+00:00
19858126,Limited Overs,TENNIS,past,2025-11-24T02:00:09.000Z,3003,Pune,744485,A to Z CRICKET GROUND LAVALE,,,,,,9646363,Overtime Hitters,89/10,4509709,All Whites,90/4,Toss: All Whites opt to field,6 wickets,All Whites,Resulted,0,0,2026-09-01T20:30:29.296971+00:00
19858132,Limited Overs,TENNIS,past,2025-12-01T01:49:20.000Z,3003,Pune,744485,A to Z CRICKET GROUND LAVALE,,,,,,4509709,All Whites,118/3,9646363,Overtime Hitters,120/6,Toss: All Whites opt to bat,4 wickets,Overtime Hitters,Resulted,0,0,2026-09-01T20:30:29.296971+00:00
19863058,Limited Overs,TENNIS,past,2025-11-01T01:46:43.000Z,3003,Pune,252239,AFK Cricket Ground Khadki,,,,,,9435980,Power pacers,78/9,6014971,NITROJAINS BLASTER,79/3,Toss: NITROJAINS BLASTER opt to field,7 wickets,NITROJAINS BLASTER,Resulted,0,0,2026-09-01T20:30:29.296971+00:00
19893069,Limited Overs,TENNIS,past,2025-11-01T03:42:30.000Z,3003,Pune,802288,AKPC,1620396,MCL 4.0,,3137157,League Matches,10897099,Vertical Oriana (MCL 4.0),74/7,5770390,Uttar Pradesh Warriors,71/7,Toss: Uttar Pradesh Warriors opt to field,3 runs,Vertical Oriana (MCL 4.0),Resulted,0,0,2026-09-01T20:30:29.296971+00:00
19900703,Limited Overs,LEATHER,past,2025-12-07T08:49:52.000Z,3003,Pune,423486,AK Kotkar DY Patil Ground Salumbre,1421814,Runbhumi T20 Cup ,,2770062,League Matches,6914624,Elites 11,236/5,8421022,A C DYNAMITES,99/10,Toss: Elites 11 opt to bat,137 runs,Elites 11,Resulted,0,0,2026-09-01T20:30:29.296971+00:00
19915168,Limited Overs,TENNIS,past,2025-11-02T02:24:47.000Z,3003,Pune,22428,Dhobi Graund dehuroad,,,,,,285804,Silverland SuperGiants,104/4,3382845,RISINGXI,100/4,Toss: Silverland SuperGiants opt to bat,4 runs,Silverland SuperGiants,Resulted,0,0,2026-09-01T20:30:29.296971+00:00
19919046,Limited Overs,LEATHER,past,2025-11-02T04:05:26.000Z,3003,Pune,282913,Cricathon Cricket Ground,,,,,,1897462,Spartans,197/9,8763809,Vajra Vikings,176/10,Toss: Vajra Vikings opt to field,21 runs,Spartans,Resulted,0,0,2026-09-01T20:30:29.296971+00:00
19920121,Limited Overs,TENNIS,past,2025-11-02T04:07:00.000Z,3003,Pune,22428,Dhobi Graund dehuroad,,,,,,3382845,RISINGXI,97/7,285804,Silverland SuperGiants,98/4,Toss: RISINGXI opt to bat,6 wickets,Silverland SuperGiants,Resulted,0,0,2026-09-01T20:30:29.296971+00:00
19951072,Limited Overs,LEATHER,past,2025-11-06T04:33:43.000Z,3003,Pune,282913,Cricathon Cricket Ground,1612380,SACHIN ZIMAL GROUP PRESENTS OPEN 50 OVER TOURNAMENT.,,3119051,League Matches,9409667,Shreetej cricket academy,314/8,8421022,A C DYNAMITES,257/10,Toss: Shreetej cricket academy opt to bat,57 runs,Shreetej cricket academy,Resulted,0,0,2026-09-01T20:30:29.296971+00:00
19964082,Limited Overs,LEATHER,past,2025-11-08T06:16:23.000Z,3003,Pune,681222,Rajgad Sports Club Awhalwadi Pune,1610378,DSP Cup 1.0,,3144470,League Matches,3499616,MIGHTY LIONS,177/8,1798997,The Phantom Team,142/9,Toss: MIGHTY LIONS opt to bat,35 runs,MIGHTY LIONS,Resulted,0,0,2026-09-01T20:30:29.296971+00:00
19983148,Limited Overs,TENNIS,past,2025-11-06T00:54:52.000Z,3003,Pune,639627,"MatchDay Arena, Wakad",959630,Morning Group By RCC,,1835465,League Matches,5878824,RCC MW Titans,119/7,5878867,RCC MW Falcons,120/8,Toss: RCC MW Falcons opt to field,2 wickets,RCC MW Falcons,Resulted,0,0,2026-09-01T20:30:29.296971+00:00
19985988,Limited Overs,TENNIS,past,2025-11-06T02:27:23.000Z,3003,Pune,639627,"MatchDay Arena, Wakad",959630,Morning Group By RCC,,1835465,League Matches,5878867,RCC MW Falcons,134/11,5878824,RCC MW Titans,139/3,Toss: RCC MW Falcons opt to bat,7 wickets,RCC MW Titans,Resulted,0,0,2026-09-01T20:30:29.296971+00:00
19986573,Limited Overs,TENNIS,past,2025-11-06T03:38:02.000Z,3003,Pune,262327,Kokate Cricket Academy,,,,,,10968880,EPAM Friendly,110/9,11046940,Epam Practice 11,114/4,Toss: Epam Practice 11 opt to field,6 wickets,Epam Practice 11,Resulted,0,0,2026-09-01T20:30:29.296971+00:00
19986589,Limited Overs,TENNIS,past,2025-11-06T05:02:57.000Z,3003,Pune,262327,Kokate Cricket Academy,,,,,,11046940,Epam Practice 11,41/2,10968880,EPAM Friendly,42/2,Toss: Epam Practice 11 opt to bat,8 wickets,EPAM Friendly,Resulted,0,0,2026-09-01T20:30:29.296971+00:00
19994073,Limited Overs,LEATHER,past,2025-11-09T04:26:51.000Z,3003,Pune,744485,A to Z CRICKET GROUND LAVALE,,,,,,9361956,Hungry Hunters,175/8,3213375,Arrow XI,180/5,Toss: Hungry Hunters opt to bat,5 wickets,Arrow XI,Resulted,0,0,2026-09-01T20:30:29.296971+00:00
20002584,Limited Overs,LEATHER,past,2025-11-08T01:41:51.000Z,3003,Pune,427292,SILVER CRICKET ACADAMY - CHIKHALI,1141318,KPL  Match ,,2191835,Super Knockout,9175480,Glory Cricket Club,163/7,11244290,Team UNITY,164/4,Toss: Glory Cricket Club opt to bat,6 wickets,Team UNITY,Resulted,0,0,2026-09-01T20:30:29.296971+00:00
20011616,Limited Overs,TENNIS,past,2025-11-08T01:35:57.000Z,3003,Pune,19790,DNC,1152117,CORPORATE PREMIER LEAGUE 2024-2026,,2214824,League Matches,9121370,Vertical Oriana 2.0,100/5,11202011,Legends XI 2.0,104/2,Toss: Legends XI 2.0 opt to field,8 wickets,Legends XI 2.0,Resulted,0,0,2026-09-01T20:30:29.296971+00:00
20014931,Limited Overs,TENNIS,past,2025-11-08T02:58:20.000Z,3003,Pune,203743,PWC Cricket Ground  .Pune,1673724,Songbirds Premier League S5 (DJ Sports Academy Presents),,3248716,League Matches,11140154,GL Champions,146/6,9149214,GWCC,88/5,Toss: GL Champions opt to bat,58 runs,GL Champions,Resulted,0,0,2026-09-01T20:30:29.296971+00:00
20015003,Limited Overs,TENNIS,past,2025-11-08T06:42:26.000Z,3003,Pune,203743,PWC Cricket Ground  .Pune,1673724,Songbirds Premier League S5 (DJ Sports Academy Presents),,3248716,League Matches,8408913,Legends United,215/3,9149214,GWCC,74/9,Toss: GWCC opt to field,141 runs,Legends United,Resulted,0,0,2026-09-01T20:30:29.296971+00:00
20015127,Limited Overs,TENNIS,past,2025-11-08T10:33:11.000Z,3003,Pune,203743,PWC Cricket Ground  .Pune,1673724,Songbirds Premier League S5 (DJ Sports Academy Presents),,3248716,League Matches,9149214,GWCC,110/7,11235542,Padmavati Super Kings,111/5,Toss: Padmavati Super Kings opt to field,5 wickets,Padmavati Super Kings,Resulted,0,0,2026-09-01T20:30:29.296971+00:00
20015160,Limited Overs,TENNIS,past,2025-11-08T03:17:32.000Z,3003,Pune,639627,"MatchDay Arena, Wakad",959630,Morning Group By RCC,,1835465,League Matches,5878824,RCC MW Titans,138/6,5878867,RCC MW Falcons,111/9,Toss: RCC MW Titans opt to bat,27 runs,RCC MW Titans,Resulted,0,0,2026-09-01T20:30:29.296971+00:00
20019192,Limited Overs,TENNIS,past,2025-11-08T02:05:06.000Z,3003,Pune,747162,Forza Cricket Ground Warje,1679976,FORZA SUPER SIXES,,3249282,League Matches,11263546,Team onkar,48/6,11263543,Team Nachiket,49/3,Toss: Team Nachiket opt to field,4 wickets,Team Nachiket,Resulted,0,0,2026-09-01T20:30:29.296971+00:00
20019521,Limited Overs,TENNIS,past,2025-11-08T02:23:00.000Z,2796,Dehu Road,94172,jolly,,,,,,2210454,Smashers XI,74/8,285804,Silverland SuperGiants,75/3,Toss: Silverland SuperGiants opt to field,7 wickets,Silverland SuperGiants,Resulted,0,0,2026-09-01T20:30:29.296971+00:00
20021933,Limited Overs,TENNIS,past,2025-11-08T03:48:32.000Z,2796,Dehu Road,94172,jolly,,,,,,285804,Silverland SuperGiants,107/3,2210454,Smashers XI,100/6,Toss: Silverland SuperGiants opt to bat,7 runs,Silverland SuperGiants,Resulted,0,0,2026-09-01T20:30:29.296971+00:00
20022484,Limited Overs,TENNIS,past,2025-11-08T04:10:24.000Z,3003,Pune,747162,Forza Cricket Ground Warje,1679976,FORZA SUPER SIXES,,3249282,League Matches,11263541,Team Siddharth,43/3,11263543,Team Nachiket,44/3,Toss: Team Nachiket opt to field,4 wickets,Team Nachiket,Resulted,0,0,2026-09-01T20:30:29.296971+00:00
20023463,Box Cricket,TENNIS,past,2025-11-08T04:43:51.000Z,3003,Pune,639627,"MatchDay Arena, Wakad",959630,Morning Group By RCC,,1835465,League Matches,5878824,RCC MW Titans,137/4,5878867,RCC MW Falcons,106/8,Toss: RCC MW Titans opt to bat,31 runs,RCC MW Titans,Resulted,0,0,2026-09-01T20:30:29.296971+00:00
20028016,Limited Overs,LEATHER,past,2025-11-08T07:56:43.000Z,3003,Pune,282913,Cricathon Cricket Ground,,,,,,6914624,Elites 11,189/7,5182242,Tetra Pak Spartans,192/8,Toss: Elites 11 opt to bat,2 wickets,Tetra Pak Spartans,Resulted,0,0,2026-09-01T20:30:29.296971+00:00
20028242,Limited Overs,TENNIS,past,2025-11-08T08:05:39.000Z,3003,Pune,747162,Forza Cricket Ground Warje,1679976,FORZA SUPER SIXES,,3249282,League Matches,11263542,Team Tejas,27/6,11263543,Team Nachiket,28/0,Toss: Team Tejas opt to bat,7 wickets,Team Nachiket,Resulted,0,0,2026-09-01T20:30:29.296971+00:00
20031327,Limited Overs,TENNIS,past,2025-11-08T10:09:54.000Z,3003,Pune,747162,Forza Cricket Ground Warje,1679976,FORZA SUPER SIXES,,3249282,League Matches,11263544,Team Vinod,51/8,11263543,Team Nachiket,56/5,Toss: Team Nachiket opt to field,2 wickets,Team Nachiket,Resulted,0,0,2026-09-01T20:30:29.296971+00:00
20033651,Limited Overs,TENNIS,past,2025-11-08T11:49:31.000Z,3003,Pune,346741,Park ivory multipurpose court,1678985,IPL 2025 Season 2 - Above 18 Men,,3247597,League Matches,11258567,Ivory Superkings,48/3,11258042,IVORY WINNERS,37/5,Toss: IVORY WINNERS opt to field,11 runs,Ivory Superkings,Resulted,0,0,2026-09-01T20:30:29.296971+00:00
20034515,Limited Overs,TENNIS,past,2025-11-08T12:41:03.000Z,3003,Pune,747162,Forza Cricket Ground Warje,1679976,FORZA SUPER SIXES,,3249282,League Matches,11263543,Team Nachiket,78/3,11263545,Team Prasad,42/5,Toss: Team Nachiket opt to bat,36 runs,Team Nachiket,Resulted,0,0,2026-09-01T20:30:29.296971+00:00
20034993,Limited Overs,LEATHER,past,2025-11-12T14:00:00.000Z,3003,Pune,282913,Cricathon Cricket Ground,1670024,Cricathon S5 Weekday Night T20 Tournament - Octagon Cup,,3238267,League Matches,2141371,Cricathon Sports Club,194/5,2223945,Life Republic Royals,199/7,Toss: Cricathon Sports Club opt to bat,3 wickets,Life Republic Royals,Resulted,0,0,2026-09-01T20:30:29.296971+00:00
20035751,Limited Overs,TENNIS,past,2025-11-08T13:32:02.000Z,3003,Pune,747162,Forza Cricket Ground Warje,1679976,FORZA SUPER SIXES,,3251558,Final,11263543,Team Nachiket,57/6 & 4/2,11263541,Team Siddharth,57/6 & 4/1,Toss: Team Siddharth opt to field,Tie,,Tie,0,1,2026-09-01T20:30:29.296971+00:00
20046625,Limited Overs,TENNIS,past,2025-11-09T02:33:25.000Z,3003,Pune,42688,Jolly Ground,,,,,,2210454,Smashers XI,100/5,285804,Silverland SuperGiants,104/5,Toss: Smashers XI opt to bat,5 wickets,Silverland SuperGiants,Resulted,0,0,2026-09-01T20:30:29.296971+00:00
20053926,Limited Overs,TENNIS,past,2025-11-09T04:31:47.000Z,3003,Pune,42688,Jolly Ground,,,,,,285804,Silverland SuperGiants,142/4,2210454,Smashers XI,92/9,Toss: Silverland SuperGiants opt to bat,50 runs,Silverland SuperGiants,Resulted,0,0,2026-09-01T20:30:29.296971+00:00
20071973,Box Cricket,TENNIS,past,2025-11-16T10:30:17.000Z,3003,Pune,277682,Akshar Elemnta,1682386,EPL 6 Mens Tournament ,,3254942,League Matches,11280970,Nagpur Tigers,37/6,11281139,Bhopal Blasters,41/2,Toss: Bhopal Blasters opt to field,4 wickets,Bhopal Blasters,Resulted,0,0,2026-09-01T20:30:29.296971+00:00
20072064,Box Cricket,TENNIS,past,2025-11-16T11:18:29.000Z,3003,Pune,277682,Akshar Elemnta,1682386,EPL 6 Mens Tournament ,,3254942,League Matches,11281156,Ahmedabad Avengers,83/3,11280822,Kolkata Knights,31/7,Toss: Kolkata Knights opt to field,52 runs,Ahmedabad Avengers,Resulted,0,0,2026-09-01T20:30:29.296971+00:00
20072163,Limited Overs,TENNIS,past,2025-11-09T12:04:34.000Z,3003,Pune,346741,Park ivory multipurpose court,1678985,IPL 2025 Season 2 - Above 18 Men,,3247597,League Matches,11258042,IVORY WINNERS,43/3,8887578,Ivory Ballers,44/4,Toss: Ivory Ballers opt to field,2 wickets,Ivory Ballers,Resulted,0,0,2026-09-01T20:30:29.296971+00:00
20072164,Box Cricket,TENNIS,past,2025-11-22T06:30:44.000Z,3003,Pune,277682,Akshar Elemnta,1682386,EPL 6 Mens Tournament ,,3254942,League Matches,11280970,Nagpur Tigers,43/6,11280942,Raipur Challengers,44/3,Toss: Raipur Challengers opt to field,4 wickets,Raipur Challengers,Resulted,0,0,2026-09-01T20:30:29.296971+00:00
20072238,Box Cricket,TENNIS,past,2025-11-22T10:31:37.000Z,3003,Pune,277682,Akshar Elemnta,1682386,EPL 6 Mens Tournament ,,3254942,League Matches,11281156,Ahmedabad Avengers,54/5,11280995,Kochi Knight Riders,50/6,Toss: Kochi Knight Riders opt to field,4 runs,Ahmedabad Avengers,Resulted,0,0,2026-09-01T20:30:29.296971+00:00
20074682,Limited Overs,TENNIS,past,2025-11-09T14:21:11.000Z,3003,Pune,346741,Park ivory multipurpose court,1678985,IPL 2025 Season 2 - Above 18 Men,,3247597,League Matches,11258037,Ivory Avengers,34/6,11258042,IVORY WINNERS,35/2,Toss: Ivory Avengers opt to bat,7 wickets,IVORY WINNERS,Resulted,0,0,2026-09-01T20:30:29.296971+00:00
20099646,Limited Overs,LEATHER,past,2025-11-11T13:25:00.000Z,3003,Pune,282913,Cricathon Cricket Ground,,,,,,2765155,CricUnited XI,241/5,11298062,Passion Cricket Academy Ravet,140/6,Toss: Passion Cricket Academy Ravet opt to field,101 runs,CricUnited XI,Resulted,0,0,2026-09-01T20:30:29.296971+00:00
20107852,Limited Overs,TENNIS,past,2025-11-16T02:54:29.000Z,3003,Pune,978187,Rupinagar,,,,,,7328484,Bajrang Warriors,176/8,11210357,Ajinkya 11,112/10,Toss: Bajrang Warriors opt to bat,64 runs,Bajrang Warriors,Resulted,0,0,2026-09-01T20:30:29.296971+00:00
20107892,Limited Overs,TENNIS,past,2025-11-26T01:49:59.000Z,3003,Pune,744485,A to Z CRICKET GROUND LAVALE,,,,,,2977431,The Legenders,154/8,9646363,Overtime Hitters,88/10,Toss: Overtime Hitters opt to field,66 runs,The Legenders,Resulted,0,0,2026-09-01T20:30:29.296971+00:00
20134128,Limited Overs,TENNIS,past,2025-11-15T05:03:00.000Z,3003,Pune,19790,DNC,1152117,CORPORATE PREMIER LEAGUE 2024-2026,,2214824,League Matches,11309501,Vertical Oriana 3.0,137/6,11104285,Narsimha Cricket Club,107/8,Toss: Narsimha Cricket Club opt to field,30 runs,Vertical Oriana 3.0,Resulted,0,0,2026-09-01T20:30:29.296971+00:00
20136722,Limited Overs,LEATHER,past,2025-11-18T14:02:06.000Z,3003,Pune,282913,Cricathon Cricket Ground,1670024,Cricathon S5 Weekday Night T20 Tournament - Octagon Cup,,3238267,League Matches,2223945,Life Republic Royals,219/5,3510777,CrickFitNet Academy,158/6,Toss: Life Republic Royals opt to bat,61 runs,Life Republic Royals,Resulted,0,0,2026-09-01T20:30:29.296971+00:00
20158200,Limited Overs,TENNIS,past,2025-11-15T05:54:25.000Z,3003,Pune,346741,Park ivory multipurpose court,1678985,IPL 2025 Season 2 - Above 18 Men,,3247597,League Matches,11258042,IVORY WINNERS,49/6,11258038,Ivory Nivant 11,39/6,Toss: Ivory Nivant 11 opt to field,10 runs,IVORY WINNERS,Resulted,0,0,2026-09-01T20:30:29.296971+00:00
20178020,Limited Overs,TENNIS,past,2025-11-16T02:05:22.000Z,3003,Pune,22428,Dhobi Graund dehuroad,,,,,,285804,Silverland SuperGiants,117/8,3382845,RISINGXI,84/6,Toss: Silverland SuperGiants opt to bat,33 runs,Silverland SuperGiants,Resulted,0,0,2026-09-01T20:30:29.296971+00:00
20183731,Limited Overs,TENNIS,past,2025-11-16T03:38:20.000Z,3003,Pune,22428,Dhobi Graund dehuroad,,,,,,3382845,RISINGXI,31/6,285804,Silverland SuperGiants,32/3,Toss: RISINGXI opt to bat,8 wickets,Silverland SuperGiants,Resulted,0,0,2026-09-01T20:30:29.296971+00:00
20186072,Limited Overs,TENNIS,past,2025-11-16T04:19:38.000Z,3003,Pune,182740,HA Ground,,,,,,10202361,SUPREME CHALLENGERS,133/10,7890122,Rocky 11,139/5,Toss: SUPREME CHALLENGERS opt to bat,5 wickets,Rocky 11,Resulted,0,0,2026-09-01T20:30:29.296971+00:00
20186552,Limited Overs,TENNIS,past,2025-11-16T04:25:10.000Z,3003,Pune,346741,Park ivory multipurpose court,1678985,IPL 2025 Season 2 - Above 18 Men,,3247601,Semi Final,11258660,"Ivory Hurricanes, S-2",48/5,11258042,IVORY WINNERS,32/4,Toss: IVORY WINNERS opt to field,16 runs,"Ivory Hurricanes, S-2",Resulted,0,0,2026-09-01T20:30:29.296971+00:00
20200032,Limited Overs,LEATHER,past,2025-11-16T09:25:48.000Z,1923,Koppa,364037,Pune,,,,,,11344907,Pune Fighters Cricket Club,166/7,11345003,Arrow XI,104/7,Toss: Pune Fighters Cricket Club opt to bat,62 runs,Pune Fighters Cricket Club,Resulted,0,0,2026-09-01T20:30:29.296971+00:00
20213078,Limited Overs,TENNIS,past,2025-11-17T09:48:00.000Z,3003,Pune,485284,Kodre Farm Cricket Ground Sinhgad Road Pune,1632964,EPAM Premier League - Season 7 (2025),,3158742,League Matches,10970658,EPAM PHOENIXES,111/8,10970673,EPAM GUARDIANS,115/3,Toss: EPAM PHOENIXES opt to bat,7 wickets,EPAM GUARDIANS,Resulted,0,0,2026-09-01T20:30:29.296971+00:00
20248780,Box Cricket,TENNIS,past,2025-12-06T11:10:39.000Z,3003,Pune,805644,Pifa,1693569,APL7,,3281930,League Matches,11353179,Star spartans,128/1,11353173,Team brahmos,82/5,Toss: Team brahmos opt to field,46 runs,Star spartans,Resulted,0,0,2026-09-01T20:30:29.296971+00:00
20248781,Box Cricket,TENNIS,past,2025-12-06T11:47:20.000Z,3003,Pune,805644,Pifa,1693569,APL7,,3281930,League Matches,11353179,Star spartans,84/6,11353169,Swaraj Batallion,55/7,Toss: Swaraj Batallion opt to field,29 runs,Star spartans,Resulted,0,0,2026-09-01T20:30:29.296971+00:00
20248783,Box Cricket,TENNIS,past,2025-12-06T13:07:26.000Z,3003,Pune,805644,Pifa,1693569,APL7,,3281930,League Matches,11353179,Star spartans,84/3,11353173,Team brahmos,88/3,Toss: Team brahmos opt to field,4 wickets,Team brahmos,Resulted,0,0,2026-09-01T20:30:29.296971+00:00
20248784,Box Cricket,TENNIS,past,2025-12-06T13:44:04.000Z,3003,Pune,805644,Pifa,1693569,APL7,,3281930,League Matches,11353179,Star spartans,74/5,11353169,Swaraj Batallion,77/3,Toss: Star spartans opt to bat,4 wickets,Swaraj Batallion,Resulted,0,0,2026-09-01T20:30:29.296971+00:00
20248786,Box Cricket,TENNIS,past,2025-12-07T11:34:03.000Z,3003,Pune,805644,Pifa,1693569,APL7,,3281930,League Matches,11353173,Team brahmos,87/5,11353179,Star spartans,86/6,Toss: Star spartans opt to field,1 run,Team brahmos,Resulted,0,0,2026-09-01T20:30:29.296971+00:00
20248787,Box Cricket,TENNIS,past,2025-12-07T12:24:16.000Z,3003,Pune,805644,Pifa,1693569,APL7,,3281930,League Matches,11353169,Swaraj Batallion,95/8,11353179,Star spartans,96/0,Toss: Swaraj Batallion opt to bat,7 wickets,Star spartans,Resulted,0,0,2026-09-01T20:30:29.296971+00:00
20250525,Limited Overs,LEATHER,past,2025-11-22T07:54:26.000Z,3003,Pune,456738,"30YCA Spark Cricket Ground, Jambhe",1251448,30YCA TItans Cup ,,2407183,League Matches,2223945,Life Republic Royals,186/8,1585686,Tornadoes,187/8,Toss: Life Republic Royals opt to bat,2 wickets,Tornadoes,Resulted,0,0,2026-09-01T20:30:29.296971+00:00
20254034,Limited Overs,TENNIS,past,2025-11-23T01:47:21.000Z,3003,Pune,987380,"Lords Of Mulshi, Kasarsai",,,,,,9770927,Hanumankinda,110/8,11322242,19 Gw Hard Tennis Team,111/5,Toss: Hanumankinda opt to bat,5 wickets,19 Gw Hard Tennis Team,Resulted,0,0,2026-09-01T20:30:29.296971+00:00
20285383,Limited Overs,TENNIS,past,2025-11-22T02:13:49.000Z,3003,Pune,42688,Jolly Ground,,,,,,285804,Silverland SuperGiants,81/10,882803,Rejoin Cricket Club,82/1,Toss: Silverland SuperGiants opt to bat,9 wickets,Rejoin Cricket Club,Resulted,0,0,2026-09-01T20:30:29.296971+00:00
20287460,Limited Overs,TENNIS,past,2025-11-22T03:39:21.000Z,3003,Pune,42688,Jolly Ground,,,,,,285804,Silverland SuperGiants,101/4,882803,Rejoin Cricket Club,101/5,Toss: Silverland SuperGiants opt to bat,Tie,,Tie,0,0,2026-09-01T20:30:29.296971+00:00
20295746,Limited Overs,TENNIS,past,2025-11-23T07:12:37.000Z,3000,Pimpri,457705,MADANLAL DHINGRA NIGDI,1671590,DPL SEASON 19,,3233647,League Matches,11367748,Chill Out Challengers,286/5,11210357,Ajinkya 11,267/5,Toss: Chill Out Challengers opt to bat,19 runs,Chill Out Challengers,Resulted,0,0,2026-09-01T20:30:29.296971+00:00
20330996,Limited Overs,LEATHER,past,2025-11-26T14:05:00.000Z,3003,Pune,282913,Cricathon Cricket Ground,1670024,Cricathon S5 Weekday Night T20 Tournament - Octagon Cup,,3238267,League Matches,2223945,Life Republic Royals,226/3,7549771,VDR CRICKET ACADEMY 2024-25,210/7,Toss: Life Republic Royals opt to bat,16 runs,Life Republic Royals,Resulted,0,0,2026-09-01T20:30:29.296971+00:00
20347976,Box Cricket,TENNIS,past,2025-11-28T13:50:26.000Z,3003,Pune,70350,Soccer And Snooker Dhanori,1701479,Friends Premier League 2025 ,,3295116,League Matches,7578237,GAME CHANGERS,34/4,4046863,HINDAVI SWARAJYA,35/1,Toss: GAME CHANGERS opt to bat,6 wickets,HINDAVI SWARAJYA,Resulted,0,0,2026-09-01T20:30:29.296971+00:00
20347988,Box Cricket,TENNIS,past,2025-11-28T14:31:08.000Z,3003,Pune,70350,Soccer And Snooker Dhanori,1701479,Friends Premier League 2025 ,,3295116,League Matches,7578237,GAME CHANGERS,25/4,9112088,Evita United Box Cricket Team,27/1,Toss: GAME CHANGERS opt to bat,4 wickets,Evita United Box Cricket Team,Resulted,0,0,2026-09-01T20:30:29.296971+00:00
20362743,Box Cricket,TENNIS,past,2025-11-30T03:50:45.000Z,3003,Pune,1026984,Sukhwani Palms Turf & Sports,1679122,Tathwade Punawale Society League 2025,,3298370,Round One,11245244,Infinity Warriers,117/4,11325085,Sapphire 2 Worriers,35/6,Toss: Infinity Warriers opt to bat,82 runs,Infinity Warriers,Resulted,0,0,2026-09-01T20:30:29.296971+00:00
20368079,Limited Overs,LEATHER,past,2025-11-30T04:12:12.000Z,3003,Pune,406981,"30YCA Cricket Ground, Chandkhed",1608220,30YCA Supermacy Cup S7.0 ( White Ball T20),,3111836,League Matches,2223945,Life Republic Royals,221/6,5242759,PMP Incredibles,189/8,Toss: PMP Incredibles opt to field,32 runs,Life Republic Royals,Resulted,0,0,2026-09-01T20:30:29.296971+00:00
20371518,Limited Overs,TENNIS,past,2025-12-05T01:37:52.000Z,3003,Pune,6853,Infinity Cricket Ground,,,,,,7286226,Riviera Game Changers,101/9,9646363,Overtime Hitters,105/5,Toss: Riviera Game Changers opt to bat,5 wickets,Overtime Hitters,Resulted,0,0,2026-09-01T20:30:29.296971+00:00
20374798,Limited Overs,TENNIS,past,2025-11-29T01:34:52.000Z,3003,Pune,10352,NCL Ground Pashan,,,,,,10715693,Roaring Hawks,78/4,8097948,Stalwarts,82/5,Toss: Stalwarts opt to field,5 wickets,Stalwarts,Resulted,0,0,2026-09-01T20:30:29.296971+00:00
20377772,Limited Overs,TENNIS,past,2025-12-01T01:43:55.000Z,3003,Pune,1026481,CSMCC CHANDKHED,,,,,,5146670,LR-Fearless Fighters,122/8,8166321,Puneri Palten,123/6,Toss: LR-Fearless Fighters opt to bat,4 wickets,Puneri Palten,Resulted,0,0,2026-09-01T20:30:29.296971+00:00
20378138,Box Cricket,TENNIS,past,2025-11-27T01:43:20.000Z,3003,Pune,361773,"Ranvijay Sports Club, Balewadi",1705634,TCC - 27th Nov 2025 league matches ,,3300698,League Matches,8440020,Team Purple Panther,101/3,8440012,Team Yellow Phoenix,60/6,Toss: Team Purple Panther opt to bat,41 runs,Team Purple Panther,Resulted,0,0,2026-09-01T20:30:29.296971+00:00
20382822,Box Cricket,TENNIS,past,2025-11-27T02:07:31.000Z,3003,Pune,361773,"Ranvijay Sports Club, Balewadi",1705634,TCC - 27th Nov 2025 league matches ,,3300698,League Matches,8440020,Team Purple Panther,70/6,8440012,Team Yellow Phoenix,71/0,Toss: Team Purple Panther opt to bat,6 wickets,Team Yellow Phoenix,Resulted,0,0,2026-09-01T20:30:29.296971+00:00
20383025,Box Cricket,TENNIS,past,2025-11-27T02:29:37.000Z,3003,Pune,361773,"Ranvijay Sports Club, Balewadi",1705634,TCC - 27th Nov 2025 league matches ,,3300698,League Matches,8440012,Team Yellow Phoenix,91/6,8440020,Team Purple Panther,92/4,Toss: Team Yellow Phoenix opt to bat,2 wickets,Team Purple Panther,Resulted,0,0,2026-09-01T20:30:29.296971+00:00
20383262,Box Cricket,TENNIS,past,2025-11-27T02:53:18.000Z,3003,Pune,361773,"Ranvijay Sports Club, Balewadi",1705634,TCC - 27th Nov 2025 league matches ,,3300698,League Matches,8440020,Team Purple Panther,98/4,8440012,Team Yellow Phoenix,100/0,Toss: Team Purple Panther opt to bat,6 wickets,Team Yellow Phoenix,Resulted,0,0,2026-09-01T20:30:29.296971+00:00
20385628,Limited Overs,TENNIS,past,2025-11-30T02:47:00.000Z,3000,Pimpri,457705,MADANLAL DHINGRA NIGDI,1671590,DPL SEASON 19,,3233647,League Matches,11210357,Ajinkya 11,235/5,11246749,SHAMBHU 11,120/10,Toss: Ajinkya 11 opt to bat,115 runs,Ajinkya 11,Resulted,0,0,2026-09-01T20:30:29.296971+00:00
20387914,Limited Overs,LEATHER,past,2025-12-07T15:10:00.000Z,3003,Pune,456738,"30YCA Spark Cricket Ground, Jambhe",1608220,30YCA Supermacy Cup S7.0 ( White Ball T20),,3111836,League Matches,2223945,Life Republic Royals,156/10,4966429,DRAGONS Cricket Club,127/10,Toss: Life Republic Royals opt to bat,29 runs,Life Republic Royals,Resulted,0,0,2026-09-01T20:30:29.296971+00:00
20398738,Limited Overs,TENNIS,past,2025-11-29T03:04:03.000Z,3003,Pune,10352,NCL Ground Pashan,,,,,,10715693,Roaring Hawks,55/5,8097948,Stalwarts,56/6,Toss: Roaring Hawks opt to bat,4 wickets,Stalwarts,Resulted,0,0,2026-09-01T20:30:29.296971+00:00
20399249,Limited Overs,TENNIS,past,2025-12-06T16:20:11.000Z,3003,Pune,277682,Akshar Elemnta,1682386,EPL 6 Mens Tournament ,,3254942,League Matches,11281031,Delhi Capitals,76/5,11280970,Nagpur Tigers,77/5,Toss: Delhi Capitals opt to bat,1 wicket,Nagpur Tigers,Resulted,0,0,2026-09-01T20:30:29.296971+00:00
20399327,Box Cricket,TENNIS,past,2025-12-07T06:19:41.000Z,3003,Pune,277682,Akshar Elemnta,1682386,EPL 6 Mens Tournament ,,3254942,League Matches,11281091,Shimla Stallions,69/4,11280970,Nagpur Tigers,67/6,Toss: Nagpur Tigers opt to field,2 runs,Shimla Stallions,Resulted,0,0,2026-09-01T20:30:29.296971+00:00
20399589,Limited Overs,TENNIS,past,2025-11-28T17:48:30.000Z,3003,Pune,887964,Fit & Focused Turf,1567488,Clash of Titans- Dark knights!,,3031437,League Matches,9652994,Dark knights!,86/7,11442003,Dr Doom,74/3,Toss: Dr Doom opt to field,12 runs,Dark knights!,Resulted,0,0,2026-09-01T20:30:29.296971+00:00
20399629,Limited Overs,TENNIS,past,2025-11-28T04:52:38.000Z,3003,Pune,789526,Chandrabhaga cricket ground,1694461,Shri. Deepak Madhukar bhondve chashak - Season 1,,3303780,League Matches,5040063,Shivrudr,50/6,4226989,Nirvana Fighters,52/2,Toss: Nirvana Fighters opt to field,8 wickets,Nirvana Fighters,Resulted,0,0,2026-09-01T20:30:29.296971+00:00
20401797,Limited Overs,TENNIS,past,2025-11-28T07:07:05.000Z,3003,Pune,789526,Chandrabhaga cricket ground,1694461,Shri. Deepak Madhukar bhondve chashak - Season 1,,3303780,League Matches,11306938,DHARMANATH CRICKET CLUB RAVET,70/6,4226989,Nirvana Fighters,72/4,Toss: Nirvana Fighters opt to field,6 wickets,Nirvana Fighters,Resulted,0,0,2026-09-01T20:30:29.296971+00:00
20405465,Limited Overs,TENNIS,past,2025-11-28T10:56:15.000Z,3003,Pune,789526,Chandrabhaga cricket ground,1694461,Shri. Deepak Madhukar bhondve chashak - Season 1,,3303780,League Matches,4226989,Nirvana Fighters,54/5,8723755,Ravet Super Striker,46/3,Toss: Ravet Super Striker opt to field,8 runs,Nirvana Fighters,Resulted,0,0,2026-09-01T20:30:29.296971+00:00
20411179,Limited Overs,TENNIS,past,2025-11-29T01:38:03.000Z,3003,Pune,50846,VDR 3 Ground,,,,,,5997495,Rising Warriors Pune,124/10,6014971,NITROJAINS BLASTER,125/9,Toss: NITROJAINS BLASTER opt to field,1 wicket,NITROJAINS BLASTER,Resulted,0,0,2026-09-01T20:30:29.296971+00:00
20412944,Limited Overs,TENNIS,past,2025-11-28T19:15:43.000Z,3003,Pune,887964,Fit & Focused Turf,1567488,Clash of Titans- Dark knights!,,3031437,League Matches,9652994,Dark knights!,112/8,11442003,Dooms Day,95/6,Toss: Dark knights! opt to bat,17 runs,Dark knights!,Resulted,0,0,2026-09-01T20:30:29.296971+00:00
20417154,Limited Overs,TENNIS,past,2025-11-29T03:53:58.000Z,3003,Pune,879865,"Pawar Public School, Hinjewadi",1707635,Big-Ground Cricket Tournament,,3304255,Round One,11442930,Team Abhijeet,100/2,11442934,Team Ketan,32/5,Toss: Team Ketan opt to field,68 runs,Team Abhijeet,Resulted,0,0,2026-09-01T20:30:29.296971+00:00
20417462,Box Cricket,TENNIS,past,2025-11-29T07:20:42.000Z,2947,Mumbai,771642,prime turf,1709005,Thomson Reuters SurePrep Premier League ,,3306560,League Matches,11450931,Lagaan Legends,45/5,11450830,TR Sunrisers,46/0,Toss: TR Sunrisers opt to field,9 wickets,TR Sunrisers,Resulted,0,0,2026-09-01T20:30:29.296971+00:00
20418961,Box Cricket,TENNIS,past,2025-11-29T05:06:30.000Z,2796,Dehu Road,1037716,"Chandrabhaga Corner,Near G.K Society, Ravet",1702744,"SOCIETY HALF, Mrs.SHILPATAI RAUT SOCIETY PREMIER LEAGUE ",,3305041,Round One,3772711,Elena Homes,24/4,4226989,Nirvana Fighters,30/3,Toss: Elena Homes opt to bat,4 wickets,Nirvana Fighters,Resulted,0,0,2026-09-01T20:30:29.296971+00:00
20421145,Box Cricket,TENNIS,past,2025-11-29T06:42:34.000Z,2796,Dehu Road,1037716,"Chandrabhaga Corner,Near G.K Society, Ravet",1702744,"SOCIETY HALF, Mrs.SHILPATAI RAUT SOCIETY PREMIER LEAGUE ",,3305041,Round One,4226989,Nirvana Fighters,11/7,11417069,K Town,12/0,Toss: Nirvana Fighters opt to bat,8 wickets,K Town,Resulted,0,0,2026-09-01T20:30:29.296971+00:00
20422972,Box Cricket,TENNIS,past,2025-11-30T03:32:12.000Z,3003,Pune,277682,Akshar Elemnta,1682386,EPL 6 Mens Tournament ,,3254942,League Matches,11281156,Ahmedabad Avengers,101/5,11280812,Agra Warriors,93/6,Toss: Ahmedabad Avengers opt to bat,8 runs,Ahmedabad Avengers,Resulted,0,0,2026-09-01T20:30:29.296971+00:00
20423028,Box Cricket,TENNIS,past,2025-12-06T13:23:20.000Z,3003,Pune,277682,Akshar Elemnta,1682386,EPL 6 Mens Tournament ,,3254942,League Matches,11281156,Ahmedabad Avengers,85/5,11281126,Lucknow Nawabs,62/5,Toss: Ahmedabad Avengers opt to bat,23 runs,Ahmedabad Avengers,Resulted,0,0,2026-09-01T20:30:29.296971+00:00
20425061,Box Cricket,TENNIS,past,2025-11-29T09:30:23.000Z,2947,Mumbai,771642,prime turf,1709005,Thomson Reuters SurePrep Premier League ,,3306560,League Matches,11450928,Sky Smashers,92/1,11450830,TR Sunrisers,24/5,Toss: Sky Smashers opt to bat,68 runs,Sky Smashers,Resulted,0,0,2026-09-01T20:30:29.296971+00:00
20425813,Box Cricket,TENNIS,past,2025-11-29T12:44:59.000Z,3004,Pune Cantonment,1025423,Shourya Sports Vrindavan Cricket Ground,1708614,SHOURYA SPORTS BOX CRICKET CHAMPIONS TROPHY ,,3305950,League Matches,11449030,MARUNJI WORRIORS,66/4,11453632,RAJGAD WORRIERS,50/5,Toss: RAJGAD WORRIERS opt to field,16 runs,MARUNJI WORRIORS,Resulted,0,0,2026-09-01T20:30:29.296971+00:00
20425854,Box Cricket,TENNIS,past,2025-11-29T13:26:04.000Z,3004,Pune Cantonment,1025423,Shourya Sports Vrindavan Cricket Ground,1708614,SHOURYA SPORTS BOX CRICKET CHAMPIONS TROPHY ,,3305950,League Matches,11453632,RAJGAD WORRIERS,61/5,10938660,LR Storm Chasers,62/0,Toss: RAJGAD WORRIERS opt to bat,8 wickets,LR Storm Chasers,Resulted,0,0,2026-09-01T20:30:29.296971+00:00
20425914,Box Cricket,TENNIS,past,2025-11-29T14:40:53.000Z,3004,Pune Cantonment,1025423,Shourya Sports Vrindavan Cricket Ground,1708614,SHOURYA SPORTS BOX CRICKET CHAMPIONS TROPHY ,,3305950,League Matches,11448721,Team Sanjeevani,66/4,11453632,RAJGAD WORRIERS,68/0,Toss: Team Sanjeevani opt to bat,8 wickets,RAJGAD WORRIERS,Resulted,0,0,2026-09-01T20:30:29.296971+00:00
20427493,Box Cricket,TENNIS,past,2025-11-29T11:36:09.000Z,2947,Mumbai,771642,prime turf,1709005,Thomson Reuters SurePrep Premier League ,,3306560,League Matches,11450943,Dream XI,58/2,11450830,TR Sunrisers,20/5,Toss: TR Sunrisers opt to field,38 runs,Dream XI,Resulted,0,0,2026-09-01T20:30:29.296971+00:00
20429673,Limited Overs,TENNIS,past,2025-12-06T01:54:22.000Z,3003,Pune,50846,VDR 3 Ground,,,,,,6014971,NITROJAINS BLASTER,117/10,5997495,Rising Warriors Pune,120/8,Toss: Rising Warriors Pune opt to field,3 wickets,Rising Warriors Pune,Resulted,0,0,2026-09-01T20:30:29.296971+00:00
20434538,Box Cricket,TENNIS,past,2025-11-30T11:42:09.000Z,3004,Pune Cantonment,1025423,Shourya Sports Vrindavan Cricket Ground,1708614,SHOURYA SPORTS BOX CRICKET CHAMPIONS TROPHY ,,3305950,League Matches,11453632,RAJGAD WORRIERS,45/5,11448868,Spring Woods Warriors,46/1,Toss: Spring Woods Warriors opt to field,7 wickets,Spring Woods Warriors,Resulted,0,0,2026-09-01T20:30:29.296971+00:00
20453973,Limited Overs,TENNIS,past,2026-01-10T01:41:21.000Z,3003,Pune,114039,Club Chrysallis,1542723,Arezo Season 2025-2026,,3100792,League Matches,4973114,LR Arezo Kings,167/9,9050086,Costa Boys,130/5,Toss: Costa Boys opt to field,37 runs,LR Arezo Kings,Resulted,0,0,2026-09-01T20:30:29.296971+00:00
20456699,Limited Overs,TENNIS,past,2025-11-30T08:59:01.000Z,3003,Pune,789526,Chandrabhaga cricket ground,1694461,Shri. Deepak Madhukar bhondve chashak - Season 1,,3311233,Semi Final,4575270,Revanta Risers Ravet (RRR),57/6,4226989,Nirvana Fighters,62/1,Toss: Nirvana Fighters opt to field,9 wickets,Nirvana Fighters,Resulted,0,0,2026-09-01T20:30:29.296971+00:00
20460383,Limited Overs,TENNIS,past,2025-11-30T10:46:21.000Z,3003,Pune,789526,Chandrabhaga cricket ground,1694461,Shri. Deepak Madhukar bhondve chashak - Season 1,,3311273,Final,11371589,Super 11 Ravet,54/5,4226989,Nirvana Fighters,59/5,Toss: Nirvana Fighters opt to field,5 wickets,Nirvana Fighters,Resulted,0,0,2026-09-01T20:30:29.296971+00:00
20462080,Limited Overs,TENNIS,past,2025-11-30T11:38:14.000Z,32148,Wakad,1025462,kaveri nagar police line ground,1675712,WAKAD PREMIER LEAGUE (WPL) SEASON-8,,3268354,Super Knockout,11242033,19 GW Gladiators,60/5,5566162,SATHE NAGAR YODHA,63/2,Toss: 19 GW Gladiators opt to bat,7 wickets,SATHE NAGAR YODHA,Resulted,0,0,2026-09-01T20:30:29.296971+00:00
20477377,Limited Overs,TENNIS,past,2025-12-07T01:42:07.000Z,3003,Pune,127612,New Poona Western Club,,,,,,11322242,19 Gw Hard Tennis Team,119/7,11445413,Rogue Titans,106/10,Toss: 19 Gw Hard Tennis Team opt to bat,13 runs,19 Gw Hard Tennis Team,Resulted,0,0,2026-09-01T20:30:29.296971+00:00
20478247,Limited Overs,TENNIS,past,2025-12-05T01:44:32.000Z,3003,Pune,388105,Desire Ground Baner,1666973,Master Blasters League - 3,,3303779,League Matches,4447038,LP Titans,78/10,9762065,"CP STRIKERS, Pune",79/4,"Toss: CP STRIKERS, Pune opt to field",6 wickets,"CP STRIKERS, Pune",Resulted,0,0,2026-09-01T20:30:29.296971+00:00
20478253,Limited Overs,TENNIS,past,2025-12-10T01:41:30.000Z,3003,Pune,187233,Desire Sport Corporation Ground B,1666973,Master Blasters League - 3,,3303779,League Matches,4447038,LP Titans,105/9,3636749,CricMasters,108/5,Toss: CricMasters opt to field,5 wickets,CricMasters,Resulted,0,0,2026-09-01T20:30:29.296971+00:00
20478264,Limited Overs,TENNIS,past,2025-12-18T01:56:58.000Z,3003,Pune,187233,Desire Sport Corporation Ground B,1666973,Master Blasters League - 3,,3303779,League Matches,4447038,LP Titans,82/8,3384358,Life Montage Warriors,78/10,Toss: Life Montage Warriors opt to field,4 runs,LP Titans,Resulted,0,0,2026-09-01T20:30:29.296971+00:00
20478278,Limited Overs,TENNIS,past,2025-12-26T01:54:35.000Z,3003,Pune,388105,Desire Ground Baner,1666973,Master Blasters League - 3,,3303779,League Matches,4447038,LP Titans,117/8,7787181,Black Commandos,109/5,Toss: Black Commandos opt to field,8 runs,LP Titans,Resulted,0,0,2026-09-01T20:30:29.296971+00:00
20482858,Box Cricket,TENNIS,past,2025-12-06T02:17:20.000Z,3003,Pune,566974,4 Lions RAVET,1713266,Pavillion Premier League(Male) - Season 5 ,,3316066,League Matches,11479549,Team Dominators,56/1,11479426,Raigad Royals,50/3,Toss: Raigad Royals opt to field,6 runs,Team Dominators,Resulted,0,0,2026-09-01T20:30:29.296971+00:00
20482866,Box Cricket,TENNIS,past,2025-12-06T03:25:51.000Z,3003,Pune,566974,4 Lions RAVET,1713266,Pavillion Premier League(Male) - Season 5 ,,3316066,League Matches,11479438,Maratha Warriors,55/3,11479426,Raigad Royals,56/2,Toss: Raigad Royals opt to field,6 wickets,Raigad Royals,Resulted,0,0,2026-09-01T20:30:29.296971+00:00
20482875,Box Cricket,TENNIS,past,2025-12-06T04:45:04.000Z,3003,Pune,566974,4 Lions RAVET,1713266,Pavillion Premier League(Male) - Season 5 ,,3316066,League Matches,11479435,Power Rangers,65/6 & 2/1,11479426,Raigad Royals,65/1 & 1/2,Toss: Power Rangers opt to bat,Match Tied (Power Rangers won the super over),Power Rangers,Resulted,0,1,2026-09-01T20:30:29.296971+00:00
20487413,Limited Overs,LEATHER,past,2025-12-13T13:47:00.000Z,3003,Pune,766870,Cricket Haven Sport Club,1640639,Night King Season 3,,3265139,League Matches,3213375,Arrow XI,150/10,8593371,Yorkershire XI,151/5,Toss: Yorkershire XI opt to field,5 wickets,Yorkershire XI,Resulted,0,0,2026-09-01T20:30:29.296971+00:00
20508909,Box Cricket,TENNIS,past,2025-12-06T09:24:55.000Z,3003,Pune,1026984,Sukhwani Palms Turf & Sports,1679122,Tathwade Punawale Society League 2025,,3298371,Round Two,11245244,Infinity Warriers,104/5,5091146,Elementa Strikers,78/4,Toss: Infinity Warriers opt to bat,26 runs,Infinity Warriers,Resulted,0,0,2026-09-01T20:30:29.296971+00:00
20520278,Limited Overs,TENNIS,past,2025-12-07T02:19:46.000Z,2796,Dehu Road,94172,jolly,1424383,T20 Maitri Chashak Season 11,,3321687,League Matches,882803,Rejoin Cricket Club,136/9,285804,Silverland SuperGiants,140/3,Toss: Silverland SuperGiants opt to field,7 wickets,Silverland SuperGiants,Resulted,0,0,2026-09-01T20:30:29.296971+00:00
20531347,Limited Overs,LEATHER,past,2025-12-05T04:19:00.000Z,3003,Pune,996521,Crichthon,,,,,,8051352,Star 11,306/11,11489267,THE DOMINATORS,300/11,Toss: Star 11 opt to bat,6 runs,Star 11,Resulted,0,0,2026-09-01T20:30:29.296971+00:00
20532091,Limited Overs,LEATHER,past,2026-01-31T04:29:00.000Z,3003,Pune,12485,Mulshi Cricket Ground,1365798,Freedom Cup Season 4 ,,2639381,League Matches,6356807,Cap Crusaders,179/9,6518109,Brave Bulls,156/7,Toss: Cap Crusaders opt to bat,23 runs,Cap Crusaders,Resulted,0,0,2026-09-01T20:30:29.296971+00:00
20533850,Limited Overs,LEATHER,past,2025-12-07T11:16:10.000Z,3003,Pune,744485,A to Z CRICKET GROUND LAVALE,,,,,,9361956,Hungry Hunters,121/10,3213375,Arrow XI,111/10,Toss: Arrow XI opt to field,10 runs,Hungry Hunters,Resulted,0,0,2026-09-01T20:30:29.296971+00:00
20546467,Limited Overs,LEATHER,past,2025-12-13T02:29:00.000Z,3003,Pune,406981,"30YCA Cricket Ground, Chandkhed",1608220,30YCA Supermacy Cup S7.0 ( White Ball T20),,3111836,League Matches,2223945,Life Republic Royals,205/6,1897462,Spartans,146/5,Toss: Spartans opt to field,59 runs,Life Republic Royals,Resulted,0,0,2026-09-01T20:30:29.296971+00:00
20551346,Limited Overs,TENNIS,past,2025-12-06T03:54:56.000Z,3003,Pune,514357,"Kodare Cricket Ground, Dhayri",,,,,,11516822,CSK,90/4,11516939,Rcb,87/4,Toss: CSK opt to bat,3 runs,CSK,Resulted,0,0,2026-09-01T20:30:29.296971+00:00
20552289,Limited Overs,TENNIS,past,2025-12-06T04:23:52.000Z,32148,Wakad,1025462,kaveri nagar police line ground,1675712,WAKAD PREMIER LEAGUE (WPL) SEASON-8,,3268354,Super Knockout,3226556,Horizons Incredibles,56/5,5491625,KS Rising Stars,57/2,Toss: Horizons Incredibles opt to bat,7 wickets,KS Rising Stars,Resulted,0,0,2026-09-01T20:30:29.296971+00:00
20559705,Limited Overs,TENNIS,past,2025-12-06T08:50:12.000Z,3003,Pune,97616,SSPL DANGECHAUK,1717214,SSPL SATURDAY T20 TOURNAMENT SEASON 8,,3325656,League Matches,9615442,Aeron Warriors,29/10,285804,Silverland SuperGiants,33/1,Toss: Aeron Warriors opt to bat,9 wickets,Silverland SuperGiants,Resulted,0,0,2026-09-01T20:30:29.296971+00:00
20561740,Limited Overs,TENNIS,past,2025-12-07T04:09:05.000Z,3003,Pune,485284,Kodre Farm Cricket Ground Sinhgad Road Pune,1632964,EPAM Premier League - Season 7 (2025),,3158743,Semi Final,10970649,EPAM SPARKS,179/3,10970669,EPAM VICTORS,180/2,Toss: EPAM VICTORS opt to field,8 wickets,EPAM VICTORS,Resulted,0,0,2026-09-01T20:30:29.296971+00:00
20561933,Limited Overs,TENNIS,past,2025-12-07T06:35:25.000Z,3003,Pune,485284,Kodre Farm Cricket Ground Sinhgad Road Pune,1632964,EPAM Premier League - Season 7 (2025),,3158743,Semi Final,10970665,EPAM GLORIFIERS,108/10,10970608,EPAM SHINERS,111/3,Toss: EPAM SHINERS opt to field,7 wickets,EPAM SHINERS,Resulted,0,0,2026-09-01T20:30:29.296971+00:00
20563266,Box Cricket,TENNIS,past,2025-12-07T09:11:49.000Z,3003,Pune,712535,Gitai Sports Complex,1716148,TURF CHAMPIONS CUP 2025,,3328208,League Matches,4046863,HINDAVI SWARAJYA,87/3,11519273,yatharth sports club,51/4,Toss: HINDAVI SWARAJYA opt to bat,36 runs,HINDAVI SWARAJYA,Resulted,0,0,2026-09-01T20:30:29.296971+00:00
20567554,Box Cricket,TENNIS,past,2025-12-07T09:18:22.000Z,3003,Pune,1026984,Sukhwani Palms Turf & Sports,1679122,Tathwade Punawale Society League 2025,,3298372,Round Three,11245244,Infinity Warriers,54/6,11284292,Sentosa Smashers,56/1,Toss: Infinity Warriers opt to bat,5 wickets,Sentosa Smashers,Resulted,0,0,2026-09-01T20:30:29.296971+00:00
20581298,Limited Overs,TENNIS,past,2025-12-07T03:20:06.000Z,2782,Chinchwad,1045526,Westen Poona,,,,,,11445413,Rogue Titans,86/10,11322242,Rising GW 11,89/3,Toss: Rogue Titans opt to bat,7 wickets,Rising GW 11,Resulted,0,0,2026-09-01T20:30:29.296971+00:00
20600520,Box Cricket,TENNIS,past,2025-12-07T11:19:53.000Z,3003,Pune,712535,Gitai Sports Complex,1716148,TURF CHAMPIONS CUP 2025,,3333238,Super League,4046863,HINDAVI SWARAJYA,63/2,11519271,Vighnaharta Sports Club,66/1,Toss: Vighnaharta Sports Club opt to field,6 wickets,Vighnaharta Sports Club,Resulted,0,0,2026-09-01T20:30:29.296971+00:00
20606965,Box Cricket,TENNIS,past,2025-12-07T13:26:57.000Z,3003,Pune,805644,Pifa,1693569,APL7,,3307234,Final,11353169,Swaraj Batallion,97/6,11353179,Star spartans,33/8,Toss: Star spartans opt to field,64 runs,Swaraj Batallion,Resulted,0,0,2026-09-01T20:30:29.296971+00:00
20614518,Limited Overs,LEATHER,past,2025-12-10T14:25:12.000Z,3003,Pune,282913,Cricathon Cricket Ground,1670024,Cricathon S5 Weekday Night T20 Tournament - Octagon Cup,,3238267,League Matches,2223945,Life Republic Royals,164/9,1176135,TPL Dominators,167/5,Toss: Life Republic Royals opt to bat,5 wickets,TPL Dominators,Resulted,0,0,2026-09-01T20:30:29.296971+00:00
20631325,Limited Overs,TENNIS,past,2025-12-13T04:33:26.000Z,3003,Pune,485284,Kodre Farm Cricket Ground Sinhgad Road Pune,1632964,EPAM Premier League - Season 7 (2025),,3158745,Third Position,10970649,EPAM SPARKS,135/10,10970665,EPAM GLORIFIERS,139/5,Toss: EPAM SPARKS opt to bat,5 wickets,EPAM GLORIFIERS,Resulted,0,0,2026-09-01T20:30:29.296971+00:00
20631347,Limited Overs,TENNIS,past,2025-12-13T07:18:52.000Z,3003,Pune,485284,Kodre Farm Cricket Ground Sinhgad Road Pune,1632964,EPAM Premier League - Season 7 (2025),,3158744,Final,10970608,EPAM SHINERS,46/10,10970669,EPAM VICTORS,50/3,Toss: EPAM VICTORS opt to field,7 wickets,EPAM VICTORS,Resulted,0,0,2026-09-01T20:30:29.296971+00:00
20662625,Box Cricket,TENNIS,past,2025-12-13T16:00:44.000Z,3003,Pune,277682,Akshar Elemnta,1682386,EPL 6 Mens Tournament ,,3254969,Quarter Final,11281156,Ahmedabad Avengers,108/5,11281176,Chandigarh Cheetahs,49/6,Toss: Ahmedabad Avengers opt to bat,59 runs,Ahmedabad Avengers,Resulted,0,0,2026-09-01T20:30:29.296971+00:00
20666201,Limited Overs,LEATHER,past,2025-12-14T08:17:54.000Z,3003,Pune,409201,"Walke Sports Ground, Bhosari Alandi Road",1141318,KPL  Match ,,2191835,Super Knockout,9175480,Glory Cricket Club,113/10,11019584,Super Strikers CC,114/2,Toss: Glory Cricket Club opt to bat,8 wickets,Super Strikers CC,Resulted,0,0,2026-09-01T20:30:29.296971+00:00
20676830,Box Cricket,TENNIS,past,2025-12-13T09:29:21.000Z,3003,Pune,1038884,4 lions Balewadi,1709504,Pune Corporate League(PCL) Season 2 ,,3345486,League Matches,6914624,Elites 11,156/1,11565478,Kanaka Strikers,29/4,Toss: Kanaka Strikers opt to field,127 runs,Elites 11,Resulted,0,0,2026-09-01T20:30:29.296971+00:00
20676851,Box Cricket,TENNIS,past,2025-12-13T10:41:15.000Z,3003,Pune,1038884,4 lions Balewadi,1709504,Pune Corporate League(PCL) Season 2 ,,3345486,League Matches,6914624,Elites 11,99/4,11574332,Mighty Mavericks,54/3,Toss: Elites 11 opt to bat,45 runs,Elites 11,Resulted,0,0,2026-09-01T20:30:29.296971+00:00
20682592,Box Cricket,TENNIS,past,2025-12-13T09:55:07.000Z,3003,Pune,1038884,4 lions Balewadi,1709504,Pune Corporate League(PCL) Season 2 ,,3345486,League Matches,6914624,Elites 11,127/1,8971217,TITANS,81/1,Toss: Elites 11 opt to bat,46 runs,Elites 11,Resulted,0,0,2026-09-01T20:30:29.296971+00:00
20686977,Box Cricket,TENNIS,past,2025-12-14T04:29:53.000Z,3003,Pune,70350,Soccer And Snooker Dhanori,1723948,Soccer N Snooker - Box Cricket League ,,3347292,League Matches,9514210,Atlantis Strikers,26/3,4046863,HINDAVI SWARAJYA,27/0,Toss: HINDAVI SWARAJYA opt to field,5 wickets,HINDAVI SWARAJYA,Resulted,0,0,2026-09-01T20:30:29.296971+00:00
20687008,Box Cricket,TENNIS,past,2025-12-14T04:45:28.000Z,3003,Pune,70350,Soccer And Snooker Dhanori,1723948,Soccer N Snooker - Box Cricket League ,,3347292,League Matches,4046863,HINDAVI SWARAJYA,49/0,11554011,Paratroopers Cricket Club,27/1,Toss: Paratroopers Cricket Club opt to field,22 runs,HINDAVI SWARAJYA,Resulted,0,0,2026-09-01T20:30:29.296971+00:00
20687180,Box Cricket,TENNIS,past,2025-12-14T06:38:55.000Z,3003,Pune,70350,Soccer And Snooker Dhanori,1723948,Soccer N Snooker - Box Cricket League ,,3347292,League Matches,11556570,Supers Aeros,26/2,4046863,HINDAVI SWARAJYA,28/0,Toss: Supers Aeros opt to bat,5 wickets,HINDAVI SWARAJYA,Resulted,0,0,2026-09-01T20:30:29.296971+00:00
20687211,Box Cricket,TENNIS,past,2025-12-14T07:11:37.000Z,3003,Pune,70350,Soccer And Snooker Dhanori,1723948,Soccer N Snooker - Box Cricket League ,,3347292,League Matches,11573687,Vandals,29/3,4046863,HINDAVI SWARAJYA,30/0,Toss: HINDAVI SWARAJYA opt to field,5 wickets,HINDAVI SWARAJYA,Resulted,0,0,2026-09-01T20:30:29.296971+00:00
20707149,Limited Overs,TENNIS,past,2025-12-14T03:14:00.000Z,2811,Dombivli,62593,Umbarli,1682616,LSG Cricket Club 35+ Tournament Season 4,,3350240,League Matches,11362130,LSG Strikers,49/5,11326162,LSG CHAMPIONS,50/0,Toss: LSG CHAMPIONS opt to field,10 wickets,LSG CHAMPIONS,Resulted,0,0,2026-09-01T20:30:29.296971+00:00
20707152,Limited Overs,TENNIS,past,2025-12-14T06:46:31.000Z,2811,Dombivli,62593,Umbarli,1682616,LSG Cricket Club 35+ Tournament Season 4,,3350240,League Matches,11326162,LSG CHAMPIONS,110/0,11326167,Veer Yodha,28/5,Toss: Veer Yodha opt to field,82 runs,LSG CHAMPIONS,Resulted,0,0,2026-09-01T20:30:29.296971+00:00
20714208,Limited Overs,TENNIS,past,2025-12-13T09:17:26.000Z,3003,Pune,97616,SSPL DANGECHAUK,1717214,SSPL SATURDAY T20 TOURNAMENT SEASON 8,,3325656,League Matches,11511172,Rising Yoddhas SSPL 10,213/8,285804,Silverland SuperGiants,118/10,Toss: Silverland SuperGiants opt to field,95 runs,Rising Yoddhas SSPL 10,Resulted,0,0,2026-09-01T20:30:29.296971+00:00
20716908,Limited Overs,TENNIS,past,2025-12-13T11:03:50.000Z,3003,Pune,1049249,"Sun rise global School 
Box cricket ground",1730147,Kushal (Nana) Satav turf tournament,,3347465,League Matches,11583568,Nivaan Meadows Dec 2025,80/0,11584850,Optima Heights,75/2,Toss: Optima Heights opt to field,5 runs,Nivaan Meadows Dec 2025,Resulted,0,0,2026-09-01T20:30:29.296971+00:00
20719659,Limited Overs,TENNIS,past,2025-12-13T12:41:27.000Z,3003,Pune,1049249,"Sun rise global School 
Box cricket ground",1730147,Kushal (Nana) Satav turf tournament,,3347465,League Matches,11583568,Nivaan Meadows Dec 2025,97/2,11584986,Lets Play,69/4,Toss: Lets Play opt to field,28 runs,Nivaan Meadows Dec 2025,Resulted,0,0,2026-09-01T20:30:29.296971+00:00
20726747,Limited Overs,TENNIS,past,2025-12-13T16:45:28.000Z,3003,Pune,1049249,"Sun rise global School 
Box cricket ground",1730147,Kushal (Nana) Satav turf tournament,,3347465,League Matches,11583568,Nivaan Meadows Dec 2025,46/2,11584739,GOLMAL-7,46/4,Toss: GOLMAL-7 opt to field,-46 runs,,Tie,0,0,2026-09-01T20:30:29.296971+00:00
20727857,Limited Overs,TENNIS,past,2025-12-13T17:31:37.000Z,3003,Pune,1049249,"Sun rise global School 
Box cricket ground",1730147,Kushal (Nana) Satav turf tournament,,3347465,League Matches,11583568,Nivaan Meadows Dec 2025,42/1,8876541,Optima Primes,47/0,Toss: Optima Primes opt to field,7 wickets,Optima Primes,Resulted,0,0,2026-09-01T20:30:29.296971+00:00
20733439,Box Cricket,TENNIS,past,2025-12-14T06:50:00.000Z,3003,Pune,277682,Akshar Elemnta,1682386,EPL 6 Mens Tournament ,,3254970,Semi Final,11281149,Indore Eagles,63/5,11281156,Ahmedabad Avengers,65/5,Toss: Indore Eagles opt to bat,2 wickets,Ahmedabad Avengers,Resulted,0,0,2026-09-01T20:30:29.296971+00:00
20733915,Box Cricket,TENNIS,past,2025-12-14T02:34:21.000Z,3003,Pune,108181,D Mart Ground Ravet,1724114,RSA RPL Dec 2025 (Society),,3346642,League Matches,10884646,Silver Gracia Titans,37/4,11591270,GK Silverland,22/7,Toss: GK Silverland opt to field,15 runs,Silver Gracia Titans,Resulted,0,0,2026-09-01T20:30:29.296971+00:00
20738983,Box Cricket,TENNIS,past,2025-12-14T03:51:17.000Z,3003,Pune,108181,D Mart Ground Ravet,1724114,RSA RPL Dec 2025 (Society),,3346642,League Matches,11591270,GK Silverland,71/4,11492432,SAI PLATINA,28/7,Toss: GK Silverland opt to bat,43 runs,GK Silverland,Resulted,0,0,2026-09-01T20:30:29.296971+00:00
20747114,Limited Overs,TENNIS,past,2025-12-14T05:56:28.000Z,3003,Pune,1049249,"Sun rise global School 
Box cricket ground",1730147,Kushal (Nana) Satav turf tournament,,3347465,League Matches,11591073,Sachin bhau hargude,38/2,11583568,Nivaan Meadows Dec 2025,39/2,Toss: Nivaan Meadows Dec 2025 opt to field,7 wickets,Nivaan Meadows Dec 2025,Resulted,0,0,2026-09-01T20:30:29.296971+00:00
20750292,Box Cricket,TENNIS,past,2025-12-14T07:19:54.000Z,3003,Pune,1038884,4 lions Balewadi,1709504,Pune Corporate League(PCL) Season 2 ,,3345487,Quarter Final,10072255,Chetak Warriors,86/2,6914624,Elites 11,24/6,Toss: Chetak Warriors opt to bat,62 runs,Chetak Warriors,Resulted,0,0,2026-09-01T20:30:29.296971+00:00
20751745,Limited Overs,TENNIS,past,2025-12-14T09:01:43.000Z,3003,Pune,1049249,"Sun rise global School 
Box cricket ground",1730147,Kushal (Nana) Satav turf tournament,,3356264,Super Eight,11583568,Nivaan Meadows Dec 2025,106/3,11591073,Sachin bhau hargude,61/6,Toss: Nivaan Meadows Dec 2025 opt to bat,45 runs,Nivaan Meadows Dec 2025,Resulted,0,0,2026-09-01T20:30:29.296971+00:00
20752915,Box Cricket,TENNIS,past,2025-12-14T07:52:35.000Z,3003,Pune,70350,Soccer And Snooker Dhanori,1723948,Soccer N Snooker - Box Cricket League ,,3347343,Qualifier 1,9112088,Evita United Box Cricket Team,53/2,4046863,HINDAVI SWARAJYA,49/2,Toss: HINDAVI SWARAJYA opt to field,4 runs,Evita United Box Cricket Team,Resulted,0,0,2026-09-01T20:30:29.296971+00:00
20754558,Limited Overs,TENNIS,past,2025-12-14T08:25:23.000Z,2796,Dehu Road,94172,jolly,1424383,T20 Maitri Chashak Season 11,,3321687,League Matches,11427423,Legend 11,137/10,285804,Silverland SuperGiants,141/7,Toss: Legend 11 opt to bat,3 wickets,Silverland SuperGiants,Resulted,0,0,2026-09-01T20:30:29.296971+00:00
20755542,Box Cricket,TENNIS,past,2025-12-14T08:39:25.000Z,3003,Pune,70350,Soccer And Snooker Dhanori,1723948,Soccer N Snooker - Box Cricket League ,,3347347,Qualifier  2,11573687,Vandals,36/4,4046863,HINDAVI SWARAJYA,37/0,Toss: Vandals opt to bat,5 wickets,HINDAVI SWARAJYA,Resulted,0,0,2026-09-01T20:30:29.296971+00:00
20756275,Limited Overs,TENNIS,past,2025-12-14T09:08:50.000Z,2811,Dombivli,62593,Umbarli,1682616,LSG Cricket Club 35+ Tournament Season 4,,3356889,Final,11361970,Legends United,88/6,11326162,LSG CHAMPIONS,90/3,Toss: Legends United opt to bat,7 wickets,LSG CHAMPIONS,Resulted,0,0,2026-09-01T20:30:29.296971+00:00
20756712,Box Cricket,TENNIS,past,2025-12-14T09:02:12.000Z,3003,Pune,70350,Soccer And Snooker Dhanori,1723948,Soccer N Snooker - Box Cricket League ,,3347349,Final,9112088,Evita United Box Cricket Team,42/0,4046863,HINDAVI SWARAJYA,43/1,Toss: HINDAVI SWARAJYA opt to field,4 wickets,HINDAVI SWARAJYA,Resulted,0,0,2026-09-01T20:30:29.296971+00:00
20761893,Box Cricket,TENNIS,past,2025-12-14T14:31:53.000Z,3003,Pune,277682,Akshar Elemnta,1682386,EPL 6 Mens Tournament ,,3254971,Final,11280995,Kochi Knight Riders,111/2,11281156,Ahmedabad Avengers,90/6,Toss: Kochi Knight Riders opt to bat,21 runs,Kochi Knight Riders,Resulted,0,0,2026-09-01T20:30:29.296971+00:00
20766691,Limited Overs,TENNIS,past,2025-12-14T13:57:46.000Z,3003,Pune,1049249,"Sun rise global School 
Box cricket ground",1730147,Kushal (Nana) Satav turf tournament,,3357365,Semi Final,11584739,GOLMAL-7,116/0,11583568,Nivaan Meadows Dec 2025,63/5,Toss: GOLMAL-7 opt to bat,53 runs,GOLMAL-7,Resulted,0,0,2026-09-01T20:30:29.296971+00:00
20784456,Limited Overs,LEATHER,past,2025-12-21T02:24:17.000Z,3003,Pune,406981,"30YCA Cricket Ground, Chandkhed",1608220,30YCA Supermacy Cup S7.0 ( White Ball T20),,3111836,League Matches,4323345,Horizons Cricket Club,99/9,1708600,BOND CRICKET CLUB,103/5,Toss: Horizons Cricket Club opt to bat,5 wickets,BOND CRICKET CLUB,Resulted,0,0,2026-09-01T20:30:29.296971+00:00
20791339,Limited Overs,LEATHER,past,2025-12-21T08:45:00.000Z,3003,Pune,406981,"30YCA Cricket Ground, Chandkhed",1736626,30YCA Corporate Premier league 4.0,,3363059,League Matches,886868,Regreen EXCEL XI(ICL),200/7,2765155,CricUnited XI,187/10,Toss: Regreen EXCEL XI(ICL) opt to bat,13 runs,Regreen EXCEL XI(ICL),Resulted,0,0,2026-09-01T20:30:29.296971+00:00
20799859,Box Cricket,TENNIS,past,2025-12-16T13:49:54.000Z,3003,Pune,108181,D Mart Ground Ravet,1724114,RSA RPL Dec 2025 (Society),,3346642,League Matches,11591270,GK Silverland,36/7,11437851,Aditya malhar,22/5,Toss: GK Silverland opt to bat,14 runs,GK Silverland,Resulted,0,0,2026-09-01T20:30:29.296971+00:00
20802264,Box Cricket,TENNIS,past,2025-12-16T15:01:00.000Z,3003,Pune,805287,"4 Lions Sports Hub,Ravet",1735333,Box Cricket Society MENS ,,3364601,Round One,11630492,Silver Gardenia - A,65/0,11414829,GK Silverland Phase 1 Team,44/0,Toss: Silver Gardenia - A opt to bat,21 runs,Silver Gardenia - A,Resulted,0,0,2026-09-01T20:30:29.296971+00:00
20807441,Limited Overs,LEATHER,past,2026-01-03T05:00:02.000Z,3003,Pune,220312,Urawde,1669277,Phoenix Corporate League Season 1 ,,3284544,League Matches,2765155,CricUnited XI,225/8,8338561,Knight Warriors Club,132/10,Toss: CricUnited XI opt to bat,93 runs,CricUnited XI,Resulted,0,0,2026-09-01T20:30:29.296971+00:00
20807528,Limited Overs,LEATHER,past,2026-02-08T02:00:53.000Z,3003,Pune,220312,Urawde,1669277,Phoenix Corporate League Season 1 ,,3284544,League Matches,2765155,CricUnited XI,166/9,8763809,Vajra Vikings,151/7,Toss: CricUnited XI opt to bat,15 runs,CricUnited XI,Resulted,0,0,2026-09-01T20:30:29.296971+00:00
20808289,Limited Overs,LEATHER,past,2026-02-14T06:50:28.000Z,3003,Pune,220312,Urawde,1669277,Phoenix Corporate League ,,3284544,League Matches,2765155,CricUnited XI,154/6,8141833,Elite Eleven,130/7,Toss: CricUnited XI opt to bat,24 runs,CricUnited XI,Resulted,0,0,2026-09-01T20:30:29.296971+00:00
20814356,Limited Overs,TENNIS,past,2026-01-13T01:41:37.000Z,3003,Pune,766870,Cricket Haven Sport Club,,,,,,3694193,Old Monk Xl Cricket Club,127/9,1752006,Eela Rockstar,130/6,Toss: Eela Rockstar opt to field,4 wickets,Eela Rockstar,Resulted,0,0,2026-09-01T20:30:29.296971+00:00
20816078,Box Cricket,TENNIS,past,2025-12-17T11:42:58.000Z,3003,Pune,108181,D Mart Ground Ravet,1724114,RSA RPL Dec 2025 (Society),,3346642,League Matches,11591270,GK Silverland,36/4,8705941,Little Earth B,34/5,Toss: GK Silverland opt to bat,2 runs,GK Silverland,Resulted,0,0,2026-09-01T20:30:29.296971+00:00
20818491,Limited Overs,LEATHER,past,2025-12-17T13:47:25.000Z,3003,Pune,282913,Cricathon Cricket Ground,,,,,,2141371,Cricathon Sports Club,162/6,6914624,Elites 11,166/5,Toss: Elites 11 opt to field,5 wickets,Elites 11,Resulted,0,0,2026-09-01T20:30:29.296971+00:00
20823251,Box Cricket,TENNIS,past,2025-12-17T18:11:31.000Z,3003,Pune,108181,D Mart Ground Ravet,1724114,RSA RPL Dec 2025 (Society),,3346642,League Matches,11591270,GK Silverland,22/7,11437851,Aditya malhar,23/0,Toss: Aditya malhar opt to field,7 wickets,Aditya malhar,Resulted,0,0,2026-09-01T20:30:29.296971+00:00
20837637,Limited Overs,TENNIS,past,2025-12-21T06:18:25.000Z,2796,Dehu Road,94172,jolly,1424383,T20 Maitri Chashak Season 11,,3321687,League Matches,3374964,STRIKERS,87/10,285804,Silverland SuperGiants,90/2,Toss: Silverland SuperGiants opt to field,8 wickets,Silverland SuperGiants,Resulted,0,0,2026-09-01T20:30:29.296971+00:00
20839996,Limited Overs,LEATHER,past,2026-01-10T09:12:32.000Z,3003,Pune,409003,Eden Park,1713272,Eden Park Champions Trophy 2 ,,3360523,League Matches,3213375,Arrow XI,105/10,5314772,Aaryans CC,109/2,Toss: Arrow XI opt to bat,8 wickets,Aaryans CC,Resulted,0,0,2026-09-01T20:30:29.296971+00:00
20840270,Limited Overs,LEATHER,past,2026-01-18T08:23:00.000Z,3003,Pune,1087963,Park Eden,1713272,Eden Park Champions Trophy 2 ,,3360523,League Matches,3213375,Arrow XI,74/10,8944940,Malhar 11,77/4,Toss: Arrow XI opt to bat,6 wickets,Malhar 11,Resulted,0,0,2026-09-01T20:30:29.296971+00:00
20843936,Limited Overs,TENNIS,past,2025-12-19T07:55:51.000Z,1616,Chaibasa,1054262,"Sports Association,Tuibir Ground",1741369,THE CHAMPAI CHAMPIONS TROPHY,,3371412,League Matches,11659153,TAMBO PANTHERS,60/8,11658890,RHINOS CHAIBASA,51/8,Toss: RHINOS CHAIBASA opt to field,9 runs,TAMBO PANTHERS,Resulted,0,0,2026-09-01T20:30:29.296971+00:00
20859310,Limited Overs,TENNIS,past,2025-12-19T13:41:14.000Z,3003,Pune,188404,GK Silverland Residency PHASE 1,,,,,,10892503,Jay Mata Di,Yet to bat,3069461,Dandiya Warriors,Yet to bat,Toss: Jay Mata Di opt to bat,Abandoned,,Abandoned,0,0,2026-09-01T20:30:29.296971+00:00
20860765,Limited Overs,TENNIS,past,2026-01-28T01:38:23.000Z,3003,Pune,334600,MCG Cricket Ground,,,,,,3730854,Sahyadri Warriors,113/7,3694193,Old Monk Xl Cricket Club,117/7,Toss: Old Monk Xl Cricket Club opt to field,3 wickets,Old Monk Xl Cricket Club,Resulted,0,0,2026-09-01T20:30:29.296971+00:00
20867801,Limited Overs,TENNIS,past,2025-12-20T02:09:00.000Z,3003,Pune,97616,SSPL DANGECHAUK,1717214,SSPL SATURDAY T20 TOURNAMENT SEASON 8,,3325656,League Matches,2210454,Smashers XI,167/7,285804,Silverland SuperGiants,169/3,Toss: Silverland SuperGiants opt to field,7 wickets,Silverland SuperGiants,Resulted,0,0,2026-09-01T20:30:29.296971+00:00
20874443,Limited Overs,TENNIS,past,2025-12-20T07:58:14.000Z,1616,Chaibasa,1054262,"Sports Association,Tuibir Ground",1741369,THE CHAMPAI CHAMPIONS TROPHY,,3371412,League Matches,11658890,RHINOS CHAIBASA,71/4,11658644,KABIR XI,28/8,Toss: KABIR XI opt to field,43 runs,RHINOS CHAIBASA,Resulted,0,0,2026-09-01T20:30:29.296971+00:00
20874700,Limited Overs,TENNIS,past,2025-12-21T04:55:56.000Z,1616,Chaibasa,1054262,"Sports Association,Tuibir Ground",1741369,THE CHAMPAI CHAMPIONS TROPHY,,3371412,League Matches,11657860,Hill Top Gutusai,72/6,11658890,RHINOS CHAIBASA,46/7,Toss: RHINOS CHAIBASA opt to field,26 runs,Hill Top Gutusai,Resulted,0,0,2026-09-01T20:30:29.296971+00:00
20891886,Limited Overs,TENNIS,past,2025-12-21T06:58:43.000Z,1616,Chaibasa,1054262,"Sports Association,Tuibir Ground",1741369,THE CHAMPAI CHAMPIONS TROPHY,,3371412,League Matches,11658890,RHINOS CHAIBASA,69/5,11659017,TAMBO GIANTS,71/1,Toss: RHINOS CHAIBASA opt to bat,9 wickets,TAMBO GIANTS,Resulted,0,0,2026-09-01T20:30:29.296971+00:00
20899061,Limited Overs,TENNIS,past,2025-12-21T02:43:00.000Z,3003,Pune,423038,Shree Chatrapati Shivaji Maharaj International Stadium  Warje,1729090,WARJE OLYMPICS MENS (40+) 2K26,,3364668,League Matches,11586962,NISARG LEGENDS,73/6,8729787,Karan Greens Sports Club,63/5,Toss: NISARG LEGENDS opt to bat,10 runs,NISARG LEGENDS,Resulted,0,0,2026-09-01T20:30:29.296971+00:00
20923296,Limited Overs,TENNIS,past,2026-01-31T01:38:42.000Z,3003,Pune,987380,"Lords Of Mulshi, Kasarsai",,,,,,11656889,Signature Strikers,141/7,5298080,EON Yoddhas,145/6,Toss: EON Yoddhas opt to field,5 wickets,EON Yoddhas,Resulted,0,0,2026-09-01T20:30:29.296971+00:00
20960577,Limited Overs,TENNIS,past,2025-12-23T01:50:27.000Z,3003,Pune,388105,Desire Ground Baner,1666973,Master Blasters League - 3,,3303779,League Matches,4447038,LP Titans,92/9,4445101,The Tigers 11,93/1,Toss: The Tigers 11 opt to field,9 wickets,The Tigers 11,Resulted,0,0,2026-09-01T20:30:29.296971+00:00
21005223,Limited Overs,LEATHER,past,2026-01-03T05:59:00.000Z,3003,Pune,456738,"30YCA Spark Cricket Ground, Jambhe",1608220,30YCA Supermacy Cup S7.0 ( White Ball T20),,3111836,League Matches,2223945,Life Republic Royals,195/7,1045940,OneTRIBE,195/9,Toss: Life Republic Royals opt to bat,Tie,,Tie,0,0,2026-09-01T20:30:29.296971+00:00
21027557,Limited Overs,TENNIS,past,2025-12-27T01:47:10.000Z,3003,Pune,635352,VDR Jambhul,,,,,,11322242,Rising GW 11,103/10,10966034,NitroJains CC,106/3,Toss: NitroJains CC opt to field,7 wickets,NitroJains CC,Resulted,0,0,2026-09-01T20:30:29.296971+00:00
21032905,Limited Overs,LEATHER,past,2026-03-08T01:58:00.000Z,3003,Pune,14476,Silver Sports Club Chikhali,1737017,Mahil Sports Presents KPL Mix Corporate  T20 League Season 22,,3401120,League Matches,9175480,Glory Cricket Club,161/4,6369927,Pune Fighters Cricket Club,163/5,Toss: Pune Fighters Cricket Club opt to field,5 wickets,Pune Fighters Cricket Club,Resulted,0,0,2026-09-01T20:30:29.296971+00:00
21032909,Limited Overs,LEATHER,past,2026-04-26T04:20:29.000Z,3003,Pune,409201,"Walke Sports Ground, Bhosari Alandi Road",1737017,Mahil Sports Presents KPL Mix Corporate  T20 League Season 22,,3401120,League Matches,9175480,Glory Cricket Club,229/3,6130012,Tritons,230/6,Toss: Tritons opt to field,4 wickets,Tritons,Resulted,0,0,2026-09-01T20:30:29.296971+00:00
21032916,Limited Overs,LEATHER,past,2026-04-18T04:08:59.000Z,3003,Pune,409201,"Walke Sports Ground, Bhosari Alandi Road",1737017,Mahil Sports Presents KPL Mix Corporate  T20 League Season 22,,3401120,League Matches,1045940,OneTRIBE,188/8,9175480,Glory Cricket Club,167/7,Toss: OneTRIBE opt to bat,21 runs,OneTRIBE,Resulted,0,0,2026-09-01T20:30:29.296971+00:00
21032920,Limited Overs,LEATHER,past,2026-04-04T08:05:00.000Z,3003,Pune,409201,"Walke Sports Ground, Bhosari Alandi Road",1737017,Mahil Sports Presents KPL Mix Corporate  T20 League Season 22,,3401120,League Matches,9175480,Glory Cricket Club,77/10,3906911,Net Media Boys,81/3,Toss: Glory Cricket Club opt to bat,7 wickets,Net Media Boys,Resulted,0,0,2026-09-01T20:30:29.296971+00:00
21033232,Limited Overs,TENNIS,past,2025-12-27T04:08:48.000Z,3003,Pune,961883,GRIPX RAVET,1756201,Sankalp Foundation Society P League ,,3400856,Round One,285804,Silverland SuperGiants,60/2,2402856,Chandrabhaga CC (DCTL -19),65/0,Toss: Silverland SuperGiants opt to bat,10 wickets,Chandrabhaga CC (DCTL -19),Resulted,0,0,2026-09-01T20:30:29.296971+00:00
21038926,Box Cricket,TENNIS,past,2025-12-27T13:15:42.000Z,3003,Pune,70350,Soccer And Snooker Dhanori,1742977,Soccer N Snooker Box Cricket League ,,3393882,League Matches,6015505,CARLSBERG 11,26/3,11573687,Vandals,29/0,Toss: Vandals opt to field,5 wickets,Vandals,Resulted,0,0,2026-09-01T20:30:29.296971+00:00
21038963,Box Cricket,TENNIS,past,2025-12-27T13:50:46.000Z,3003,Pune,70350,Soccer And Snooker Dhanori,1742977,Soccer N Snooker Box Cricket League ,,3393882,League Matches,9112088,Evita United Box Cricket Team,72/0,6015505,CARLSBERG 11,65/2,Toss: CARLSBERG 11 opt to field,7 runs,Evita United Box Cricket Team,Resulted,0,0,2026-09-01T20:30:29.296971+00:00
21039069,Box Cricket,TENNIS,past,2025-12-27T15:39:01.000Z,3003,Pune,70350,Soccer And Snooker Dhanori,1742977,Soccer N Snooker Box Cricket League ,,3393882,League Matches,6015505,CARLSBERG 11,87/2,11722597,Box Bursters,44/2,Toss: CARLSBERG 11 opt to bat,43 runs,CARLSBERG 11,Resulted,0,0,2026-09-01T20:30:29.296971+00:00
21039098,Box Cricket,TENNIS,past,2025-12-27T16:18:59.000Z,3003,Pune,70350,Soccer And Snooker Dhanori,1742977,Soccer N Snooker Box Cricket League ,,3393882,League Matches,6015505,CARLSBERG 11,42/1,4046863,HINDAVI SWARAJYA,43/0,Toss: CARLSBERG 11 opt to bat,5 wickets,HINDAVI SWARAJYA,Resulted,0,0,2026-09-01T20:30:29.296971+00:00
21052612,Limited Overs,LEATHER,past,2026-01-04T12:18:00.000Z,3003,Pune,744485,A to Z CRICKET GROUND LAVALE,1627004,WEEKEND NIGHT CRICKET TOURNAMENT S1,,3336571,League Matches,3213375,Arrow XI,249/7,6737881,Pune Royals,250/2,Toss: Arrow XI opt to bat,8 wickets,Pune Royals,Resulted,0,0,2026-09-01T20:30:29.296971+00:00
21077211,Limited Overs,TENNIS,past,2025-12-27T08:52:32.000Z,3003,Pune,583107,Dange Chowk T20 League Ground -03,1742753,DCTL Season-19,,3400124,League Matches,11322242,Rising GW 11,244/10,11754629,SHRI RAM SENA CC,171/10,Toss: Rising GW 11 opt to bat,73 runs,Rising GW 11,Resulted,0,0,2026-09-01T20:30:29.296971+00:00
21091836,Box Cricket,TENNIS,past,2025-12-27T17:23:47.000Z,3003,Pune,70350,Soccer And Snooker Dhanori,1742977,Soccer N Snooker Box Cricket League ,,3402156,Eliminator,9112088,Evita United Box Cricket Team,46/2,6015505,CARLSBERG 11,43/3,Toss: Evita United Box Cricket Team opt to bat,3 runs,Evita United Box Cricket Team,Resulted,0,0,2026-09-01T20:30:29.296971+00:00
21095254,Limited Overs,TENNIS,past,2025-12-28T00:53:13.000Z,2964,Nashik,238591,Power Play Turf,1762085,HCC TOURNAMENT Season 3,,3410931,League Matches,11790659,Team A,72/2,11790671,Team C,61/1,Toss: Team C opt to field,11 runs,Team A,Resulted,0,0,2026-09-01T20:30:29.296971+00:00
21095326,Limited Overs,TENNIS,past,2025-12-28T01:19:03.000Z,2964,Nashik,238591,Power Play Turf,1762085,HCC TOURNAMENT Season 3,,3410931,League Matches,11790666,Team B,49/7,11790659,Team A,35/7,Toss: Team A opt to field,14 runs,Team B,Resulted,0,0,2026-09-01T20:30:29.296971+00:00
21095338,Limited Overs,TENNIS,past,2025-12-28T02:41:48.000Z,2964,Nashik,238591,Power Play Turf,1762085,HCC TOURNAMENT Season 3,,3410931,League Matches,11790666,Team B,67/7,11790659,Team A,63/5,Toss: Team A opt to field,4 runs,Team B,Resulted,0,0,2026-09-01T20:30:29.296971+00:00
21095901,Limited Overs,TENNIS,past,2025-12-28T06:03:14.000Z,2796,Dehu Road,94172,jolly,1424383,T20 Maitri Chashak Season 11,,3321687,League Matches,9407896,VEER SPORTS 07,129/10,285804,Silverland SuperGiants,48/2,Toss: Silverland SuperGiants opt to field,8 wickets,Silverland SuperGiants,Resulted,0,0,2026-09-01T20:30:29.296971+00:00
21097167,Limited Overs,TENNIS,past,2025-12-28T02:13:16.000Z,2964,Nashik,238591,Power Play Turf,1762085,HCC TOURNAMENT Season 3,,3410931,League Matches,11790671,Team C,72/5,11790659,Team A,74/2,Toss: Team A opt to field,6 wickets,Team A,Resulted,0,0,2026-09-01T20:30:29.296971+00:00
21101319,Limited Overs,TENNIS,past,2025-12-28T03:32:19.000Z,2964,Nashik,238591,Power Play Turf,1762085,HCC TOURNAMENT Season 3,,3410932,Final,11790659,Team A,111/2,11790666,Team B,67/5,Toss: Team A opt to bat,44 runs,Team A,Resulted,0,0,2026-09-01T20:30:29.296971+00:00
21146860,Limited Overs,TENNIS,past,2026-01-11T09:47:41.000Z,3003,Pune,439566,"Embassy TechZone Cricket Ground, Hinjewadi",1758589,Elementa Trailblazer League (ETL),,3404792,League Matches,11768366,Rapid Runners,156/3,11768401,Thunderbolts,154/6,Toss: Thunderbolts opt to field,2 runs,Rapid Runners,Resulted,0,0,2026-09-01T20:30:29.296971+00:00
21146992,Limited Overs,TENNIS,past,2026-01-11T12:16:43.000Z,3003,Pune,439566,"Embassy TechZone Cricket Ground, Hinjewadi",1758589,Elementa Trailblazer League (ETL),,3404792,League Matches,11768256,Flying Falcons,121/4,11768401,Thunderbolts,63/8,Toss: Flying Falcons opt to bat,58 runs,Flying Falcons,Resulted,0,0,2026-09-01T20:30:29.296971+00:00
21155776,Limited Overs,TENNIS,past,2026-02-20T01:42:54.000Z,3003,Pune,1026481,CSMCC CHANDKHED,,,,,,11633352,KKS CLUB SPORTS & RECREATION,116/7,3694193,Old Monk Xl Cricket Club,117/8,Toss: Old Monk Xl Cricket Club opt to field,2 wickets,Old Monk Xl Cricket Club,Resulted,0,0,2026-09-01T20:30:29.296971+00:00
21159762,Limited Overs,TENNIS,past,2026-02-06T01:29:48.000Z,3003,Pune,1026481,CSMCC CHANDKHED,,,,,,3694193,Old Monk Xl Cricket Club,55/10,5300446,Rising Titans,59/6,Toss: Rising Titans opt to field,4 wickets,Rising Titans,Resulted,0,0,2026-09-01T20:30:29.296971+00:00
21159956,Limited Overs,TENNIS,past,2026-01-24T01:40:04.000Z,3003,Pune,409003,Eden Park,,,,,,11656889,Signature Strikers,63/10,4736388,Upvan Warriors,65/3,Toss: Upvan Warriors opt to field,7 wickets,Upvan Warriors,Resulted,0,0,2026-09-01T20:30:29.296971+00:00
21175211,Limited Overs,TENNIS,past,2026-01-01T02:03:00.000Z,3003,Pune,6853,Infinity Cricket Ground,,,,,,10921443,Black Hawks XI,115/7,4331598,Royal Amigos,117/7,Toss: Royal Amigos opt to field,3 wickets,Royal Amigos,Resulted,0,0,2026-09-01T20:30:29.296971+00:00
21186133,Limited Overs,LEATHER,past,2025-12-31T03:58:00.000Z,2743,Badlapur,251099,Jagannath Krida Sankul,1767622,31 Dec JKS One Day Triangular Tournament 2025,,3424695,League Matches,11775830,MAHARASHTRA CRICKET ACADEMY (SENIORS),144/5,10858122,PaLava Blasters,97/9,Toss: MAHARASHTRA CRICKET ACADEMY (SENIORS) opt to bat,47 runs,MAHARASHTRA CRICKET ACADEMY (SENIORS),Resulted,0,0,2026-09-01T20:30:29.296971+00:00
21190975,Limited Overs,LEATHER,past,2025-12-31T07:07:00.000Z,2743,Badlapur,251099,Jagannath Krida Sankul,1767622,31 Dec JKS One Day Triangular Tournament 2025,,3424695,League Matches,11323644,Rachna Enterprises,122/5,10858122,PaLava Blasters,42/10,Toss: Rachna Enterprises opt to bat,80 runs,Rachna Enterprises,Resulted,0,0,2026-09-01T20:30:29.296971+00:00
21195015,Limited Overs,TENNIS,past,2026-01-04T15:27:50.000Z,3003,Pune,423038,Shree Chatrapati Shivaji Maharaj International Stadium  Warje,1729090,WARJE OLYMPICS MENS (40+) 2K26,,3364668,League Matches,8729787,Karan Greens Sports Club,65/5,11586923,AGC ROYALS,67/3,Toss: AGC ROYALS opt to field,7 wickets,AGC ROYALS,Resulted,0,0,2026-09-01T20:30:29.296971+00:00
21233620,Limited Overs,TENNIS,past,2026-02-18T01:40:02.000Z,3003,Pune,334600,MCG Cricket Ground,,,,,,3730854,Sahyadri Warriors,135/8,3694193,Old Monk Xl Cricket Club,132/9,Toss: Old Monk Xl Cricket Club opt to field,3 runs,Sahyadri Warriors,Resulted,0,0,2026-09-01T20:30:29.296971+00:00
21240000,Limited Overs,TENNIS,past,2026-02-14T01:29:50.000Z,3003,Pune,177277,Spark A2 Ground,,,,,,3011151,Destiny Believers,125/7,11656889,Signature Strikers,119/7,Toss: Destiny Believers opt to bat,6 runs,Destiny Believers,Resulted,0,0,2026-09-01T20:30:29.296971+00:00
21245471,Limited Overs,LEATHER,past,2026-02-28T02:16:29.000Z,3003,Pune,220312,Urawde,1669277,Phoenix Corporate League ,,3284544,League Matches,2765155,CricUnited XI,241/5,11636129,Fearless XI,76/10,Toss: Fearless XI opt to field,165 runs,CricUnited XI,Resulted,0,0,2026-09-01T20:30:29.296971+00:00
21256168,Limited Overs,TENNIS,past,2026-01-03T02:13:31.000Z,3003,Pune,854287,Dange Chowk T20 League Ground-05,1742753,DCTL Season-19,,3400124,League Matches,11322242,Rising GW 11,156/8,886570,Thergaon CC (DCTL-18),159/5,Toss: Thergaon CC (DCTL-18) opt to field,5 wickets,Thergaon CC (DCTL-18),Resulted,0,0,2026-09-01T20:30:29.296971+00:00
21264697,Limited Overs,TENNIS,past,2026-02-11T01:37:04.000Z,3003,Pune,216159,Shree samarth Cricket Academy  Gahunje,,,,,,5141491,The Beasts,122/8,3694193,Old Monk Xl Cricket Club,67/10,Toss: Old Monk Xl Cricket Club opt to field,55 runs,The Beasts,Resulted,0,0,2026-09-01T20:30:29.296971+00:00
21264769,Limited Overs,TENNIS,past,2026-02-25T01:40:03.000Z,3003,Pune,216159,Shree samarth Cricket Academy  Gahunje,,,,,,5141491,The Beasts,175/6,3694193,Old Monk Xl Cricket Club,110/10,Toss: The Beasts opt to bat,65 runs,The Beasts,Resulted,0,0,2026-09-01T20:30:29.296971+00:00
21280278,Limited Overs,TENNIS,past,2026-01-18T05:53:00.000Z,3003,Pune,187233,Desire Sport Corporation Ground B,,,,,,1532624,Maverickxs,112/9,5231304,Vision United,110/10,Toss: Maverickxs opt to bat,2 runs,Maverickxs,Resulted,0,0,2026-09-01T20:30:29.296971+00:00
21280757,Limited Overs,LEATHER,past,2026-01-09T14:27:00.000Z,3003,Pune,282913,Cricathon Cricket Ground,1288976,Cricathon Night Weekend S4 T20,,2487580,League Matches,6914624,Elites 11,171/10,3515421,Hawk Hunters,144/10,Toss: Hawk Hunters opt to field,27 runs,Elites 11,Resulted,0,0,2026-09-01T20:30:29.296971+00:00
21283028,Limited Overs,LEATHER,past,2026-01-10T08:48:42.000Z,3003,Pune,284203,"AK Sports Club,Salumbare",1592499,DY PATIL CUP SEASON 1 ,,3084454,League Matches,6322106,Puneri King Club,166/10,6914624,Elites 11,167/9,Toss: Puneri King Club opt to bat,1 wicket,Elites 11,Resulted,0,0,2026-09-01T20:30:29.296971+00:00
21285737,Box Cricket,TENNIS,past,2026-01-04T01:41:33.000Z,2964,Nashik,238591,Power Play Turf,1777024,Hindu Cricket League,,3440452,League Matches,11888220,KKR,70/5,11888209,RCB,52/3,Toss: RCB opt to field,18 runs,KKR,Resulted,0,0,2026-09-01T20:30:29.296971+00:00
21285754,Box Cricket,TENNIS,past,2026-01-04T00:55:58.000Z,2964,Nashik,238591,Power Play Turf,1777024,Hindu Cricket League,,3440452,League Matches,11888209,RCB,39/4,11888218,MI,40/2,Toss: MI opt to field,5 wickets,MI,Resulted,0,0,2026-09-01T20:30:29.296971+00:00
21286341,Box Cricket,TENNIS,past,2026-02-07T03:12:00.000Z,3003,Pune,797471,Match Day Arena,1777129,MVS Premier League ,,3440539,League Matches,11888763,Smriti Smashers,50/3,11888742,Jemimah Jaguars,53/1,Toss: Jemimah Jaguars opt to field,9 wickets,Jemimah Jaguars,Resulted,0,0,2026-09-01T20:30:29.296971+00:00
21286343,Box Cricket,TENNIS,past,2026-02-07T05:01:54.000Z,3003,Pune,797471,Match Day Arena,1777129,MVS Premier League ,,3440539,League Matches,11888742,Jemimah Jaguars,75/3,11888767,Deepti Dynamos,74/4,Toss: Deepti Dynamos opt to field,1 run,Jemimah Jaguars,Resulted,0,0,2026-09-01T20:30:29.296971+00:00
21286346,Box Cricket,TENNIS,past,2026-02-07T15:44:23.000Z,3003,Pune,797471,Match Day Arena,1777129,MVS Premier League ,,3440539,League Matches,11888742,Jemimah Jaguars,78/5,11888760,Harman Brigade,52/4,Toss: Harman Brigade opt to field,26 runs,Jemimah Jaguars,Resulted,0,0,2026-09-01T20:30:29.296971+00:00
21286348,Box Cricket,TENNIS,past,2026-02-08T13:47:24.000Z,3003,Pune,797471,Match Day Arena,1777129,MVS Premier League ,,3440539,League Matches,11888752,Richa Blasters,97/3,11888742,Jemimah Jaguars,40/8,Toss: Jemimah Jaguars opt to field,57 runs,Richa Blasters,Resulted,0,0,2026-09-01T20:30:29.296971+00:00
21291855,Box Cricket,TENNIS,past,2026-01-04T02:09:59.000Z,2964,Nashik,238591,Power Play Turf,1777024,Hindu Cricket League,,3440452,League Matches,11888209,RCB,79/7,11888218,MI,61/2,Toss: MI opt to field,18 runs,RCB,Resulted,0,0,2026-09-01T20:30:29.296971+00:00
21292692,Limited Overs,TENNIS,past,2026-01-11T07:02:12.000Z,2796,Dehu Road,94172,jolly,1424383,T20 Maitri Chashak Season 11,,3321687,League Matches,285804,Silverland SuperGiants,179/10,2210454,Smashers XI,158/10,Toss: Smashers XI opt to field,21 runs,Silverland SuperGiants,Resulted,0,0,2026-09-01T20:30:29.296971+00:00
21294691,Box Cricket,TENNIS,past,2026-01-04T03:01:20.000Z,2964,Nashik,238591,Power Play Turf,1777024,Hindu Cricket League,,3440452,League Matches,11888209,RCB,72/7,11888220,KKR,71/4,Toss: RCB opt to bat,1 run,RCB,Resulted,0,0,2026-09-01T20:30:29.296971+00:00
21297464,Box Cricket,TENNIS,past,2026-01-04T03:41:55.000Z,2964,Nashik,238591,Power Play Turf,1777024,Hindu Cricket League,,3440462,Final,11888209,RCB,83/4,11888218,MI,80/4,Toss: MI opt to field,3 runs,RCB,Resulted,0,0,2026-09-01T20:30:29.296971+00:00
21304426,Limited Overs,TENNIS,past,2026-01-04T05:17:28.000Z,3003,Pune,313027,Spark Cricket Ground A1,,,,,,5853549,Vikings,49/3,9088696,Super Strikers Cricket Club(SSCC),55/1,Toss: Vikings opt to bat,9 wickets,Super Strikers Cricket Club(SSCC),Resulted,0,0,2026-09-01T20:30:29.296971+00:00
21304739,Limited Overs,TENNIS,past,2026-01-04T05:21:00.000Z,3003,Pune,854287,Dange Chowk T20 League Ground-05,1742753,DCTL Season-19,,3400124,League Matches,1974605,Dange Chowk Warriors (DCTL),245/6,11322242,Rising GW 11,155/10,Toss: Dange Chowk Warriors (DCTL) opt to bat,90 runs,Dange Chowk Warriors (DCTL),Resulted,0,0,2026-09-01T20:30:29.296971+00:00
21305510,Limited Overs,TENNIS,past,2026-01-04T05:35:00.000Z,3003,Pune,97616,SSPL DANGECHAUK,1717214,SSPL SATURDAY T20 TOURNAMENT SEASON 8,,3325656,League Matches,11547565,StalVrix,151/10,285804,Silverland SuperGiants,152/5,Toss: StalVrix opt to bat,5 wickets,Silverland SuperGiants,Resulted,0,0,2026-09-01T20:30:29.296971+00:00
21314395,Limited Overs,LEATHER,past,2026-01-10T04:08:07.000Z,3003,Pune,282913,Cricathon Cricket Ground,1187852,Cricathon Premier League Season 3,,3038984,Quarter Final,2765155,CricUnited XI,126/10,3014809,RDX,121/9,Toss: CricUnited XI opt to bat,5 runs,CricUnited XI,Resulted,0,0,2026-09-01T20:30:29.296971+00:00
21325258,Limited Overs,TENNIS,past,2026-02-08T01:42:30.000Z,3003,Pune,114039,Club Chrysallis,1542723,Arezo Season 2025-2026,,3100792,League Matches,11878758,Royal United XI,177/6,4973114,LR Arezo Kings,180/4,Toss: Royal United XI opt to bat,6 wickets,LR Arezo Kings,Resulted,0,0,2026-09-01T20:30:29.296971+00:00
21335220,Limited Overs,LEATHER,past,2026-01-31T09:48:51.000Z,3003,Pune,766870,Cricket Haven Sport Club,1715552,Avengers Super League ,,3338626,League Matches,6252434,Phoenix Rising Cricket Club,144/10,4344757,Shankaracharya Apex,147/3,Toss: Phoenix Rising Cricket Club opt to bat,7 wickets,Shankaracharya Apex,Resulted,0,0,2026-09-01T20:30:29.296971+00:00
21341239,Limited Overs,TENNIS,past,2026-01-11T05:49:11.000Z,3003,Pune,1038837,"Teerth Ground - Narayana, Sus",,,,,,5189809,NDA WARRIORS,117/8,1532624,Maverickxs,115/9,Toss: Maverickxs opt to field,2 runs,NDA WARRIORS,Resulted,0,0,2026-09-01T20:30:29.296971+00:00
21349428,Limited Overs,TENNIS,past,2026-01-10T04:29:06.000Z,3003,Pune,177154,Legends Sports Club,1773314,Simplify Cricket League - 4,,3450106,League Matches,11866019,Storm Breakers,68/4,11865978,C1 Super Kings,45/3,Toss: Storm Breakers opt to bat,23 runs,Storm Breakers,Resulted,0,0,2026-09-01T20:30:29.296971+00:00
21349434,Limited Overs,TENNIS,past,2026-01-10T07:21:38.000Z,3003,Pune,177154,Legends Sports Club,1773314,Simplify Cricket League - 4,,3450106,League Matches,11883800,X1 Panthers,31/4,11865978,C1 Super Kings,32/0,Toss: C1 Super Kings opt to field,10 wickets,C1 Super Kings,Resulted,0,0,2026-09-01T20:30:29.296971+00:00
21349444,Limited Overs,TENNIS,past,2026-01-10T11:22:58.000Z,3003,Pune,177154,Legends Sports Club,1773314,Simplify Cricket League - 4,,3450106,League Matches,11866132,Royal Blasters,64/6,11865978,C1 Super Kings,51/7,Toss: Royal Blasters opt to bat,13 runs,Royal Blasters,Resulted,0,0,2026-09-01T20:30:29.296971+00:00
21351416,Limited Overs,TENNIS,past,2026-01-10T03:47:00.000Z,3003,Pune,1026481,CSMCC CHANDKHED,,,,,,9088696,Super Strikers Cricket Club(SSCC),151/3,8041145,Aarcon Fighters,124/8,Toss: Aarcon Fighters opt to field,27 runs,Super Strikers Cricket Club(SSCC),Resulted,0,0,2026-09-01T20:30:29.296971+00:00
21363481,Limited Overs,TENNIS,past,2026-02-05T01:46:39.000Z,3003,Pune,1073391,Loards of Maval,1762803,LR Fearless Fighters Season I,,3412509,League Matches,5146670,LR-Fearless Fighters,96/8,11633352,KKS CLUB SPORTS & RECREATION,100/7,Toss: LR-Fearless Fighters opt to bat,3 wickets,KKS CLUB SPORTS & RECREATION,Resulted,0,0,2026-09-01T20:30:29.296971+00:00
21363751,Limited Overs,TENNIS,past,2026-02-22T01:35:06.000Z,3003,Pune,114039,Club Chrysallis,1542723,Arezo Season 2025-2026,,3100792,League Matches,4973114,LR Arezo Kings,202/7,5862784,The Warriors,135/7,Toss: LR Arezo Kings opt to bat,67 runs,LR Arezo Kings,Resulted,0,0,2026-09-01T20:30:29.296971+00:00
21364028,Limited Overs,TENNIS,past,2026-02-12T02:47:42.000Z,3003,Pune,1073391,Loards of Maval,1762803,LR Fearless Fighters Season I,,3412509,League Matches,5146670,LR Fearless Fighters,120/8,1752006,Eela Rockstar,70/10,Toss: Eela Rockstar opt to field,50 runs,LR Fearless Fighters,Resulted,0,0,2026-09-01T20:30:29.296971+00:00
21367037,Limited Overs,TENNIS,past,2026-01-16T01:42:13.000Z,3003,Pune,12485,Mulshi Cricket Ground,,,,,,3694193,Old Monk Xl Cricket Club,138/9,5425634,Swarajya,110/8,Toss: Swarajya opt to field,28 runs,Old Monk Xl Cricket Club,Resulted,0,0,2026-09-01T20:30:29.296971+00:00
21376562,Limited Overs,LEATHER,past,2026-01-07T14:12:22.000Z,3003,Pune,1026481,CSMCC CHANDKHED,,,,,,11932332,Team Sameer,139/10,11932411,Team Vijay,112/10,Toss: Team Vijay opt to field,27 runs,Team Sameer,Resulted,0,0,2026-09-01T20:30:29.296971+00:00
21376663,Limited Overs,TENNIS,past,2026-01-14T06:33:26.000Z,3003,Pune,346898,Balasaheb Kunjir Kridangan,1783631,Epam Tri Series - Pune,,3455143,League Matches,11932429,Dhurandars,118/8,11931700,Power Hitters,92/9,Toss: Dhurandars opt to bat,26 runs,Dhurandars,Resulted,0,0,2026-09-01T20:30:29.296971+00:00
21376678,Limited Overs,TENNIS,past,2026-01-14T04:48:49.000Z,3003,Pune,346898,Balasaheb Kunjir Kridangan,1783631,Epam Tri Series - Pune,,3455143,League Matches,11932429,Dhurandars,144/8,11932538,Rebels United,75/9,Toss: Rebels United opt to field,69 runs,Dhurandars,Resulted,0,0,2026-09-01T20:30:29.296971+00:00
21376690,Limited Overs,TENNIS,past,2026-01-14T08:05:09.000Z,3003,Pune,346898,Balasaheb Kunjir Kridangan,1783631,Epam Tri Series - Pune,,3455143,League Matches,11931700,Power Hitters,93/9,11932538,Rebels United,97/5,Toss: Power Hitters opt to bat,4 wickets,Rebels United,Resulted,0,0,2026-09-01T20:30:29.296971+00:00
21389988,Limited Overs,LEATHER,past,2026-01-11T02:37:46.000Z,3003,Pune,406981,"30YCA Cricket Ground, Chandkhed",1718722,30YCA SPIN & SMASH  2.0,,3325544,League Matches,6491586,Aadhya Shakti,186/9,4323345,Horizons Cricket Club,103/10,Toss: Aadhya Shakti opt to bat,83 runs,Aadhya Shakti,Resulted,0,0,2026-09-01T20:30:29.296971+00:00
21403069,Limited Overs,LEATHER,past,2026-01-11T08:52:39.000Z,3003,Pune,284203,"AK Sports Club,Salumbare",1598403,DY Patil Corporate League ,,3106327,League Matches,9719097,TRIDENTS CRICKET CLUB,197/5,10922659,S.I Warriors,156/10,Toss: TRIDENTS CRICKET CLUB opt to bat,41 runs,TRIDENTS CRICKET CLUB,Resulted,0,0,2026-09-01T20:30:29.296971+00:00
21427299,Limited Overs,TENNIS,past,2026-01-09T02:05:21.000Z,3003,Pune,1049592,Munjaba Cricket Ground (MCG),,,,,,3055143,29 Hitters,172/7,11915106,SPL26- Knight Riders,175/7,Toss: 29 Hitters opt to bat,3 wickets,SPL26- Knight Riders,Resulted,0,0,2026-09-01T20:30:29.296971+00:00
21436928,Limited Overs,TENNIS,past,2026-01-10T04:11:46.000Z,3003,Pune,645273,"Top Play Turf, Keshavnagar",1789637,VO Cricket League Season 4,,3465225,League Matches,11970108,Tornadoes,66/6,11970040,Jaguars,67/0,Toss: Tornadoes opt to bat,7 wickets,Jaguars,Resulted,0,0,2026-09-01T20:30:29.296971+00:00
21437143,Limited Overs,TENNIS,past,2026-01-10T09:44:50.000Z,3003,Pune,645273,"Top Play Turf, Keshavnagar",1789637,VO Cricket League Season 4,,3465225,League Matches,11970040,Jaguars,42/6,11970085,Blue Demons,34/5,Toss: Blue Demons opt to field,8 runs,Jaguars,Resulted,0,0,2026-09-01T20:30:29.296971+00:00
21437312,Limited Overs,TENNIS,past,2026-01-10T14:09:51.000Z,3003,Pune,645273,"Top Play Turf, Keshavnagar",1789637,VO Cricket League Season 4,,3465225,League Matches,11970040,Jaguars,69/3,11970103,Victory Vipers,30/7,Toss: Victory Vipers opt to field,39 runs,Jaguars,Resulted,0,0,2026-09-01T20:30:29.296971+00:00
21451675,Box Cricket,TENNIS,past,2026-01-11T05:41:52.000Z,3003,Pune,645273,"Top Play Turf, Keshavnagar",1789637,VO Cricket League Season 4,,3465225,League Matches,11970020,Thunder Strikers,37/7,11970040,Jaguars,41/2,Toss: Jaguars opt to field,5 wickets,Jaguars,Resulted,0,0,2026-09-01T20:30:29.296971+00:00
21457365,Limited Overs,LEATHER,past,2026-01-24T04:19:00.000Z,3003,Pune,282913,Cricathon Cricket Ground,1531684,Cricathon Bigbash Cup T25 2025-2026 Season4,,2978351,League Matches,2223945,Life Republic Royals,156/10,2709579,"Ashwamedh Cricket Club, Kasarwadi",110/9,"Toss: Ashwamedh Cricket Club, Kasarwadi opt to field",46 runs,Life Republic Royals,Resulted,0,0,2026-09-01T20:30:29.296971+00:00
21458212,Limited Overs,TENNIS,past,2026-01-10T02:23:39.000Z,3003,Pune,42688,Jolly Ground,,,,,,285804,Silverland SuperGiants,103/5,882803,Rejoin Cricket Club,105/5,Toss: Silverland SuperGiants opt to bat,5 wickets,Rejoin Cricket Club,Resulted,0,0,2026-09-01T20:30:29.296971+00:00
21465377,Limited Overs,TENNIS,past,2026-01-10T08:07:09.000Z,3003,Pune,600252,MOZE GROUND LOHGAON,,,,,,10472439,COMRADES XI,122/10,11272403,Stargaze Warriors,112/10,Toss: COMRADES XI opt to bat,10 runs,COMRADES XI,Resulted,0,0,2026-09-01T20:30:29.296971+00:00
21474133,Limited Overs,TENNIS,past,2026-01-10T08:47:29.000Z,3003,Pune,583107,Dange Chowk T20 League Ground -03,1742753,DCTL Season-19,,3400124,League Matches,11322242,Rising GW 11,120/10,312902,Warriors 11 - Thunder,121/7,Toss: Rising GW 11 opt to bat,4 wickets,Warriors 11 - Thunder,Resulted,0,0,2026-09-01T20:30:29.296971+00:00
21498389,Limited Overs,TENNIS,past,2026-01-11T02:15:00.000Z,3003,Pune,854287,Dange Chowk T20 League Ground-05,1742753,DCTL Season-19,,3400124,League Matches,2484370,Dosti Cricket Club,242/6,11322242,Rising GW 11,79/10,Toss: Dosti Cricket Club opt to bat,163 runs,Dosti Cricket Club,Resulted,0,0,2026-09-01T20:30:29.296971+00:00
21520792,Box Cricket,TENNIS,past,2026-01-11T08:51:31.000Z,3003,Pune,645273,"Top Play Turf, Keshavnagar",1789637,VO Cricket League Season 4,,3478478,Qualifier 1,11970040,Jaguars,53/4,11970085,Blue Demons,42/4,Toss: Jaguars opt to bat,11 runs,Jaguars,Resulted,0,0,2026-09-01T20:30:29.296971+00:00
21523093,Limited Overs,TENNIS,past,2026-01-11T08:20:12.000Z,3003,Pune,600252,MOZE GROUND LOHGAON,,,,,,11272403,Stargaze Warriors,132/8,11386366,SHREE NIDHI LEGENDS,133/1,Toss: Stargaze Warriors opt to bat,8 wickets,SHREE NIDHI LEGENDS,Resulted,0,0,2026-09-01T20:30:29.296971+00:00
21534214,Limited Overs,TENNIS,past,2026-01-18T07:06:31.000Z,2796,Dehu Road,94172,jolly,1424383,T20 Maitri Chashak Season 11,,3480774,Semi Final,9407896,VEER SPORTS 07,159/10,285804,Silverland SuperGiants,90/10,Toss: VEER SPORTS 07 opt to bat,69 runs,VEER SPORTS 07,Resulted,0,0,2026-09-01T20:30:29.296971+00:00
21538623,Limited Overs,LEATHER,past,2026-01-11T13:07:51.000Z,3003,Pune,282913,Cricathon Cricket Ground,,,,,,6742409,CapSquads,198/6,11709150,Passionate Raiders Cricket Club,183/9,Toss: CapSquads opt to bat,15 runs,CapSquads,Resulted,0,0,2026-09-01T20:30:29.296971+00:00
21541482,Box Cricket,TENNIS,past,2026-01-11T14:40:00.000Z,3003,Pune,645273,"Top Play Turf, Keshavnagar",1789637,VO Cricket League Season 4,,3482285,Gold Final,11970002,Rising Stars,49/6 & 1/2,11970040,Jaguars,49/3 & 4/1,Toss: Rising Stars opt to bat,Match Tied (Jaguars won the super over),Jaguars,Resulted,0,1,2026-09-01T20:30:29.296971+00:00
21558704,Limited Overs,TENNIS,past,2026-01-16T01:44:56.000Z,3003,Pune,25806,"Masters Cricket Club Ground, Kolwadi",,,,,,3264758,RA Hustlers,107/7,8967314,RA Spartans,109/1,Toss: RA Hustlers opt to bat,9 wickets,RA Spartans,Resulted,0,0,2026-09-01T20:30:29.296971+00:00
21562931,Limited Overs,TENNIS,past,2026-02-03T01:55:32.000Z,3003,Pune,1073391,Loards of Maval,1762803,LR Fearless Fighters Season I,,3412509,League Matches,5146670,LR Fearless Fighters,100/10,7838603,Fierce Falcons,103/6,Toss: Fierce Falcons opt to field,4 wickets,Fierce Falcons,Resulted,0,0,2026-09-01T20:30:29.296971+00:00
21571180,Limited Overs,TENNIS,past,2026-01-17T05:01:58.000Z,3003,Pune,439566,"Embassy TechZone Cricket Ground, Hinjewadi",1758589,Elementa Trailblazer League (ETL),,3404792,League Matches,11768401,Thunderbolts,111/8,11768349,Dhurandhar,114/0,Toss: Dhurandhar opt to field,8 wickets,Dhurandhar,Resulted,0,0,2026-09-01T20:30:29.296971+00:00
21573369,Limited Overs,LEATHER,past,2026-01-18T02:15:00.000Z,3003,Pune,406981,"30YCA Cricket Ground, Chandkhed",1736626,30YCA Corporate Premier league 4.0,,3363059,League Matches,1708600,BOND CRICKET CLUB,157/8,2765155,CricUnited XI,153/9,Toss: BOND CRICKET CLUB opt to bat,4 runs,BOND CRICKET CLUB,Resulted,0,0,2026-09-01T20:30:29.296971+00:00
21577360,Limited Overs,TENNIS,past,2026-01-14T01:41:00.000Z,3003,Pune,37704,Spark Sports Ground,1762803,LR Fearless Fighters Season I,,3412509,League Matches,5146670,LR Fearless Fighters,149/6,11633352,KKS CLUB SPORTS & RECREATION,108/10,Toss: LR Fearless Fighters opt to bat,41 runs,LR Fearless Fighters,Resulted,0,0,2026-09-01T20:30:29.296971+00:00
21580720,Limited Overs,TENNIS,past,2026-01-17T04:06:45.000Z,3003,Pune,1025297,RRR CRICKET GROUND BHUGAON,1760575,VANSH SPORTS 30+AGE TENNIS CRICKET TOURNAMENT ,,3424209,League Matches,6830244,IVORY STRIKERS,92/6,7760962,Daddies 11,96/4,Toss: Daddies 11 opt to field,6 wickets,Daddies 11,Resulted,0,0,2026-09-01T20:30:29.296971+00:00
21580826,Limited Overs,TENNIS,past,2026-01-17T07:03:45.000Z,3003,Pune,1025297,RRR CRICKET GROUND BHUGAON,1760575,VANSH SPORTS 30+AGE TENNIS CRICKET TOURNAMENT ,,3424209,League Matches,8170266,Pashan Avengers,148/3,6830244,IVORY STRIKERS,59/8,Toss: Pashan Avengers opt to bat,89 runs (Player short ),Pashan Avengers,Resulted,0,0,2026-09-01T20:30:29.296971+00:00
21589764,Limited Overs,TENNIS,past,2026-01-17T01:45:35.000Z,3003,Pune,25806,"Masters Cricket Club Ground, Kolwadi",,,,,,8967314,RA Spartans,132/8,6749602,Rohan SuperKings,106/7,Toss: RA Spartans opt to bat,26 runs,RA Spartans,Resulted,0,0,2026-09-01T20:30:29.296971+00:00
21599414,Box Cricket,TENNIS,past,2026-01-14T01:11:15.000Z,2964,Nashik,238591,Power Play Turf,1803117,HCC League,,3493158,League Matches,12054661,Team Dhurandar,17/5,12054680,Team Kalindar,18/1,Toss: Team Dhurandar opt to bat,4 wickets,Team Kalindar,Resulted,0,0,2026-09-01T20:30:29.296971+00:00
21599546,Box Cricket,TENNIS,past,2026-01-14T01:28:34.000Z,2964,Nashik,238591,Power Play Turf,1803117,HCC League,,3493158,League Matches,12054680,Team Kalindar,92/2,12054666,Team Ashoka,85/5,Toss: Team Ashoka opt to field,7 runs,Team Kalindar,Resulted,0,0,2026-09-01T20:30:29.296971+00:00
21600256,Box Cricket,TENNIS,past,2026-01-14T02:14:08.000Z,2964,Nashik,238591,Power Play Turf,1803117,HCC League,,3493158,League Matches,12054680,Team Kalindar,84/4,12054661,Team Dhurandar,56/3,Toss: Team Dhurandar opt to field,28 runs,Team Kalindar,Resulted,0,0,2026-09-01T20:30:29.296971+00:00
21600724,Box Cricket,TENNIS,past,2026-01-14T02:39:53.000Z,2964,Nashik,238591,Power Play Turf,1803117,HCC League,,3493158,League Matches,12054680,Team Kalindar,48/3,12054666,Team Ashoka,49/3,Toss: Team Ashoka opt to field,2 wickets,Team Ashoka,Resulted,0,0,2026-09-01T20:30:29.296971+00:00
21601311,Box Cricket,TENNIS,past,2026-01-24T03:42:00.000Z,3003,Pune,188404,GK Silverland Residency PHASE 1,1767745,Silverland Premier League- Season 6,,3423637,League Matches,11829670,Killers,82/3,11829705,Spartans,78/4,Toss: Spartans opt to field,4 runs,Killers,Resulted,0,0,2026-09-01T20:30:29.296971+00:00
21601397,Box Cricket,TENNIS,past,2026-01-24T06:53:40.000Z,3003,Pune,188404,GK Silverland Residency PHASE 1,1767745,Silverland Premier League- Season 6,,3423637,League Matches,11829670,Killers,100/1,11829682,Titans,102/0,Toss: Titans opt to field,5 wickets,Titans,Resulted,0,0,2026-09-01T20:30:29.296971+00:00
21601429,Box Cricket,TENNIS,past,2026-01-24T08:19:31.000Z,3003,Pune,188404,GK Silverland Residency PHASE 1,1767745,Silverland Premier League- Season 6,,3423637,League Matches,11829670,Killers,88/2,11829694,Tigers,86/5,Toss: Tigers opt to field,2 runs,Killers,Resulted,0,0,2026-09-01T20:30:29.296971+00:00
21601460,Box Cricket,TENNIS,past,2026-01-24T09:17:20.000Z,3003,Pune,188404,GK Silverland Residency PHASE 1,1767745,Silverland Premier League- Season 6,,3423637,League Matches,11829705,Spartans,53/6,11829670,Killers,55/2,Toss: Killers opt to field,3 wickets,Killers,Resulted,0,0,2026-09-01T20:30:29.296971+00:00
21601516,Box Cricket,TENNIS,past,2026-01-24T12:02:28.000Z,3003,Pune,188404,GK Silverland Residency PHASE 1,1767745,Silverland Premier League- Season 6,,3423637,League Matches,11829670,Killers,91/2 & 12/0,11829682,Titans,91/1 & 11/0,Toss: Titans opt to field,Match Tied (Killers won the super over.),Killers,Resulted,0,1,2026-09-01T20:30:29.296971+00:00
21601544,Box Cricket,TENNIS,past,2026-01-25T03:31:26.000Z,3003,Pune,188404,GK Silverland Residency PHASE 1,1767745,Silverland Premier League- Season 6,,3423637,League Matches,11829694,Tigers,88/0,11829670,Killers,67/6,Toss: Killers opt to field,21 runs,Tigers,Resulted,0,0,2026-09-01T20:30:29.296971+00:00
21601665,Box Cricket,TENNIS,past,2026-01-14T03:27:38.000Z,2964,Nashik,238591,Power Play Turf,1803117,HCC League,,3493159,Final,12054680,Team Kalindar,83/2,12054666,Team Ashoka,88/2,Toss: Team Ashoka opt to field,3 wickets,Team Ashoka,Resulted,0,0,2026-09-01T20:30:29.296971+00:00
21601681,Box Cricket,TENNIS,past,2026-01-25T04:33:22.000Z,3003,Pune,188404,GK Silverland Residency PHASE 1,1767745,Silverland Premier League- Season 6,,3423637,League Matches,11829705,Spartans,52/6,11829670,Killers,53/2,Toss: Killers opt to field,3 wickets,Killers,Resulted,0,0,2026-09-01T20:30:29.296971+00:00
21601720,Box Cricket,TENNIS,past,2026-01-25T07:37:19.000Z,3003,Pune,188404,GK Silverland Residency PHASE 1,1767745,Silverland Premier League- Season 6,,3423637,League Matches,11829670,Killers,94/3,11829682,Titans,97/2,Toss: Titans opt to field,3 wickets,Titans,Resulted,0,0,2026-09-01T20:30:29.296971+00:00
21601745,Box Cricket,TENNIS,past,2026-01-25T09:09:43.000Z,3003,Pune,188404,GK Silverland Residency PHASE 1,1767745,Silverland Premier League- Season 6,,3423637,League Matches,11829694,Tigers,91/6,11829670,Killers,92/0,Toss: Killers opt to field,5 wickets,Killers,Resulted,0,0,2026-09-01T20:30:29.296971+00:00
21615228,Limited Overs,TENNIS,past,2026-01-14T09:50:58.000Z,3003,Pune,346898,Balasaheb Kunjir Kridangan,1783631,Epam Tri Series - Pune,,3495691,Final,11932429,Dhurandars,142/8,11932538,Rebels United,145/5,Toss: Rebels United opt to field,4 wickets,Rebels United,Resulted,0,0,2026-09-01T20:30:29.296971+00:00
21630928,Limited Overs,TENNIS,past,2026-01-15T02:57:28.000Z,2964,Nashik,724146,Abhishek Eden Garden,1805058,WW Tournament 15 January ,,3498636,League Matches,9402093,Team C,51/5,9402094,Team D,54/3,Toss: Team C opt to bat,2 wickets,Team D,Resulted,0,0,2026-09-01T20:30:29.296971+00:00
21631167,Limited Overs,TENNIS,past,2026-01-17T01:33:06.000Z,3003,Pune,773490,Cricket Heaven Sports Club,,,,,,11656889,Signature Strikers,82/8,1752006,Eela Rockstar,83/4,Toss: Signature Strikers opt to bat,6 wickets,Eela Rockstar,Resulted,0,0,2026-09-01T20:30:29.296971+00:00
21631375,Limited Overs,TENNIS,past,2026-01-15T03:24:04.000Z,2964,Nashik,724146,Abhishek Eden Garden,1805058,WW Tournament 15 January ,,3498636,League Matches,9402094,Team D,101/2,9402090,Team B,27/5,Toss: Team B opt to field,74 runs,Team D,Resulted,0,0,2026-09-01T20:30:29.296971+00:00
21632929,Limited Overs,TENNIS,past,2026-01-15T04:20:45.000Z,2964,Nashik,724146,Abhishek Eden Garden,1805058,WW Tournament 15 January ,,3498636,League Matches,9402094,Team D,55/6,9402088,Team A,46/3,Toss: Team A opt to field,9 runs,Team D,Resulted,0,0,2026-09-01T20:30:29.296971+00:00
21633119,Limited Overs,TENNIS,past,2026-01-18T01:37:30.000Z,3003,Pune,282913,Cricathon Cricket Ground,,,,,,6756233,The Underdogs,129/8,11656889,Signature Strikers,133/4,Toss: The Underdogs opt to bat,6 wickets,Signature Strikers,Resulted,0,0,2026-09-01T20:30:29.296971+00:00
21634516,Limited Overs,TENNIS,past,2026-01-15T05:05:50.000Z,2964,Nashik,724146,Abhishek Eden Garden,1805058,WW Tournament 15 January ,,3499227,Final,9402094,Team D,64/4,9402093,Team C,69/1,Toss: Team D opt to bat,4 wickets,Team C,Resulted,0,0,2026-09-01T20:30:29.296971+00:00
21636405,Limited Overs,TENNIS,past,2026-02-04T01:33:54.000Z,3003,Pune,987380,"Lords Of Mulshi, Kasarsai",1566021,LR-Legends Season-1,,3028938,League Matches,12064759,The Voyagers,46/10,4170959,LR LEGENDS,47/0,Toss: LR LEGENDS opt to field,10 wickets,LR LEGENDS,Resulted,0,0,2026-09-01T20:30:29.296971+00:00
21646216,Limited Overs,TENNIS,past,2026-02-21T01:37:31.000Z,3003,Pune,262327,Kokate Cricket Academy,,,,,,11242333,GritForce,144/9,11656889,Signature Strikers,131/9,Toss: Signature Strikers opt to field,13 runs,GritForce,Resulted,0,0,2026-09-01T20:30:29.296971+00:00
21646504,Limited Overs,TENNIS,past,2026-01-25T01:47:54.000Z,3003,Pune,50846,VDR 3 Ground,,,,,,5997495,Rising Warriors Pune,151/10,6014971,NITROJAINS BLASTER,132/8,Toss: NITROJAINS BLASTER opt to field,19 runs,Rising Warriors Pune,Resulted,0,0,2026-09-01T20:30:29.296971+00:00
21650011,Limited Overs,TENNIS,past,2026-01-31T13:51:00.000Z,3003,Pune,1026481,CSMCC CHANDKHED,,,,,,12064759,The Voyagers,164/6,10738094,BAJRANGI,108/6,Toss: The Voyagers opt to bat,56 runs,The Voyagers,Resulted,0,0,2026-09-01T20:30:29.296971+00:00
21653383,Limited Overs,TENNIS,past,2026-02-01T01:38:39.000Z,3003,Pune,1042424,Lord of Mulshi,,,,,,11656889,Signature Strikers,152/7,8127765,Monarch Challengers,155/5,Toss: Monarch Challengers opt to field,5 wickets,Monarch Challengers,Resulted,0,0,2026-09-01T20:30:29.296971+00:00
21655900,Limited Overs,TENNIS,past,2026-01-15T16:46:17.000Z,3003,Pune,663009,YCA PUNE,,,,,,12083792,Jardin Society,111/2,6419727,Sanjeevani SANGAM,87/4,Toss: Jardin Society opt to bat,24 runs,Jardin Society,Resulted,0,0,2026-09-01T20:30:29.296971+00:00
21656633,Limited Overs,TENNIS,past,2026-03-08T01:21:00.000Z,3003,Pune,987380,"Lords Of Mulshi, Kasarsai",,,,,,5104964,Bharat Blaze,131/8,11656889,Signature Strikers,111/9,Toss: Signature Strikers opt to field,20 runs,Bharat Blaze,Resulted,0,0,2026-09-01T20:30:29.296971+00:00
21665313,Limited Overs,TENNIS,past,2026-01-17T13:10:19.000Z,3003,Pune,423038,Shree Chatrapati Shivaji Maharaj International Stadium  Warje,1729090,WARJE OLYMPICS MENS (40+) 2K26,,3364668,League Matches,11586966,NISARG STRIKERS,70/3,8729787,Karan Greens Sports Club,61/3,Toss: NISARG STRIKERS opt to bat,9 runs,NISARG STRIKERS,Resulted,0,0,2026-09-01T20:30:29.296971+00:00
21677782,Box Cricket,TENNIS,past,2026-01-18T06:33:43.000Z,3003,Pune,10360,Megapolis Cricket Ground,1806683,Adult Mixed - Kreeda Bharati Khel Utsav 2026,,3506522,Round One,12078904,Saffron Strikers,49/4,12080407,Gully Gladiators,33/7,Toss: Gully Gladiators opt to field,16 runs,Saffron Strikers,Resulted,0,0,2026-09-01T20:30:29.296971+00:00
21690360,Limited Overs,TENNIS,past,2026-01-17T02:09:06.000Z,3003,Pune,97616,SSPL DANGECHAUK,1717214,SSPL SATURDAY T20 TOURNAMENT SEASON 8,,3325656,League Matches,6265354,SHILEDAAR 11,175/8,285804,Silverland SuperGiants,176/4,Toss: Silverland SuperGiants opt to field,6 wickets,Silverland SuperGiants,Resulted,0,0,2026-09-01T20:30:29.296971+00:00
21691671,Limited Overs,TENNIS,past,2026-01-17T02:56:50.000Z,3003,Pune,773490,Cricket Heaven Sports Club,,,,,,1752006,Eela Rockstar,75/1,11656889,Signature Strikers,42/3,Toss: Eela Rockstar opt to bat,33 runs,Eela Rockstar,Resulted,0,0,2026-09-01T20:30:29.296971+00:00
21706533,Limited Overs,TENNIS,past,2026-01-18T12:34:49.000Z,3003,Pune,439566,"Embassy TechZone Cricket Ground, Hinjewadi",1758589,Elementa Trailblazer League (ETL),,3404792,League Matches,11768285,Yodhas,175/2,11768401,Thunderbolts,98/5,Toss: Yodhas opt to bat,77 runs,Yodhas,Resulted,0,0,2026-09-01T20:30:29.296971+00:00
21714959,Limited Overs,TENNIS,past,2026-01-18T01:34:40.000Z,3003,Pune,343490,"Pune Cricket Club, Wagholi",,,,,,3037548,Smashers 11,123/3,8967314,RA Spartans,124/6,Toss: Smashers 11 opt to bat,4 wickets,RA Spartans,Resulted,0,0,2026-09-01T20:30:29.296971+00:00
21721018,Limited Overs,TENNIS,past,2026-01-17T16:34:53.000Z,3003,Pune,108541,The Life Sports,,,,,,12083792,Jardin Society,50/5,6419727,Sanjeevani SANGAM,43/3,Toss: Jardin Society opt to bat,7 runs,Jardin Society,Resulted,0,0,2026-09-01T20:30:29.296971+00:00
21722646,Limited Overs,TENNIS,past,2026-01-17T17:31:43.000Z,3003,Pune,309194,Yca,,,,,,6419727,Sanjeevani SANGAM,88/5,12083792,Jardin Society,46/6,Toss: Jardin Society opt to field,42 runs,Sanjeevani SANGAM,Resulted,0,0,2026-09-01T20:30:29.296971+00:00
21728523,Limited Overs,TENNIS,past,2026-01-18T02:25:33.000Z,2964,Nashik,724146,Abhishek Eden Garden,1812648,WW Tournament 18 Jan ,,3514779,League Matches,9402088,Team A,29/5,9402093,Team C,33/5,Toss: Team A opt to bat,1 wicket,Team C,Resulted,0,0,2026-09-01T20:30:29.296971+00:00
21732387,Limited Overs,TENNIS,past,2026-01-18T03:39:43.000Z,2964,Nashik,724146,Abhishek Eden Garden,1812648,WW Tournament 18 Jan ,,3514779,League Matches,9402090,Team B,96/5,9402093,Team C,87/3,Toss: Team C opt to field,9 runs,Team B,Resulted,0,0,2026-09-01T20:30:29.296971+00:00
21735005,Limited Overs,TENNIS,past,2026-01-18T04:11:30.000Z,2964,Nashik,724146,Abhishek Eden Garden,1812648,WW Tournament 18 Jan ,,3514779,League Matches,9402093,Team C,81/3,9402088,Team A,84/3,Toss: Team C opt to bat,3 wickets,Team A,Resulted,0,0,2026-09-01T20:30:29.296971+00:00
21739197,Limited Overs,TENNIS,past,2026-01-18T05:05:54.000Z,2964,Nashik,724146,Abhishek Eden Garden,1812648,WW Tournament 18 Jan ,,3514779,League Matches,9402090,Team B,94/2,9402093,Team C,42/7,Toss: Team B opt to bat,52 runs,Team B,Resulted,0,0,2026-09-01T20:30:29.296971+00:00
21740142,Limited Overs,TENNIS,past,2026-02-04T01:37:00.000Z,3003,Pune,313027,Spark Cricket Ground A1,,,,,,2913949,Ashoka Warriors,126/5,3694193,Old Monk Xl Cricket Club,121/5,Toss: Old Monk Xl Cricket Club opt to field,5 runs,Ashoka Warriors,Resulted,0,0,2026-09-01T20:30:29.296971+00:00
21751038,Limited Overs,LEATHER,past,2026-01-18T08:07:39.000Z,3076,Thane,449884,khargar,1812910,Cosmos Backout Special ,,3517180,Final,12117750,Team Red - Bala,180/9,12117759,Team Blue,134/10,Toss: Team Red - Bala opt to bat,46 runs,Team Red - Bala,Resulted,0,0,2026-09-01T20:30:29.296971+00:00
21765026,Limited Overs,LEATHER,past,2026-01-25T12:39:00.000Z,3003,Pune,744485,A to Z CRICKET GROUND LAVALE,1627004,WEEKEND NIGHT CRICKET TOURNAMENT S1,,3336571,League Matches,6639305,VIDARBHA WARRIORS,154/10,3213375,Arrow XI,144/4,Toss: VIDARBHA WARRIORS opt to bat,10 runs,VIDARBHA WARRIORS,Resulted,0,0,2026-09-01T20:30:29.296971+00:00
21777289,Limited Overs,LEATHER,past,2026-02-07T07:55:38.000Z,3003,Pune,334600,MCG Cricket Ground,1561550,MASTER BLASTER 1.0 CORPORATE T20 TOURNAMENT ,,3030483,League Matches,6523996,SuperKings Cricket Club,110/9,5460201,HITMAN SPORTS,112/4,Toss: SuperKings Cricket Club opt to bat,6 wickets,HITMAN SPORTS,Resulted,0,0,2026-09-01T20:30:29.296971+00:00
21801523,Limited Overs,TENNIS,past,2026-01-26T01:42:20.000Z,3003,Pune,25806,"Masters Cricket Club Ground, Kolwadi",,,,,,8555466,Thunderbolts,84/9,10966034,NitroJains CC,85/6,Toss: Thunderbolts opt to bat,4 wickets,NitroJains CC,Resulted,0,0,2026-09-01T20:30:29.296971+00:00
21807002,Box Cricket,TENNIS,past,2026-01-31T04:31:35.000Z,3003,Pune,617881,Pifa Turf And Academy,1818305,WCC community Cup 2026,,3526970,League Matches,12154673,Atlanta III Legends,77/6,12154686,Atlanta United,80/3,Toss: Atlanta United opt to field,4 wickets,Atlanta United,Resulted,0,0,2026-09-01T20:30:29.296971+00:00
21807116,Box Cricket,TENNIS,past,2026-01-31T06:19:55.000Z,3003,Pune,617881,Pifa Turf And Academy,1818305,WCC community Cup 2026,,3526970,League Matches,12154629,Casa Super Strikers,67/6,12154673,Atlanta III Legends,73/2,Toss: Atlanta III Legends opt to field,5 wickets,Atlanta III Legends,Resulted,0,0,2026-09-01T20:30:29.296971+00:00
21807618,Box Cricket,TENNIS,past,2026-01-31T09:08:47.000Z,3003,Pune,617881,Pifa Turf And Academy,1818305,WCC community Cup 2026,,3526970,League Matches,12154662,Atlanta III Brahmos,86/4,12154673,Atlanta III Legends,87/6,Toss: Atlanta III Legends opt to field,1 wicket,Atlanta III Legends,Resulted,0,0,2026-09-01T20:30:29.296971+00:00
21855941,Limited Overs,LEATHER,past,2026-01-28T13:55:00.000Z,3003,Pune,282913,Cricathon Cricket Ground,1784457,Cricathon Jatayu Cup Weekday Night T20 ,,3488050,League Matches,9925985,PRIME SPARTANS,144/8,2223945,Life Republic Royals,145/5,Toss: PRIME SPARTANS opt to bat,5 wickets,Life Republic Royals,Resulted,0,0,2026-09-01T20:30:29.296971+00:00
21858603,Limited Overs,TENNIS,past,2026-01-23T01:41:35.000Z,3003,Pune,773490,Cricket Heaven Sports Club,1762803,LR Fearless Fighters Season I,,3412509,League Matches,3694193,Old Monk Xl Cricket Club,110/8,5146670,LR Fearless Fighters,70/10,Toss: LR Fearless Fighters opt to field,40 runs,Old Monk Xl Cricket Club,Resulted,0,0,2026-09-01T20:30:29.296971+00:00
21860198,Limited Overs,TENNIS,past,2026-01-23T06:17:32.000Z,3003,Pune,1049592,Munjaba Cricket Ground (MCG),1823525,Fitness Mantras Cricket Championship 2026,,3536029,League Matches,12185869,S N Gladiators,142/2,12185868,T N Game Changer,109/2,Toss: T N Game Changer opt to field,33 runs,S N Gladiators,Resulted,0,0,2026-09-01T20:30:29.296971+00:00
21860210,Limited Overs,TENNIS,past,2026-01-23T07:27:26.000Z,3003,Pune,1049592,Munjaba Cricket Ground (MCG),1823525,Fitness Mantras Cricket Championship 2026,,3536029,League Matches,12185868,T N Game Changer,130/3,12185866,T N Blinders,85/4,Toss: T N Blinders opt to field,45 runs,T N Game Changer,Resulted,0,0,2026-09-01T20:30:29.296971+00:00
21860236,Limited Overs,TENNIS,past,2026-01-23T09:54:44.000Z,3003,Pune,1049592,Munjaba Cricket Ground (MCG),1823525,Fitness Mantras Cricket Championship 2026,,3536029,League Matches,12185868,T N Game Changer,62/4,12185862,Dhanori Smashers,68/0,Toss: Dhanori Smashers opt to field,10 wickets,Dhanori Smashers,Resulted,0,0,2026-09-01T20:30:29.296971+00:00
21862368,Box Cricket,TENNIS,past,2026-01-24T13:22:03.000Z,3003,Pune,70350,Soccer And Snooker Dhanori,1785227,SOCCER N SNOOKER - REPUBLIC CUP - 2026,,3526309,League Matches,12080464,Garud Sena,22/5,6015505,CARLSBERG 11,24/0,Toss: CARLSBERG 11 opt to field,5 wickets,CARLSBERG 11,Resulted,0,0,2026-09-01T20:30:29.296971+00:00
21862389,Box Cricket,TENNIS,past,2026-01-24T13:57:37.000Z,3003,Pune,70350,Soccer And Snooker Dhanori,1785227,SOCCER N SNOOKER - REPUBLIC CUP - 2026,,3526309,League Matches,6015505,CARLSBERG 11,31/5,11556570,Supers Aeros,33/0,Toss: CARLSBERG 11 opt to bat,5 wickets,Supers Aeros,Resulted,0,0,2026-09-01T20:30:29.296971+00:00
21862434,Box Cricket,TENNIS,past,2026-01-24T15:27:17.000Z,3003,Pune,70350,Soccer And Snooker Dhanori,1785227,SOCCER N SNOOKER - REPUBLIC CUP - 2026,,3526309,League Matches,6015505,CARLSBERG 11,66/1,12140769,Amora Spartans,34/5,Toss: Amora Spartans opt to field,32 runs,CARLSBERG 11,Resulted,0,0,2026-09-01T20:30:29.296971+00:00
21862449,Box Cricket,TENNIS,past,2026-01-24T16:03:09.000Z,3003,Pune,70350,Soccer And Snooker Dhanori,1785227,SOCCER N SNOOKER - REPUBLIC CUP - 2026,,3526309,League Matches,9514210,Atlantis Strikers,47/2,6015505,CARLSBERG 11,45/1,Toss: Atlantis Strikers opt to bat,2 runs,Atlantis Strikers,Resulted,0,0,2026-09-01T20:30:29.296971+00:00
21866127,Limited Overs,TENNIS,past,2026-01-25T04:16:11.000Z,3003,Pune,1025297,RRR CRICKET GROUND BHUGAON,1760575,VANSH SPORTS 30+AGE TENNIS CRICKET TOURNAMENT ,,3424209,League Matches,11999446,SENSES EDGE X1,110/6,6830244,IVORY STRIKERS,111/3,Toss: IVORY STRIKERS opt to field,7 wickets,IVORY STRIKERS,Resulted,0,0,2026-09-01T20:30:29.296971+00:00
21883631,Limited Overs,TENNIS,past,2026-01-24T03:49:05.000Z,3003,Pune,56265,CHAMPIONS FIELD,,,,,,8967314,RA Spartans,97/8,7516799,RA Challengers,100/7,Toss: RA Spartans opt to bat,3 wickets,RA Challengers,Resulted,0,0,2026-09-01T20:30:29.296971+00:00
21885991,Limited Overs,TENNIS,past,2026-01-24T02:55:07.000Z,3003,Pune,409003,Eden Park,,,,,,4736388,Upvan Warriors,72/3,11656889,Signature Strikers,64/7,Toss: Upvan Warriors opt to bat,8 runs,Upvan Warriors,Resulted,0,0,2026-09-01T20:30:29.296971+00:00
21893373,Limited Overs,TENNIS,past,2026-01-25T05:39:06.000Z,3003,Pune,1025297,RRR CRICKET GROUND BHUGAON,1760575,VANSH SPORTS 30+AGE TENNIS CRICKET TOURNAMENT ,,3424209,League Matches,6830244,IVORY STRIKERS,140/4,6252287,Ace Strikers,141/5,Toss: IVORY STRIKERS opt to bat,5 wickets,Ace Strikers,Resulted,0,0,2026-09-01T20:30:29.296971+00:00
21908357,Limited Overs,TENNIS,past,2026-01-24T15:07:02.000Z,3003,Pune,531658,ground zero Gmall Manjari Keshavnagar,,,,,,11672837,Rajus legend,96/3,11601998,Vaibhavs Legends,99/3,Toss: Vaibhavs Legends opt to field,5 wickets,Vaibhavs Legends,Resulted,0,0,2026-09-01T20:30:29.296971+00:00
21912114,Limited Overs,TENNIS,past,2026-01-25T04:26:23.000Z,32148,Wakad,750690,Green Valley Society Cement Ground,1823339,Mini GVPL,,3541188,League Matches,12205771,Thunder X,38/6,12184577,Team Dhurandhar,36/9,Toss: Thunder X opt to bat,2 runs,Thunder X,Resulted,0,0,2026-09-01T20:30:29.296971+00:00
21913603,Limited Overs,TENNIS,past,2026-01-24T16:03:53.000Z,3003,Pune,531658,ground zero Gmall Manjari Keshavnagar,,,,,,11672837,Rajus legend,73/7,11601998,Vaibhavs Legends,74/7,Toss: Rajus legend opt to bat,1 wicket,Vaibhavs Legends,Resulted,0,0,2026-09-01T20:30:29.296971+00:00
21915281,Limited Overs,TENNIS,past,2026-01-24T16:56:47.000Z,3003,Pune,531658,ground zero Gmall Manjari Keshavnagar,,,,,,11672837,Rajus legend,100/7,11601998,Vaibhavs Legends,106/2,Toss: Rajus legend opt to bat,6 wickets,Vaibhavs Legends,Resulted,0,0,2026-09-01T20:30:29.296971+00:00
21916458,Box Cricket,TENNIS,past,2026-01-24T17:37:24.000Z,3003,Pune,70350,Soccer And Snooker Dhanori,1785227,SOCCER N SNOOKER - REPUBLIC CUP - 2026,,3545423,Eliminator,9112088,Evita United Box Cricket Team,43/2,6015505,CARLSBERG 11,46/1,Toss: CARLSBERG 11 opt to field,4 wickets,CARLSBERG 11,Resulted,0,0,2026-09-01T20:30:29.296971+00:00
21916926,Box Cricket,TENNIS,past,2026-01-24T17:58:22.000Z,3003,Pune,70350,Soccer And Snooker Dhanori,1785227,SOCCER N SNOOKER - REPUBLIC CUP - 2026,,3545501,Qualifier  2,6015505,CARLSBERG 11,61/0,11556570,Supers Aeros,12/2,Toss: Supers Aeros opt to field,49 runs,CARLSBERG 11,Resulted,0,0,2026-09-01T20:30:29.296971+00:00
21917420,Box Cricket,TENNIS,past,2026-01-24T18:23:03.000Z,3003,Pune,70350,Soccer And Snooker Dhanori,1785227,SOCCER N SNOOKER - REPUBLIC CUP - 2026,,3545627,Final,4046863,HINDAVI SWARAJYA,28/4,6015505,CARLSBERG 11,34/0,Toss: CARLSBERG 11 opt to field,5 wickets,CARLSBERG 11,Resulted,0,0,2026-09-01T20:30:29.296971+00:00
21922787,Box Cricket,TENNIS,past,2026-01-25T02:21:35.000Z,2964,Nashik,724146,Abhishek Eden Garden,1828882,Weekend worriers 25 Jan,,3546504,League Matches,12218609,Team Junior G,104/4,12218605,Team Shaktiman,108/2,Toss: Team Junior G opt to bat,5 wickets,Team Shaktiman,Resulted,0,0,2026-09-01T20:30:29.296971+00:00
21924711,Box Cricket,TENNIS,past,2026-01-25T04:36:55.000Z,2964,Nashik,724146,Abhishek Eden Garden,1828882,Weekend worriers 25 Jan,,3546504,League Matches,12218605,Team Shaktiman,67/8,12218609,Team Junior G,57/4,Toss: Team Shaktiman opt to bat,10 runs,Team Shaktiman,Resulted,0,0,2026-09-01T20:30:29.296971+00:00
21924943,Box Cricket,TENNIS,past,2026-01-25T03:00:25.000Z,2964,Nashik,724146,Abhishek Eden Garden,1828882,Weekend worriers 25 Jan,,3546504,League Matches,12218605,Team Shaktiman,146/6,12218609,Team Junior G,80/8,Toss: Team Shaktiman opt to bat,66 runs,Team Shaktiman,Resulted,0,0,2026-09-01T20:30:29.296971+00:00
21925903,Limited Overs,TENNIS,past,2026-01-25T03:16:05.000Z,32148,Wakad,750690,Green Valley Society Cement Ground,1823339,Mini GVPL,,3541188,League Matches,12184577,Team Dhurandhar,33/5,12185319,Team Legends,34/3,Toss: Team Dhurandhar opt to bat,6 wickets,Team Legends,Resulted,0,0,2026-09-01T20:30:29.296971+00:00
21927076,Box Cricket,TENNIS,past,2026-01-25T03:33:30.000Z,2964,Nashik,724146,Abhishek Eden Garden,1828882,Weekend worriers 25 Jan,,3546504,League Matches,12218605,Team Shaktiman,87/8,12218609,Team Junior G,32/8,Toss: Team Shaktiman opt to bat,55 runs,Team Shaktiman,Resulted,0,0,2026-09-01T20:30:29.296971+00:00
21929547,Box Cricket,TENNIS,past,2026-01-25T04:04:30.000Z,2964,Nashik,724146,Abhishek Eden Garden,1828882,Weekend worriers 25 Jan,,3546504,League Matches,12218605,Team Shaktiman,105/4,12218609,Team Junior G,64/8,Toss: Team Shaktiman opt to bat,41 runs,Team Shaktiman,Resulted,0,0,2026-09-01T20:30:29.296971+00:00
21954188,Box Cricket,TENNIS,past,2026-01-25T10:35:40.000Z,3003,Pune,188404,GK Silverland Residency PHASE 1,1767745,Silverland Premier League- Season 6,,3423638,Final,11829670,Killers,111/3,11829682,Titans,88/6,Toss: Titans opt to field,23 runs,Killers,Resulted,0,0,2026-09-01T20:30:29.296971+00:00
21956083,Limited Overs,TENNIS,past,2026-03-06T01:48:16.000Z,3003,Pune,1026481,CSMCC CHANDKHED,,,,,,997205,LR Challengers,99/10,3694193,Old Monk Xl Cricket Club,100/3,Toss: Old Monk Xl Cricket Club opt to field,7 wickets,Old Monk Xl Cricket Club,Resulted,0,0,2026-09-01T20:30:29.296971+00:00
21956884,Box Cricket,TENNIS,past,2026-01-25T11:25:53.000Z,3003,Pune,188404,GK Silverland Residency PHASE 1,1767745,Silverland Premier League- Season 6,,3423638,Final,11829670,Killers,90/1,11829682,Titans,91/5,Toss: Titans opt to field,0 wicket,Titans,Resulted,0,0,2026-09-01T20:30:29.296971+00:00
21959683,Box Cricket,TENNIS,past,2026-01-25T12:21:44.000Z,3003,Pune,188404,GK Silverland Residency PHASE 1,1767745,Silverland Premier League- Season 6,,3423638,Final,11829670,Killers,81/5,11829682,Titans,83/2,Toss: Titans opt to field,3 wickets,Titans,Resulted,0,0,2026-09-01T20:30:29.296971+00:00
21973733,Limited Overs,TENNIS,past,2026-01-26T03:06:16.000Z,3003,Pune,1049592,Munjaba Cricket Ground (MCG),1823525,Fitness Mantras Cricket Championship 2026,,3554453,Quarter Final,12185868,T N Game Changer,104/5,12185862,Dhanori Smashers,109/2,Toss: Dhanori Smashers opt to field,8 wickets,Dhanori Smashers,Resulted,0,0,2026-09-01T20:30:29.296971+00:00
21979667,Limited Overs,TENNIS,past,2026-01-26T08:41:00.000Z,2796,Dehu Road,94172,jolly,,,,,,6830244,IVORY STRIKERS,80/10,2210454,Smashers XI,84/2,Toss: IVORY STRIKERS opt to bat,8 wickets,Smashers XI,Resulted,0,0,2026-09-01T20:30:29.296971+00:00
21980724,Limited Overs,TENNIS,past,2026-01-26T05:44:00.000Z,3058,Sinnar,324566,Gonde,1832001,GTPL 2026 (SEASON 2),,3555342,League Matches,12240309,GN 11,78/7,12240268,Shantiratna 11,82/1,Toss: Shantiratna 11 opt to field,9 wickets,Shantiratna 11,Resulted,0,0,2026-09-01T20:30:29.296971+00:00
21986174,Limited Overs,TENNIS,past,2026-01-26T07:36:05.000Z,3003,Pune,8060,Desire Sports Corporation Grounds,,,,,,12083792,Jardin Society,48/5,8127765,Monarch Challengers,51/2,Toss: Jardin Society opt to bat,8 wickets,Monarch Challengers,Resulted,0,0,2026-09-01T20:30:29.296971+00:00
21989010,Limited Overs,TENNIS,past,2026-01-26T08:26:23.000Z,3003,Pune,8060,Desire Sports Corporation Grounds,,,,,,12083792,Jardin Society,65/4,8127765,Monarch Challengers,66/1,Toss: Jardin Society opt to bat,9 wickets,Monarch Challengers,Resulted,0,0,2026-09-01T20:30:29.296971+00:00
21990901,Limited Overs,TENNIS,past,2026-01-26T09:10:39.000Z,3003,Pune,97616,SSPL DANGECHAUK,1717214,SSPL SATURDAY T20 TOURNAMENT SEASON 8,,3325656,League Matches,6661456,ShambhuRaje 11,122/10,285804,Silverland SuperGiants,126/3,Toss: ShambhuRaje 11 opt to bat,8 wickets,Silverland SuperGiants,Resulted,0,0,2026-09-01T20:30:29.296971+00:00
21991847,Limited Overs,TENNIS,past,2026-01-26T09:14:54.000Z,3058,Sinnar,324566,Gonde,1832001,GTPL 2026 (SEASON 2),,3555342,League Matches,12242880,Judgement Gonde,28/6,12240268,Shantiratna 11,31/3,Toss: Shantiratna 11 opt to field,7 wickets,Shantiratna 11,Resulted,0,0,2026-09-01T20:30:29.296971+00:00
21992230,Limited Overs,TENNIS,past,2026-01-26T09:24:50.000Z,3003,Pune,8060,Desire Sports Corporation Grounds,,,,,,8127765,Monarch Challengers,56/8,12083792,Jardin Society,60/2,Toss: Monarch Challengers opt to bat,8 wickets,Jardin Society,Resulted,0,0,2026-09-01T20:30:29.296971+00:00
21995948,Limited Overs,TENNIS,past,2026-01-26T10:33:24.000Z,2796,Dehu Road,94172,jolly,,,,,,2210454,Smashers XI,124/4,6830244,IVORY STRIKERS,70/10,Toss: Smashers XI opt to bat,54 runs,Smashers XI,Resulted,0,0,2026-09-01T20:30:29.296971+00:00
22000704,Limited Overs,TENNIS,past,2026-01-31T07:29:49.000Z,2811,Dombivli,233414,Hedutane Ground,1829656,LSG PREMIERE LEAGUE SEASON 3,,3549310,League Matches,12224554,LSG PRAVAH,49/5,12224523,LSG CHAMPIONS,48/5,Toss: LSG PRAVAH opt to bat,1 run,LSG PRAVAH,Resulted,0,0,2026-09-01T20:30:29.296971+00:00
22000708,Limited Overs,TENNIS,past,2026-01-31T12:02:06.000Z,2811,Dombivli,233414,Hedutane Ground,1829656,LSG PREMIERE LEAGUE SEASON 3,,3549310,League Matches,12224523,LSG CHAMPIONS,107/3,12224513,LSG INDIANS,63/7,Toss: LSG CHAMPIONS opt to bat,44 runs,LSG CHAMPIONS,Resulted,0,0,2026-09-01T20:30:29.296971+00:00
22000710,Limited Overs,TENNIS,past,2026-02-01T04:33:51.000Z,2811,Dombivli,233414,Hedutane Ground,1829656,LSG PREMIERE LEAGUE SEASON 3,,3549310,League Matches,12224571,LSG CRUSADERS,86/6,12224523,LSG CHAMPIONS,91/3,Toss: LSG CHAMPIONS opt to field,7 wickets,LSG CHAMPIONS,Resulted,0,0,2026-09-01T20:30:29.296971+00:00
22004849,Limited Overs,TENNIS,past,2026-01-27T01:31:22.000Z,3003,Pune,876792,Swargiya Lata Mangeshkar Kridangan,1780754,BBSM 2026 (Season 5),,3523815,Super Knockout,11999365,Balaji Generosia,49/7,11780682,Golden Trellis B,50/1,Toss: Golden Trellis B opt to field,9 wickets,Golden Trellis B,Resulted,0,0,2026-09-01T20:30:29.296971+00:00
22005130,Limited Overs,TENNIS,past,2026-01-27T14:40:36.000Z,3003,Pune,876792,Swargiya Lata Mangeshkar Kridangan,1780754,BBSM 2026 (Season 5),,3523815,Super Knockout,12083792,Jardin Society,91/1,11915111,Sanjeevani Sangam A,57/3,Toss: Jardin Society opt to bat,34 runs,Jardin Society,Resulted,0,0,2026-09-01T20:30:29.296971+00:00
22012534,Limited Overs,TENNIS,past,2026-01-30T01:44:32.000Z,3003,Pune,25806,"Masters Cricket Club Ground, Kolwadi",,,,,,8967314,RA Spartans,107/5,11351622,RA Warhawks,106/3,Toss: RA Warhawks opt to field,1 run,RA Spartans,Resulted,0,0,2026-09-01T20:30:29.296971+00:00
22016822,Limited Overs,LEATHER,past,2026-01-31T06:15:00.000Z,3003,Pune,999239,Chhatrapati Shivaji Maharaj Cricket Club,1618470,CSMCC PREMIER LEAGUE,,3553405,League Matches,11062484,KTown Knight Riders,136/8,2223945,Life Republic Royals,142/2,Toss: KTown Knight Riders opt to bat,8 wickets,Life Republic Royals,Resulted,0,0,2026-09-01T20:30:29.296971+00:00
22042144,Limited Overs,LEATHER,past,2026-01-31T08:15:00.000Z,3003,Pune,837481,CHANGBHALE CRICKET GROUND,905133,SFS SPORTS MANAGEMENT PRACTICE MATCHES ,,1719868,Super League,9175480,Glory Cricket Club,156/10,6523996,SuperKings Cricket Club,153/9,Toss: Glory Cricket Club opt to bat,3 runs,Glory Cricket Club,Resulted,0,0,2026-09-01T20:30:29.296971+00:00
22045547,Limited Overs,LEATHER,past,2026-01-31T09:32:00.000Z,3003,Pune,406981,"30YCA Cricket Ground, Chandkhed",1736626,30YCA Corporate Premier league 4.0,,3363059,League Matches,9221760,The Dark Horses,87/10,4323345,Horizons Cricket Club,89/2,Toss: Horizons Cricket Club opt to field,8 wickets,Horizons Cricket Club,Resulted,0,0,2026-09-01T20:30:29.296971+00:00
22053255,Limited Overs,TENNIS,past,2026-02-23T01:44:12.000Z,3003,Pune,744485,A to Z CRICKET GROUND LAVALE,,,,,,4509709,All Whites,118/10,9646363,Overtime Hitters,122/5,Toss: Overtime Hitters opt to field,5 wickets,Overtime Hitters,Resulted,0,0,2026-09-01T20:30:29.296971+00:00
22064408,Limited Overs,TENNIS,past,2026-01-30T01:38:42.000Z,3003,Pune,162067,Kasarsai Mcg,1762803,LR Fearless Fighters Season I,,3412509,League Matches,3694193,Old Monk Xl Cricket Club,162/6,5146670,LR Fearless Fighters,113/10,Toss: Old Monk Xl Cricket Club opt to bat,49 runs,Old Monk Xl Cricket Club,Resulted,0,0,2026-09-01T20:30:29.296971+00:00
22074710,Limited Overs,TENNIS,past,2026-02-13T01:39:44.000Z,3003,Pune,766870,Cricket Haven Sport Club,,,,,,6315907,The Yoddhas,128/7,3694193,Old Monk Xl Cricket Club,131/2,Toss: Old Monk Xl Cricket Club opt to field,8 wickets,Old Monk Xl Cricket Club,Resulted,0,0,2026-09-01T20:30:29.296971+00:00
22084371,Limited Overs,TENNIS,past,2026-01-31T04:41:03.000Z,3003,Pune,876792,Swargiya Lata Mangeshkar Kridangan,1780754,BBSM 2026 (Season 5),,3523815,Super Knockout,6275785,VTP BelAir A,75/3,12083792,Jardin Society,63/5,Toss: Jardin Society opt to field,12 runs,VTP BelAir A,Resulted,0,0,2026-09-01T20:30:29.296971+00:00
22084911,Limited Overs,TENNIS,past,2026-03-13T01:37:52.000Z,3003,Pune,1026481,CSMCC CHANDKHED,,,,,,5300446,Rising Titans,91/10,3694193,Old Monk Xl Cricket Club,94/3,Toss: Rising Titans opt to bat,7 wickets,Old Monk Xl Cricket Club,Resulted,0,0,2026-09-01T20:30:29.296971+00:00
22085595,Limited Overs,TENNIS,past,2026-03-27T01:29:27.000Z,3003,Pune,1026481,CSMCC CHANDKHED,,,,,,5300446,Rising Titans,69/10,3694193,Old Monk Xl Cricket Club,71/4,Toss: Old Monk Xl Cricket Club opt to field,6 wickets,Old Monk Xl Cricket Club,Resulted,0,0,2026-09-01T20:30:29.296971+00:00
22090644,Limited Overs,TENNIS,past,2026-01-31T02:24:56.000Z,3003,Pune,97616,SSPL DANGECHAUK,1717214,SSPL SATURDAY T20 TOURNAMENT SEASON 8,,3325656,League Matches,8000889,Super Strikers(PCMC),170/10,285804,Silverland SuperGiants,176/3,Toss: Silverland SuperGiants opt to field,7 wickets,Silverland SuperGiants,Resulted,0,0,2026-09-01T20:30:29.296971+00:00
22090753,Limited Overs,TENNIS,past,2026-01-31T02:33:00.000Z,2782,Chinchwad,99574,Dange Cricket Club,,,,,,11322242,Rising GW 11,Yet to bat,8700517,Mard Mawale,Yet to bat,Toss: Rising GW 11 opt to bat,Draw,,Abandoned,0,0,2026-09-01T20:30:29.296971+00:00
22093567,Box Cricket,TENNIS,past,2026-01-31T03:59:09.000Z,3003,Pune,1098033,Silver Cricket Academy Marunji,1837595,Silver Premium League 2026,,3568146,League Matches,12278591,Tathawade Thunder,73/6,12278263,Marunji Stallions,74/3,Toss: Tathawade Thunder opt to bat,4 wickets,Marunji Stallions,Resulted,0,0,2026-09-01T20:30:29.296971+00:00
22094946,Box Cricket,TENNIS,past,2026-01-31T04:40:26.000Z,2782,Chinchwad,635561,19 grand west society,1824349,19 GWPL Season II,,3572632,League Matches,12191160,Raigad,32/5,12191167,Rajgad,36/2,Toss: Raigad opt to bat,5 wickets,Rajgad,Resulted,0,0,2026-09-01T20:30:29.296971+00:00
22100887,Limited Overs,TENNIS,past,2026-01-31T07:26:05.000Z,2796,Dehu Road,1099274,"Archives Ground, Ravet",1840983,MALPANI SEASON 3,,3574232,Super Knockout,12285314,Epam CC,89/5,12288368,Gruve Mavericks,90/2,Toss: Gruve Mavericks opt to field,8 wickets,Gruve Mavericks,Resulted,0,0,2026-09-01T20:30:29.296971+00:00
22106424,Limited Overs,TENNIS,past,2026-01-31T09:56:09.000Z,3058,Sinnar,324566,Gonde,1832001,GTPL 2026 (SEASON 2),,3555342,League Matches,12240285,Gn,62/10,12240268,Shantiratna 11,67/0,Toss: Gn opt to bat,10 wickets,Shantiratna 11,Resulted,0,0,2026-09-01T20:30:29.296971+00:00
22107432,Box Cricket,TENNIS,past,2026-01-31T10:27:08.000Z,3003,Pune,617881,Pifa Turf And Academy,1818305,WCC community Cup 2026,,3526978,Semi Final,12154572,Supernova Spartans,89/4,12154673,Atlanta III Legends,90/4,Toss: Supernova Spartans opt to bat,3 wickets,Atlanta III Legends,Resulted,0,0,2026-09-01T20:30:29.296971+00:00
22108398,Box Cricket,TENNIS,past,2026-01-31T10:56:30.000Z,3003,Pune,1098033,Silver Cricket Academy Marunji,1837595,Silver Premium League 2026,,3568146,League Matches,12278278,Marunji Stunners,48/3,12278591,Tathawade Thunder,49/0,Toss: Marunji Stunners opt to bat,8 wickets,Tathawade Thunder,Resulted,0,0,2026-09-01T20:30:29.296971+00:00
22111842,Box Cricket,TENNIS,past,2026-01-31T13:01:38.000Z,2782,Chinchwad,635561,19 grand west society,1824349,19 GWPL Season II,,3572632,League Matches,12191146,Lohagad,90/5,12191160,Raigad,58/4,Toss: Raigad opt to field,32 runs,Lohagad,Resulted,0,0,2026-09-01T20:30:29.296971+00:00
22116187,Box Cricket,TENNIS,past,2026-01-31T15:44:12.000Z,2782,Chinchwad,635561,19 grand west society,1824349,19 GWPL Season II,,3572632,League Matches,12191180,Shivneri,83/2,12191160,Raigad,76/1,Toss: Shivneri opt to bat,7 runs,Shivneri,Resulted,0,0,2026-09-01T20:30:29.296971+00:00
22116546,Limited Overs,TENNIS,past,2026-02-01T01:44:15.000Z,3003,Pune,343490,"Pune Cricket Club, Wagholi",,,,,,3037548,Smashers 11,129/6,9694325,Phoenix Ashers,130/3,Toss: Phoenix Ashers opt to field,7 wickets,Phoenix Ashers,Resulted,0,0,2026-09-01T20:30:29.296971+00:00
22117316,Limited Overs,TENNIS,past,2026-02-01T03:39:00.000Z,3003,Pune,343490,"Pune Cricket Club, Wagholi",,,,,,8146841,Power Squad,115/8,9464701,Titans 11,116/8,Toss: Power Squad opt to bat,2 wickets,Titans 11,Resulted,0,0,2026-09-01T20:30:29.296971+00:00
22125333,Limited Overs,TENNIS,past,2026-02-01T02:17:07.000Z,3003,Pune,22428,Dhobi Graund dehuroad,,,,,,285804,Silverland SuperGiants,81/6,3382845,RISINGXI,84/5,Toss: Silverland SuperGiants opt to bat,5 wickets,RISINGXI,Resulted,0,0,2026-09-01T20:30:29.296971+00:00
22126117,Box Cricket,TENNIS,past,2026-02-01T02:32:14.000Z,2964,Nashik,724146,Abhishek Eden Garden,1843001,WW Tournament 1 Feb 2026,,3579464,League Matches,9402088,Team A,55/5,9402090,Team B,61/1,Toss: Team A opt to bat,6 wickets,Team B,Resulted,0,0,2026-09-01T20:30:29.296971+00:00
22127894,Box Cricket,TENNIS,past,2026-02-01T03:00:00.000Z,2964,Nashik,724146,Abhishek Eden Garden,1843001,WW Tournament 1 Feb 2026,,3579464,League Matches,9402093,Team C,88/6,9402090,Team B,92/3,Toss: Team C opt to bat,4 wickets,Team B,Resulted,0,0,2026-09-01T20:30:29.296971+00:00
22130706,Limited Overs,TENNIS,past,2026-02-01T03:49:07.000Z,3003,Pune,893965,Rajasthan Royals Dhanori,1822492,SPL Warm Up Matches,,3539195,League Matches,12004420,Hurricanes (SPL 2026),80/5,11915106,Knight Riders (SPL 2026),81/5,Toss: Knight Riders (SPL 2026) opt to field,5 wickets,Knight Riders (SPL 2026),Resulted,0,0,2026-09-01T20:30:29.296971+00:00
22130712,Limited Overs,TENNIS,past,2026-02-01T03:42:16.000Z,3003,Pune,22428,Dhobi Graund dehuroad,,,,,,3382845,RISINGXI,55/5,285804,Silverland SuperGiants,56/1,Toss: RISINGXI opt to bat,9 wickets,Silverland SuperGiants,Resulted,0,0,2026-09-01T20:30:29.296971+00:00
22132982,Box Cricket,TENNIS,past,2026-02-01T04:17:07.000Z,2964,Nashik,724146,Abhishek Eden Garden,1843001,WW Tournament 1 Feb 2026,,3579464,League Matches,9402090,Team B,62/7,9402088,Team A,63/2,Toss: Team B opt to bat,5 wickets,Team A,Resulted,0,0,2026-09-01T20:30:29.296971+00:00
22134441,Box Cricket,TENNIS,past,2026-02-01T04:37:59.000Z,2782,Chinchwad,635561,19 grand west society,1824349,19 GWPL Season II,,3572632,League Matches,12191153,Pratapgad,95/1,12191160,Raigad,54/5,Toss: Pratapgad opt to bat,41 runs,Pratapgad,Resulted,0,0,2026-09-01T20:30:29.296971+00:00
22136029,Box Cricket,TENNIS,past,2026-02-01T07:02:00.000Z,3003,Pune,1098033,Silver Cricket Academy Marunji,1837595,Silver Premium League 2026,,3580342,Quarter Final,12278224,Wakad Titans,94/1,12278591,Tathawade Thunder,99/0,Toss: Tathawade Thunder opt to field,10 wickets,Tathawade Thunder,Resulted,0,0,2026-09-01T20:30:29.296971+00:00
22137650,Box Cricket,TENNIS,past,2026-02-01T05:23:59.000Z,2964,Nashik,724146,Abhishek Eden Garden,1843001,WW Tournament 1 Feb 2026,,3579464,League Matches,9402090,Team B,35/6,9402093,Team C,36/0,Toss: Team C opt to field,7 wickets,Team C,Resulted,0,0,2026-09-01T20:30:29.296971+00:00
22139203,Box Cricket,TENNIS,past,2026-02-01T05:47:18.000Z,2964,Nashik,724146,Abhishek Eden Garden,1843001,WW Tournament 1 Feb 2026,,3579464,League Matches,9402090,Team B,72/6,9402088,Team A,39/8,Toss: Team A opt to field,33 runs,Team B,Resulted,0,0,2026-09-01T20:30:29.296971+00:00
22140655,Box Cricket,TENNIS,past,2026-02-01T06:15:06.000Z,3003,Pune,617881,Pifa Turf And Academy,1818305,WCC community Cup 2026,,3526980,Final,12154603,Palashs Panthers,91/3,12154673,Atlanta III Legends,87/6,Toss: Atlanta III Legends opt to field,4 runs,Palashs Panthers,Resulted,0,0,2026-09-01T20:30:29.296971+00:00
22145933,Limited Overs,TENNIS,past,2026-02-01T07:57:00.000Z,2811,Dombivli,233414,Hedutane Ground,1829656,LSG PREMIERE LEAGUE SEASON 3,,3549343,Semi Final,12224540,LSG WARRIORS,81/3,12224523,LSG CHAMPIONS,85/4,Toss: LSG WARRIORS opt to bat,6 wickets,LSG CHAMPIONS,Resulted,0,0,2026-09-01T20:30:29.296971+00:00
22148021,Box Cricket,TENNIS,past,2026-02-01T08:29:11.000Z,3003,Pune,1098033,Silver Cricket Academy Marunji,1837595,Silver Premium League 2026,,3580342,Quarter Final,12278238,Wakad Vipers,7/7,12278591,Tathawade Thunder,10/2,Toss: Tathawade Thunder opt to field,8 wickets,Tathawade Thunder,Resulted,0,0,2026-09-01T20:30:29.296971+00:00
22157904,Limited Overs,TENNIS,past,2026-02-01T11:26:00.000Z,2811,Dombivli,233414,Hedutane Ground,1829656,LSG PREMIERE LEAGUE SEASON 3,,3549348,Final,12224491,LSG BLASTERS,84/8,12224523,LSG CHAMPIONS,88/3,Toss: LSG BLASTERS opt to bat,7 wickets,LSG CHAMPIONS,Resulted,0,0,2026-09-01T20:30:29.296971+00:00
22167129,Box Cricket,TENNIS,past,2026-02-01T16:52:06.000Z,3003,Pune,1098033,Silver Cricket Academy Marunji,1837595,Silver Premium League 2026,,3585591,Third Position,12278591,Tathawade Thunder,107/4,12302392,Marunji Stumpers,90/3,Toss: Marunji Stumpers opt to field,17 runs,Tathawade Thunder,Resulted,0,0,2026-09-01T20:30:29.296971+00:00
22181391,Limited Overs,LEATHER,past,2026-02-22T08:02:00.000Z,3003,Pune,282913,Cricathon Cricket Ground,1531684,Cricathon Bigbash Cup T25 2025-2026 Season4,,2978351,League Matches,2223945,Life Republic Royals,266/4,6518109,Brave Bulls,108/10,Toss: Life Republic Royals opt to bat,158 runs,Life Republic Royals,Resulted,0,0,2026-09-01T20:30:29.296971+00:00
22194213,Limited Overs,TENNIS,past,2026-03-27T01:37:56.000Z,3003,Pune,767694,Four Star Cricket Ground,,,,,,2201572,Yashwin Hinjawadi,102/7,9646363,Overtime Hitters,104/3,Toss: Overtime Hitters opt to field,7 wickets,Overtime Hitters,Resulted,0,0,2026-09-01T20:30:29.296971+00:00
22195496,Limited Overs,TENNIS,past,2026-02-07T01:33:32.000Z,3003,Pune,837481,CHANGBHALE CRICKET GROUND,,,,,,11921738,Signature Strikers II,77/10,11656889,Signature Strikers,78/4,Toss: Signature Strikers II opt to bat,6 wickets,Signature Strikers,Resulted,0,0,2026-09-01T20:30:29.296971+00:00
22203099,Limited Overs,TENNIS,past,2026-02-04T01:35:52.000Z,3003,Pune,876792,Swargiya Lata Mangeshkar Kridangan,1780754,BBSM 2026 (Season 5),,3523815,Super Knockout,4321112,Ganga Acropolis,49/4,6446604,Vivanta,46/1,Toss: Vivanta opt to field,3 runs,Ganga Acropolis,Resulted,0,0,2026-09-01T20:30:29.296971+00:00
22205165,Limited Overs,TENNIS,past,2026-02-04T02:23:38.000Z,3003,Pune,987380,"Lords Of Mulshi, Kasarsai",1566021,LR-Legends Season-1,,3028938,League Matches,4170959,LR LEGENDS,104/5,12064759,The Voyagers,87/8,Toss: LR LEGENDS opt to bat,17 runs,LR LEGENDS,Resulted,0,0,2026-09-01T20:30:29.296971+00:00
22208170,Limited Overs,LEATHER,past,2026-03-15T04:23:11.000Z,3003,Pune,557585,Platinum Cricket Ground.,1704229,Pcg Champions Trophy Season 4,,3298401,League Matches,3499616,MIGHTY LIONS,159/10,7659243,Solid Squad,156/7,Toss: Solid Squad opt to field,3 runs,MIGHTY LIONS,Resulted,0,0,2026-09-01T20:30:29.296971+00:00
22208291,Limited Overs,LEATHER,past,2026-03-01T08:20:27.000Z,3003,Pune,557585,Platinum Cricket Ground.,1704229,Pcg Champions Trophy Season 4,,3298401,League Matches,3499616,MIGHTY LIONS,207/7,10398442,Vamos Cricket Club (V.C.C),160/7,Toss: MIGHTY LIONS opt to bat,47 runs,MIGHTY LIONS,Resulted,0,0,2026-09-01T20:30:29.296971+00:00
22208386,Limited Overs,LEATHER,past,2026-03-22T08:28:00.000Z,3003,Pune,557585,Platinum Cricket Ground.,1704229,Pcg Champions Trophy Season 4,,3298401,League Matches,3499616,MIGHTY LIONS,128/8,11300282,Credence,129/7,Toss: MIGHTY LIONS opt to bat,3 wickets,Credence,Resulted,0,0,2026-09-01T20:30:29.296971+00:00
22211641,Box Cricket,TENNIS,past,2026-02-07T05:59:26.000Z,3003,Pune,1000480,phoniex arena,1822343,IWPL Season 2,,3567899,League Matches,12228057,IW Falcons,202/1,12193260,IW Dashers,104/5,Toss: IW Dashers opt to field,98 runs,IW Falcons,Resulted,0,0,2026-09-01T20:30:29.296971+00:00
22211793,Box Cricket,TENNIS,past,2026-02-07T11:32:11.000Z,3003,Pune,1000480,phoniex arena,1822343,IWPL Season 2,,3567899,League Matches,12182010,IW Elites,152/1,12228057,IW Falcons,150/1,Toss: IW Elites opt to bat,2 runs,IW Elites,Resulted,0,0,2026-09-01T20:30:29.296971+00:00
22211888,Box Cricket,TENNIS,past,2026-02-07T14:48:39.000Z,3003,Pune,1000480,phoniex arena,1822343,IWPL Season 2,,3567899,League Matches,12228057,IW Falcons,173/0,12197954,IW Pushpa The Fire,67/6,Toss: IW Falcons opt to bat,106 runs,IW Falcons,Resulted,0,0,2026-09-01T20:30:29.296971+00:00
22233600,Limited Overs,TENNIS,past,2026-02-07T09:17:39.000Z,3003,Pune,569134,"kings sports club ,dhanori ",1846373,"SPL - 15 , 2026 (Men)",,3587902,League Matches,12335838,Mavericks (SPL 2026),65/10,11915106,Knight Riders (SPL 2026),66/2,Toss: Knight Riders (SPL 2026) opt to field,8 wickets,Knight Riders (SPL 2026),Resulted,0,0,2026-09-01T20:30:29.296971+00:00
22234828,Limited Overs,TENNIS,past,2026-02-15T07:29:52.000Z,3003,Pune,765099,Kings Dhanori,1846373,"SPL - 15 , 2026 (Men)",,3587902,League Matches,12004420,Hurricanes (SPL 2026),90/5,11915106,Knight Riders (SPL 2026),90/6,Toss: Knight Riders (SPL 2026) opt to field,Tie,,Tie,0,0,2026-09-01T20:30:29.296971+00:00
22243063,Limited Overs,TENNIS,past,2026-02-06T01:50:00.000Z,3003,Pune,25806,"Masters Cricket Club Ground, Kolwadi",,,,,,8967314,RA Spartans,127/9,3264758,RA Hustlers,131/7,Toss: RA Spartans opt to bat,3 wickets,RA Hustlers,Resulted,0,0,2026-09-01T20:30:29.296971+00:00
22249091,Limited Overs,TENNIS,past,2026-02-09T01:38:41.000Z,3003,Pune,456822,Grippx3 sports club,,,,,,4725869,Kingfisher Timers,148/8,3694193,Old Monk Xl Cricket Club,141/7,Toss: Kingfisher Timers opt to bat,7 runs,Kingfisher Timers,Resulted,0,0,2026-09-01T20:30:29.296971+00:00
22251649,Limited Overs,TENNIS,past,2026-02-07T03:43:22.000Z,3003,Pune,343490,"Pune Cricket Club, Wagholi",,,,,,9438942,Falcons,211/3,12285294,United Boundary Strikers,69/10,Toss: Falcons opt to bat,142 runs,Falcons,Resulted,0,0,2026-09-01T20:30:29.296971+00:00
22268026,Limited Overs,TENNIS,past,2026-02-07T02:22:21.000Z,3003,Pune,97616,SSPL DANGECHAUK,1717214,SSPL SATURDAY T20 TOURNAMENT SEASON 8,,3601710,Semi Final,285804,Silverland SuperGiants,251/6,9769921,Swarajya,253/4,Toss: Swarajya opt to field,6 wickets,Swarajya,Resulted,0,0,2026-09-01T20:30:29.296971+00:00
22269051,Limited Overs,TENNIS,past,2026-02-07T02:59:02.000Z,3003,Pune,837481,CHANGBHALE CRICKET GROUND,,,,,,11656889,Signature Strikers,64/6,11921738,Signature Strikers II,55/3,Toss: Signature Strikers opt to bat,9 runs,Signature Strikers,Resulted,0,0,2026-09-01T20:30:29.296971+00:00
22277535,Limited Overs,TENNIS,past,2026-02-08T03:34:33.000Z,3003,Pune,736969,"PPS, Pune",,,,,,12389833,Team Lok,67/7,12389822,Team Tanmay,68/2,Toss: Team Tanmay opt to field,8 wickets,Team Tanmay,Resulted,0,0,2026-09-01T20:30:29.296971+00:00
22277576,Limited Overs,TENNIS,past,2026-02-08T04:24:07.000Z,3003,Pune,736969,"PPS, Pune",,,,,,12389822,Team Tanmay,88/9,12389833,Team Lok,94/2,Toss: Team Lok opt to field,8 wickets,Team Lok,Resulted,0,0,2026-09-01T20:30:29.296971+00:00
22278262,Limited Overs,TENNIS,past,2026-02-08T02:32:39.000Z,3003,Pune,736969,"PPS, Pune",,,,,,12389822,Team Tanmay,70/6,12389833,Team Lok,71/6,Toss: Team Lok opt to field,4 wickets,Team Lok,Resulted,0,0,2026-09-01T20:30:29.296971+00:00
22278581,Limited Overs,TENNIS,past,2026-02-07T08:58:02.000Z,3003,Pune,115443,SIU Lavale Ground,1849734,ALACRITAS 2026,,3601985,League Matches,12285314,Epam CC,74/7,178287,Yardi,76/6,Toss: Yardi opt to field,4 wickets,Yardi,Resulted,0,0,2026-09-01T20:30:29.296971+00:00
22280584,Limited Overs,TENNIS,past,2026-02-07T09:00:00.000Z,3003,Pune,115443,SIU Lavale Ground,1849734,ALACRITAS 2026,,3601985,League Matches,8868110,Springer Nature,119/7,12285314,Epam CC,79/7,Toss: Epam CC opt to field,40 runs,Springer Nature,Resulted,0,0,2026-09-01T20:30:29.296971+00:00
22282721,Limited Overs,TENNIS,past,2026-02-08T01:43:00.000Z,3003,Pune,796493,Cricheaven,,,,,,5146670,LR Fearless Fighters,107/9,2647568,Yashwin Stars,108/7,Toss: Yashwin Stars opt to field,2 wickets,Yashwin Stars,Resulted,0,0,2026-09-01T20:30:29.296971+00:00
22291888,Box Cricket,TENNIS,past,2026-02-08T12:26:17.000Z,3003,Pune,1000480,phoniex arena,1822343,IWPL Season 2,,3567955,Semi Final,12228057,IW Falcons,136/2,12181899,Pawana strikers,90/2,Toss: IW Falcons opt to bat,46 runs,IW Falcons,Resulted,0,0,2026-09-01T20:30:29.296971+00:00
22292131,Limited Overs,TENNIS,past,2026-02-07T15:42:38.000Z,3003,Pune,455441,Achievers cricket Ground Ravet ,1848460,Topaz Kings February 2026 Practise ,,3591403,Warm up Match,11991114,Topaz Baazigars,118/2,6830244,IVORY STRIKERS,90/8,Toss: Topaz Baazigars opt to bat,28 runs,Topaz Baazigars,Resulted,0,0,2026-09-01T20:30:29.296971+00:00
22292902,Limited Overs,TENNIS,past,2026-02-07T16:11:06.000Z,3003,Pune,982338,Cricathon Cricket Academy,,,,,,11322242,Rising GW 11,92/8,9770927,Hanumankinda,93/7,Toss: Rising GW 11 opt to bat,3 wickets,Hanumankinda,Resulted,0,0,2026-09-01T20:30:29.296971+00:00
22293801,Limited Overs,TENNIS,past,2026-02-08T07:46:47.000Z,3003,Pune,115443,SIU Lavale Ground,1849734,ALACRITAS 2026,,3601985,League Matches,11970654,Tata Technologies,146/3,12285314,Epam CC,145/5,Toss: Tata Technologies opt to bat,1 run,Tata Technologies,Resulted,0,0,2026-09-01T20:30:29.296971+00:00
22294609,Limited Overs,TENNIS,past,2026-02-07T17:12:02.000Z,3003,Pune,455441,Achievers cricket Ground Ravet ,1848460,Topaz Kings February 2026 Practise ,,3591403,Warm up Match,11991114,Topaz Baazigars,139/2,6830244,IVORY STRIKERS,105/6,Toss: Topaz Baazigars opt to bat,34 runs,Topaz Baazigars,Resulted,0,0,2026-09-01T20:30:29.296971+00:00
22331977,Limited Overs,TENNIS,past,2026-02-15T04:02:10.000Z,3003,Pune,1038837,"Teerth Ground - Narayana, Sus",,,,,,1532624,Maverickxs,178/10,6669898,Rising Ravet,102/10,Toss: Rising Ravet opt to field,76 runs,Maverickxs,Resulted,0,0,2026-09-01T20:30:29.296971+00:00
22337279,Box Cricket,TENNIS,past,2026-02-08T14:36:08.000Z,3003,Pune,1000480,phoniex arena,1822343,IWPL Season 2,,3567956,Final,12182010,IW Elites,117/1,12228057,IW Falcons,122/2,Toss: IW Elites opt to bat,4 wickets,IW Falcons,Resulted,0,0,2026-09-01T20:30:29.296971+00:00
22340445,Limited Overs,TENNIS,past,2026-02-08T16:11:18.000Z,3003,Pune,457990,Achiever Cricket Ground,,,,,,6830244,IVORY STRIKERS,94/7,6830029,TITANIUM WARRIORS,95/6,Toss: IVORY STRIKERS opt to bat,4 wickets,TITANIUM WARRIORS,Resulted,0,0,2026-09-01T20:30:29.296971+00:00
22347067,Limited Overs,TENNIS,past,2026-02-10T01:43:06.000Z,3003,Pune,1073391,Loards of Maval,1762803,LR Fearless Fighters Season I,,3412509,League Matches,5146670,LR Fearless Fighters,92/5,12190563,DS_Simulia_Strikers,56/7,Toss: LR Fearless Fighters opt to bat,36 runs,LR Fearless Fighters,Resulted,0,0,2026-09-01T20:30:29.296971+00:00
22347154,Limited Overs,TENNIS,past,2026-02-26T01:42:45.000Z,3003,Pune,1073391,Loards of Maval,1762803,LR Fearless Fighters Season I,,3412509,League Matches,12190563,DS_Simulia_Strikers,57/2,5146670,LR Fearless Fighters,58/5,Toss: DS_Simulia_Strikers opt to bat,5 wickets,LR Fearless Fighters,Resulted,0,0,2026-09-01T20:30:29.296971+00:00
22355433,Limited Overs,TENNIS,past,2026-02-15T01:26:45.000Z,3003,Pune,282913,Cricathon Cricket Ground,,,,,,5104964,Bharat Blaze,96/9,11656889,Signature Strikers,99/7,Toss: Signature Strikers opt to field,3 wickets,Signature Strikers,Resulted,0,0,2026-09-01T20:30:29.296971+00:00
22363576,Limited Overs,TENNIS,past,2026-02-10T02:52:29.000Z,3003,Pune,1073391,Loards of Maval,1762803,LR Fearless Fighters Season I,,3412509,League Matches,5146670,LR Fearless Fighters,92/4,12190563,DS_Simulia_Strikers,42/5,Toss: LR Fearless Fighters opt to bat,50 runs,LR Fearless Fighters,Resulted,0,0,2026-09-01T20:30:29.296971+00:00
22380121,Limited Overs,TENNIS,past,2026-02-14T06:46:00.000Z,3003,Pune,114039,Club Chrysallis,1848991,Chrysallis Cup 10th season,,3619360,League Matches,11322242,Rising GW 11,119/7,9444673,Vidarbha Tigers,122/6,Toss: Rising GW 11 opt to bat,4 wickets,Vidarbha Tigers,Resulted,0,0,2026-09-01T20:30:29.296971+00:00
22380134,Limited Overs,TENNIS,past,2026-02-21T06:53:00.000Z,3003,Pune,114039,Club Chrysallis,1848991,Chrysallis Cup 10th season,,3619360,League Matches,3482011,Range Hills Rangers,107/10,11322242,Rising GW 11,112/5,Toss: Range Hills Rangers opt to bat,5 wickets,Rising GW 11,Resulted,0,0,2026-09-01T20:30:29.296971+00:00
22380147,Limited Overs,TENNIS,past,2026-02-28T09:33:25.000Z,3003,Pune,114039,Club Chrysallis,1848991,Chrysallis Cup 10th season,,3619360,League Matches,11305310,Corporate Blasters,182/8,11322242,Rising GW 11,120/10,Toss: Corporate Blasters opt to bat,62 runs,Corporate Blasters,Resulted,0,0,2026-09-01T20:30:29.296971+00:00
22385634,Limited Overs,TENNIS,past,2026-03-18T01:39:22.000Z,3003,Pune,216159,Shree samarth Cricket Academy  Gahunje,,,,,,5141491,The Beasts,128/5,3694193,Old Monk Xl Cricket Club,129/6,Toss: Old Monk Xl Cricket Club opt to field,4 wickets,Old Monk Xl Cricket Club,Resulted,0,0,2026-09-01T20:30:29.296971+00:00
22389953,Limited Overs,TENNIS,past,2026-02-13T01:34:56.000Z,3003,Pune,260236,Parandwal Cricket Ground,1363924,Performance League ,,2629026,League Matches,3636749,CricMasters,134/5,12064759,The Voyagers,136/8,Toss: CricMasters opt to bat,2 wickets,The Voyagers,Resulted,0,0,2026-09-01T20:30:29.296971+00:00
22405623,Limited Overs,TENNIS,past,2026-02-15T01:41:34.000Z,3003,Pune,25806,"Masters Cricket Club Ground, Kolwadi",,,,,,11373931,Vijay Vihar Mavericks,87/5,10989084,MCC XI,88/3,Toss: MCC XI opt to field,7 wickets,MCC XI,Resulted,0,0,2026-09-01T20:30:29.296971+00:00
22406115,Limited Overs,LEATHER,past,2026-02-14T02:22:04.000Z,3003,Pune,406981,"30YCA Cricket Ground, Chandkhed",1718722,30YCA SPIN & SMASH  2.0,,3325544,League Matches,4323345,Horizons Cricket Club,166/8,9685796,Blue Kaps,132/10,Toss: Horizons Cricket Club opt to bat,34 runs,Horizons Cricket Club,Resulted,0,0,2026-09-01T20:30:29.296971+00:00
22413218,Limited Overs,TENNIS,past,2026-03-09T01:36:22.000Z,3003,Pune,598102,Gkci Cricket Ground Bhosari,1864372,"Quattro Tournament, March 2026",,3624753,League Matches,11633352,KKS CLUB SPORTS & RECREATION,107/8,12064759,The Voyagers,108/7,Toss: The Voyagers opt to field,4 wickets,The Voyagers,Resulted,0,0,2026-09-01T20:30:29.296971+00:00
22421029,Limited Overs,TENNIS,past,2026-02-13T01:59:08.000Z,3003,Pune,25806,"Masters Cricket Club Ground, Kolwadi",,,,,,3264758,RA Hustlers,114/5,8967314,RA Spartans,118/7,Toss: RA Spartans opt to field,3 wickets,RA Spartans,Resulted,0,0,2026-09-01T20:30:29.296971+00:00
22431166,Limited Overs,TENNIS,past,2026-02-15T10:33:25.000Z,3003,Pune,19790,DNC,1152117,CORPORATE PREMIER LEAGUE 2024-2026,,2214824,League Matches,11807653,Nitor Infotech,105/8,11309501,Vertical Oriana 3.0,106/9,Toss: Nitor Infotech opt to bat,1 wicket,Vertical Oriana 3.0,Resulted,0,0,2026-09-01T20:30:29.296971+00:00
22439147,Limited Overs,TENNIS,past,2026-02-14T01:33:44.000Z,3003,Pune,343490,"Pune Cricket Club, Wagholi",,,,,,8967314,RA Spartans,140/8,6870393,Predators,74/10,Toss: RA Spartans opt to bat,66 runs,RA Spartans,Resulted,0,0,2026-09-01T20:30:29.296971+00:00
22446443,Limited Overs,TENNIS,past,2026-02-14T02:32:39.000Z,2811,Dombivli,42727,CASA BELLA CRICKET GROUND,1863963,Casa Bella Championship Trophy,,3630227,League Matches,12451360,LSG Aarambha,122/1,12456020,Golflink warriors,46/7,Toss: Golflink warriors opt to field,76 runs,LSG Aarambha,Resulted,0,0,2026-09-01T20:30:29.296971+00:00
22446447,Limited Overs,TENNIS,past,2026-02-14T03:58:32.000Z,2811,Dombivli,42727,CASA BELLA CRICKET GROUND,1863963,Casa Bella Championship Trophy,,3630227,League Matches,12456020,Golflink warriors,34/9,12450197,1501,35/1,Toss: 1501 opt to field,9 wickets,1501,Resulted,0,0,2026-09-01T20:30:29.296971+00:00
22461707,Limited Overs,TENNIS,past,2026-02-14T10:14:48.000Z,3003,Pune,486980,Sunny World Turf 2,1860724,VJ Parivaar Carnival Box Cricket Tournament,,3631138,Super Knockout,12444580,VJe Bhawa,98/4,12444594,Wakad Central Defenders,85/4,Toss: Wakad Central Defenders opt to field,13 runs,VJe Bhawa,Resulted,0,0,2026-09-01T20:30:29.296971+00:00
22463583,Limited Overs,TENNIS,past,2026-02-14T09:06:26.000Z,2782,Chinchwad,1105135,Sspl Ground 3,1840626,SSPL T-20 SATURDAY SEASON 09,,3574404,League Matches,285804,Silverland SuperGiants,208/9,9120969,Garden Strikers,213/4,Toss: Garden Strikers opt to field,6 wickets,Garden Strikers,Resulted,0,0,2026-09-01T20:30:29.296971+00:00
22467871,Limited Overs,LEATHER,past,2026-03-01T10:05:24.000Z,3003,Pune,999239,Chhatrapati Shivaji Maharaj Cricket Club,1618470,CSMCC PREMIER LEAGUE,,3553405,League Matches,9223148,BR Bulls,151/9,2223945,Life Republic Royals,154/7,Toss: Life Republic Royals opt to field,3 wickets,Life Republic Royals,Resulted,0,0,2026-09-01T20:30:29.296971+00:00
22471246,Limited Overs,TENNIS,past,2026-02-15T04:11:00.000Z,3003,Pune,409003,Eden Park,,,,,,10966034,NitroJains CC,151/3,11322242,Rising GW 11,128/10,Toss: NitroJains CC opt to bat,23 runs,NitroJains CC,Resulted,0,0,2026-09-01T20:30:29.296971+00:00
22471262,Limited Overs,TENNIS,past,2026-02-15T02:42:54.000Z,3003,Pune,736969,"PPS, Pune",,,,,,12389833,Team Lok,96/8,5430945,Lalit 11,98/7,Toss: Lalit 11 opt to field,1 wicket,Lalit 11,Resulted,0,0,2026-09-01T20:30:29.296971+00:00
22471305,Limited Overs,TENNIS,past,2026-02-15T04:18:44.000Z,3003,Pune,736969,"PPS, Pune",,,,,,12389833,Team Lok,105/7,5430945,Lalit 11,58/8,Toss: Team Lok opt to bat,47 runs,Team Lok,Resulted,0,0,2026-09-01T20:30:29.296971+00:00
22471329,Limited Overs,TENNIS,past,2026-02-15T05:29:48.000Z,3003,Pune,736969,"PPS, Pune",,,,,,12389833,Team Lok,93/7,5430945,Lalit 11,94/7,Toss: Team Lok opt to bat,1 wicket,Lalit 11,Resulted,0,0,2026-09-01T20:30:29.296971+00:00
22484735,Limited Overs,TENNIS,past,2026-02-15T02:20:11.000Z,3003,Pune,22428,Dhobi Graund dehuroad,,,,,,3382845,RISINGXI,84/7,285804,Silverland SuperGiants,85/5,Toss: Silverland SuperGiants opt to field,5 wickets,Silverland SuperGiants,Resulted,0,0,2026-09-01T20:30:29.296971+00:00
22489239,Limited Overs,TENNIS,past,2026-03-15T01:28:36.000Z,3003,Pune,757109,Eden Park Talegaon,,,,,,11656889,Signature Strikers,176/3,7760962,Daddies 11,125/10,Toss: Signature Strikers opt to bat,51 runs,Signature Strikers,Resulted,0,0,2026-09-01T20:30:29.296971+00:00
22491199,Limited Overs,TENNIS,past,2026-02-15T03:58:23.000Z,3003,Pune,22428,Dhobi Graund dehuroad,,,,,,3382845,RISINGXI,124/2,285804,Silverland SuperGiants,122/3,Toss: Silverland SuperGiants opt to field,2 runs,RISINGXI,Resulted,0,0,2026-09-01T20:30:29.296971+00:00
22516714,Limited Overs,LEATHER,past,2026-02-19T14:10:00.000Z,3003,Pune,282913,Cricathon Cricket Ground,1784457,Cricathon Jatayu Cup Weekday Night T20 ,,3488050,League Matches,3510777,CrickFitNet Academy,188/6,2223945,Life Republic Royals,192/5,Toss: CrickFitNet Academy opt to bat,5 wickets,Life Republic Royals,Resulted,0,0,2026-09-01T20:30:29.296971+00:00
22519433,Limited Overs,TENNIS,past,2026-02-21T07:15:06.000Z,3003,Pune,765099,Kings Dhanori,1846373,"SPL - 15 , 2026 (Men)",,3641033,Quarter Final,3135272,Avengers,85/9,11915106,Knight Riders (SPL 2026),60/8,Toss: Knight Riders (SPL 2026) opt to field,25 runs,Avengers,Resulted,0,0,2026-09-01T20:30:29.296971+00:00
22534127,Limited Overs,TENNIS,past,2026-02-17T01:38:47.000Z,3003,Pune,987380,"Lords Of Mulshi, Kasarsai",,,,,,12064759,The Voyagers,83/9,12286326,LR Yoddhas,84/8,Toss: LR Yoddhas opt to field,2 wickets,LR Yoddhas,Resulted,0,0,2026-09-01T20:30:29.296971+00:00
22535402,Limited Overs,TENNIS,past,2026-02-18T09:36:12.000Z,3003,Pune,439566,"Embassy TechZone Cricket Ground, Hinjewadi",1865427,VW Cricket Tournament 2026,,3643980,Round One,12467263,SDC,64/2,12501626,Real Sledgers,68/1,Toss: Real Sledgers opt to field,7 wickets,Real Sledgers,Resulted,0,0,2026-09-01T20:30:29.296971+00:00
22548182,Limited Overs,LEATHER,past,2026-02-21T02:21:19.000Z,3003,Pune,406981,"30YCA Cricket Ground, Chandkhed",1608220,30YCA Supermacy Cup S7.0 ( White Ball T20),,3111836,League Matches,10871383,Braveheart Corporate Cricket Club,176/5,2223945,Life Republic Royals,111/8,Toss: Life Republic Royals opt to field,65 runs,Braveheart Corporate Cricket Club,Resulted,0,0,2026-09-01T20:30:29.296971+00:00
22548443,Limited Overs,TENNIS,past,2026-02-22T01:22:47.000Z,3003,Pune,1067197, eden park,,,,,,11322242,Rising GW 11,124/6,10966034,NitroJains CC,128/6,Toss: NitroJains CC opt to field,4 wickets,NitroJains CC,Resulted,0,0,2026-09-01T20:30:29.296971+00:00
22549736,Limited Overs,TENNIS,past,2026-02-20T17:17:10.000Z,3003,Pune,766870,Cricket Haven Sport Club,1831406,VANSH SPORTS T10 DAY N NIGHT CRICKET TOURNAMENT ,,3646198,League Matches,6830244,IVORY STRIKERS,96/5,6436413,SAHYADRI TREKKERS,99/3,Toss: IVORY STRIKERS opt to bat,7 wickets,SAHYADRI TREKKERS,Resulted,0,0,2026-09-01T20:30:29.296971+00:00
22570445,Limited Overs,TENNIS,past,2026-02-19T01:38:03.000Z,3003,Pune,343490,"Pune Cricket Club, Wagholi",,,,,,7516799,RA Challengers,148/6,9438942,Falcons,154/3,Toss: RA Challengers opt to bat,7 wickets,Falcons,Resulted,0,0,2026-09-01T20:30:29.296971+00:00
22583940,Limited Overs,LEATHER,past,2026-02-21T01:54:00.000Z,3003,Pune,427292,SILVER CRICKET ACADAMY - CHIKHALI,1141318,KPL  Match ,,2191835,Super Knockout,6369927,Pune Fighters Cricket Club,195/7,12516273,Combine Team,190/9,Toss: Pune Fighters Cricket Club opt to bat,5 runs,Pune Fighters Cricket Club,Resulted,0,0,2026-09-01T20:30:29.296971+00:00
22585942,Limited Overs,TENNIS,past,2026-02-21T07:40:45.000Z,3003,Pune,177277,Spark A2 Ground,1831406,VANSH SPORTS T10 DAY N NIGHT CRICKET TOURNAMENT ,,3646198,League Matches,4021809,GVR XI,138/2,6830244,IVORY STRIKERS,60/9,Toss: IVORY STRIKERS opt to field,78 runs,GVR XI,Resulted,0,0,2026-09-01T20:30:29.296971+00:00
22589246,Limited Overs,TENNIS,past,2026-02-20T01:40:41.000Z,3003,Pune,25806,"Masters Cricket Club Ground, Kolwadi",,,,,,8967314,RA Spartans,74/7,3264758,RA Hustlers,79/7,Toss: RA Spartans opt to bat,3 wickets,RA Hustlers,Resulted,0,0,2026-09-01T20:30:29.296971+00:00
22589328,Limited Overs,TENNIS,past,2026-02-21T01:47:07.000Z,3003,Pune,25806,"Masters Cricket Club Ground, Kolwadi",,,,,,7499674,Purvanchal Hunters,62/10,8967314,RA Spartans,63/2,Toss: Purvanchal Hunters opt to bat,8 wickets,RA Spartans,Resulted,0,0,2026-09-01T20:30:29.296971+00:00
22591264,Limited Overs,TENNIS,past,2026-02-19T15:43:01.000Z,3003,Pune,744485,A to Z CRICKET GROUND LAVALE,,,,,,12279487,Radiant Royals,146/1,10680026,GSB Titans,133/5,Toss: Radiant Royals opt to bat,13 runs,Radiant Royals,Resulted,0,0,2026-09-01T20:30:29.296971+00:00
22592751,Limited Overs,TENNIS,past,2026-02-19T17:15:46.000Z,19989,Gurugram ( Gurgaon ),1115572,Mxg,,,,,,10680026,GSB Titans,43/10,12279487,Radiant Royals,47/1,Toss: GSB Titans opt to bat,9 wickets,Radiant Royals,Resulted,0,0,2026-09-01T20:30:29.296971+00:00
22593494,Limited Overs,TENNIS,past,2026-02-19T18:10:19.000Z,3003,Pune,1021453,A2Z Lavale,,,,,,12279487,Radiant Royals,65/3,10680026,GSB Titans,44/3,Toss: Radiant Royals opt to bat,21 runs,Radiant Royals,Resulted,0,0,2026-09-01T20:30:29.296971+00:00
22593892,Limited Overs,LEATHER,past,2026-02-28T08:47:11.000Z,3003,Pune,964544,Lords of Mawal,1592499,DY PATIL CUP SEASON 1 ,,3084454,League Matches,7239262,DEFINITE XI,125/8,6914624,Elites 11,126/0,Toss: DEFINITE XI opt to bat,10 wickets,Elites 11,Resulted,0,0,2026-09-01T20:30:29.296971+00:00
22595833,Limited Overs,TENNIS,past,2026-02-21T02:25:36.000Z,3003,Pune,423038,Shree Chatrapati Shivaji Maharaj International Stadium  Warje,1862845,Tennis Champions League (Season 2),,3653077,League Matches,8729797,PGN11,100/6,9149214,GWCC,43/9,Toss: PGN11 opt to bat,57 runs,PGN11,Resulted,0,0,2026-09-01T20:30:29.296971+00:00
22595898,Limited Overs,TENNIS,past,2026-02-21T08:02:56.000Z,3003,Pune,423038,Shree Chatrapati Shivaji Maharaj International Stadium  Warje,1862845,Tennis Champions League (Season 2),,3653077,League Matches,9149214,GWCC,66/9,12519701,THE UNDERDOGS,68/6,Toss: GWCC opt to bat,4 wickets,THE UNDERDOGS,Resulted,0,0,2026-09-01T20:30:29.296971+00:00
22598222,Limited Overs,TENNIS,past,2026-02-21T02:40:40.000Z,3003,Pune,736969,"PPS, Pune",,,,,,12539277,Team GECIA,155/6,12389833,Megapolis Eleven,147/7,Toss: Team GECIA opt to bat,8 runs,Team GECIA,Resulted,0,0,2026-09-01T20:30:29.296971+00:00
22598257,Limited Overs,TENNIS,past,2026-02-21T04:07:01.000Z,3003,Pune,736969,"PPS, Pune",,,,,,12539277,Team GECIA,164/9,12389833,Megapolis Eleven,148/5,Toss: Megapolis Eleven opt to field,16 runs,Team GECIA,Resulted,0,0,2026-09-01T20:30:29.296971+00:00
22606946,Limited Overs,TENNIS,past,2026-02-21T03:15:31.000Z,3003,Pune,19790,DNC,1152117,CORPORATE PREMIER LEAGUE 2024-2026,,2214824,League Matches,11264251,Destiny Warriors 2.0,89/7,11309501,Vertical Oriana 3.0,93/7,Toss: Destiny Warriors 2.0 opt to bat,3 wickets,Vertical Oriana 3.0,Resulted,0,0,2026-09-01T20:30:29.296971+00:00
22612340,Limited Overs,TENNIS,past,2026-02-21T09:07:23.000Z,3003,Pune,177277,Spark A2 Ground,1831406,VANSH SPORTS T10 DAY N NIGHT CRICKET TOURNAMENT ,,3646198,League Matches,6830244,IVORY STRIKERS,159/8,12256276,Fire 11,161/2,Toss: IVORY STRIKERS opt to bat,8 wickets,Fire 11,Resulted,0,0,2026-09-01T20:30:29.296971+00:00
22612676,Limited Overs,LEATHER,past,2026-03-15T06:10:48.000Z,3003,Pune,242457,Hajare Sports Club,1649954,DY PATIL CORPORATE LEAGUE SEASON 2 ,,3191586,League Matches,6213017,Sarvottam Strikers,117/10,2765155,CricUnited XI,121/1,Toss: CricUnited XI opt to field,9 wickets,CricUnited XI,Resulted,0,0,2026-09-01T20:30:29.296971+00:00
22613062,Limited Overs,LEATHER,past,2026-04-04T05:51:20.000Z,3003,Pune,242457,Hajare Sports Club,1649954,DY PATIL CORPORATE LEAGUE SEASON 2 ,,3191586,League Matches,10922659,S.I Warriors,161/6 & 10/0,2765155,CricUnited XI,161/3 & 9/0,Toss: S.I Warriors opt to bat,Match Tied (S.I Warriors won the super over),S.I Warriors,Resulted,0,1,2026-09-01T20:30:29.296971+00:00
22617152,Limited Overs,TENNIS,past,2026-02-21T02:15:42.000Z,2796,Dehu Road,1105135,Sspl Ground 3,1840626,SSPL T-20 SATURDAY SEASON 09,,3574404,League Matches,9769921,Swarajya,208/7,285804,Silverland SuperGiants,176/10,Toss: Swarajya opt to bat,32 runs,Swarajya,Resulted,0,0,2026-09-01T20:30:29.296971+00:00
22622448,Box Cricket,TENNIS,past,2026-03-14T14:03:35.000Z,3003,Pune,211582,Phoenix Arena,1870943,Sai Paradise Premier League - Season 1,,3640780,League Matches,12536298,Sai Purandar pioneers,128/4,12498095,Sai Pratapgad Panthers,126/0,Toss: Sai Pratapgad Panthers opt to field,2 runs,Sai Purandar pioneers,Resulted,0,0,2026-09-01T20:30:29.296971+00:00
22626468,Limited Overs,LEATHER,past,2026-02-21T07:59:36.000Z,3003,Pune,73718,Vdr 2,,,,,,11062742,Strike Alliance,169/10,11880057,HCL Pitch Pirates,158/10,Toss: Strike Alliance opt to bat,11 runs,Strike Alliance,Resulted,0,0,2026-09-01T20:30:29.296971+00:00
22636867,Limited Overs,TENNIS,past,2026-02-22T01:51:58.000Z,3003,Pune,78229,ROCK 27 SPORTS ACADEMY GROUND,,,,,,8967314,RA Spartans,240/4,6870393,Predators,130/8,Toss: RA Spartans opt to bat,110 runs,RA Spartans,Resulted,0,0,2026-09-01T20:30:29.296971+00:00
22642039,Limited Overs,TENNIS,past,2026-02-22T02:21:23.000Z,3003,Pune,423038,Shree Chatrapati Shivaji Maharaj International Stadium  Warje,1862845,Tennis Champions League (Season 2),,3653077,League Matches,12506634,NaMo11,89/2,9149214,GWCC,42/7,Toss: NaMo11 opt to bat,47 runs,NaMo11,Resulted,0,0,2026-09-01T20:30:29.296971+00:00
22643180,Limited Overs,TENNIS,past,2026-02-22T01:40:46.000Z,3003,Pune,343490,"Pune Cricket Club, Wagholi",,,,,,7499674,Purvanchal Hunters,117/7,9438942,Falcons,120/4,Toss: Falcons opt to field,6 wickets,Falcons,Resulted,0,0,2026-09-01T20:30:29.296971+00:00
22650001,Limited Overs,TENNIS,past,2026-02-22T02:54:14.000Z,3003,Pune,197108,Darumbre ११ cricket ground,,,,,,9159082,Rajgad Warriors,107/7,6265354,SHILEDAAR 11,108/3,Toss: Rajgad Warriors opt to bat,7 wickets,SHILEDAAR 11,Resulted,0,0,2026-09-01T20:30:29.296971+00:00
22656335,Limited Overs,TENNIS,past,2026-02-22T04:45:25.000Z,3003,Pune,197108,Darumbre ११ cricket ground,,,,,,6265354,SHILEDAAR 11,147/6,9159082,Rajgad Warriors,72/10,Toss: SHILEDAAR 11 opt to bat,75 runs,SHILEDAAR 11,Resulted,0,0,2026-09-01T20:30:29.296971+00:00
22659862,Box Cricket,TENNIS,past,2026-02-22T06:02:31.000Z,2782,Chinchwad,1116017,sps sports turf,1878362,box bash league,,3655471,League Matches,4046863,HINDAVI SWARAJYA,30/3,6925292,Team Error,34/2,Toss: Team Error opt to field,5 wickets,Team Error,Resulted,0,0,2026-09-01T20:30:29.296971+00:00
22663036,Box Cricket,TENNIS,past,2026-02-22T07:00:42.000Z,2782,Chinchwad,1116017,sps sports turf,1878362,box bash league,,3655471,League Matches,12551607,Aura strikers,44/4,4046863,HINDAVI SWARAJYA,48/0,Toss: Aura strikers opt to bat,7 wickets,HINDAVI SWARAJYA,Resulted,0,0,2026-09-01T20:30:29.296971+00:00
22665942,Box Cricket,TENNIS,past,2026-02-22T08:14:39.000Z,2782,Chinchwad,1116017,sps sports turf,1878362,box bash league,,3663675,Quarter Final,4046863,HINDAVI SWARAJYA,44/7,12547819,IVY LEAGUE HOUSE,45/2,Toss: IVY LEAGUE HOUSE opt to field,5 wickets,IVY LEAGUE HOUSE,Resulted,0,0,2026-09-01T20:30:29.296971+00:00
22679682,Limited Overs,TENNIS,past,2026-03-08T01:25:49.000Z,3003,Pune,114039,Club Chrysallis,1542723,Arezo Season 2025-2026,,3100792,League Matches,5862784,The Warriors,171/11,4973114,LR Arezo Kings,175/8,Toss: The Warriors opt to bat,3 wickets,LR Arezo Kings,Resulted,0,0,2026-09-01T20:30:29.296971+00:00
22682577,Limited Overs,LEATHER,past,2026-03-08T06:10:00.000Z,3003,Pune,999239,Chhatrapati Shivaji Maharaj Cricket Club,1618443,CSMCC CHAMPIONS TROPHY ,,3553335,League Matches,7889026,Dynamite Xl,151/6,2223945,Life Republic Royals,152/8,Toss: Dynamite Xl opt to bat,2 wickets,Life Republic Royals,Resulted,0,0,2026-09-01T20:30:29.296971+00:00
22682615,Limited Overs,LEATHER,past,2026-03-15T06:00:00.000Z,3003,Pune,999239,Chhatrapati Shivaji Maharaj Cricket Club,1618443,CSMCC CHAMPIONS TROPHY ,,3553335,League Matches,2223945,Life Republic Royals,125/10,563713,United Cricket Club,101/10,Toss: United Cricket Club opt to field,24 runs,Life Republic Royals,Resulted,0,0,2026-09-01T20:30:29.296971+00:00
22688588,Limited Overs,LEATHER,past,2026-03-07T05:10:00.000Z,3003,Pune,282913,Cricathon Cricket Ground,1187852,Cricathon Premier League Season 3,,3038988,Semi Final,2765155,CricUnited XI,132/10,2694211,Old Monks,117/10,Toss: CricUnited XI opt to bat,15 runs,CricUnited XI,Resulted,0,0,2026-09-01T20:30:29.296971+00:00
22688853,Limited Overs,TENNIS,past,2026-02-24T01:43:20.000Z,3003,Pune,343490,"Pune Cricket Club, Wagholi",,,,,,9438942,Falcons,178/4,10657367,PUNE RAIDERS CLUB,184/5,Toss: PUNE RAIDERS CLUB opt to field,4 wickets,PUNE RAIDERS CLUB,Resulted,0,0,2026-09-01T20:30:29.296971+00:00
22689852,Limited Overs,TENNIS,past,2026-03-20T01:33:16.000Z,3003,Pune,242457,Hajare Sports Club,1883756,Hattrick Showdown Championship ,,3667826,League Matches,12064759,The Voyagers,80/10,4163751,Ocean Blues,86/5,Toss: Ocean Blues opt to field,5 wickets,Ocean Blues,Resulted,0,0,2026-09-01T20:30:29.296971+00:00
22692161,Limited Overs,LEATHER,past,2026-02-28T02:25:01.000Z,3003,Pune,406981,"30YCA Cricket Ground, Chandkhed",1736626,30YCA Corporate Premier league 4.0,,3363059,League Matches,2405733,Pune Titans,196/7,4323345,Horizons Cricket Club,114/10,Toss: Pune Titans opt to bat,82 runs,Pune Titans,Resulted,0,0,2026-09-01T20:30:29.296971+00:00
22692428,Limited Overs,LEATHER,past,2026-03-01T02:32:07.000Z,3003,Pune,406981,"30YCA Cricket Ground, Chandkhed",1718722,30YCA SPIN & SMASH  2.0,,3325544,League Matches,6356807,Cap Crusaders,163/8,2430970,Fighters Cricket Club,112/10,Toss: Fighters Cricket Club opt to field,51 runs,Cap Crusaders,Resulted,0,0,2026-09-01T20:30:29.296971+00:00
22695332,Limited Overs,TENNIS,past,2026-03-07T01:30:00.000Z,3003,Pune,114039,Club Chrysallis,1542723,Arezo Season 2025-2026,,3100792,League Matches,6038234,HCA Challengers,155/5,4973114,LR Arezo Kings,106/10,Toss: LR Arezo Kings opt to field,49 runs,HCA Challengers,Resulted,0,0,2026-09-01T20:30:29.296971+00:00
22704439,Limited Overs,TENNIS,past,2026-02-27T01:40:52.000Z,3003,Pune,334600,MCG Cricket Ground,,,,,,3694193,Old Monk Xl Cricket Club,136/4,3730854,Sahyadri Warriors,103/7,Toss: Sahyadri Warriors opt to field,33 runs,Old Monk Xl Cricket Club,Resulted,0,0,2026-09-01T20:30:29.296971+00:00
22711538,Limited Overs,LEATHER,past,2026-02-24T14:14:51.000Z,3003,Pune,282913,Cricathon Cricket Ground,1784457,Cricathon Jatayu Cup Weekday Night T20 ,,3488050,League Matches,1176135,TPL Dominators,139/6,2223945,Life Republic Royals,140/3,Toss: TPL Dominators opt to bat,7 wickets,Life Republic Royals,Resulted,0,0,2026-09-01T20:30:29.296971+00:00
22734552,Limited Overs,TENNIS,past,2026-02-26T02:44:57.000Z,3003,Pune,1073391,Loards of Maval,1762803,LR Fearless Fighters Season I,,3412509,League Matches,5146670,LR Fearless Fighters,113/3,12190563,DS_Simulia_Strikers,69/3,Toss: LR Fearless Fighters opt to bat,44 runs,LR Fearless Fighters,Resulted,0,0,2026-09-01T20:30:29.296971+00:00
22739567,Limited Overs,LEATHER,past,2026-02-26T08:37:00.000Z,3003,Pune,48990,Shree  Samarth Cricket Ground,,,,,,8051352,Star 11,177/7,6523996,SuperKings Cricket Club,49/10,Toss: Star 11 opt to bat,128 runs,Star 11,Resulted,0,0,2026-09-01T20:30:29.296971+00:00
22741124,Limited Overs,LEATHER,past,2026-03-14T16:27:06.000Z,3003,Pune,456738,"30YCA Spark Cricket Ground, Jambhe",1718722,30YCA SPIN & SMASH  2.0,,3325544,League Matches,6356807,Cap Crusaders,250/9,7917374,Night Riders,227/5,Toss: Night Riders opt to field,23 runs,Cap Crusaders,Resulted,0,0,2026-09-01T20:30:29.296971+00:00
22742270,Limited Overs,TENNIS,past,2026-02-27T01:44:52.000Z,3003,Pune,25806,"Masters Cricket Club Ground, Kolwadi",,,,,,3264758,RA Hustlers,104/8,8967314,RA Spartans,105/6,Toss: RA Hustlers opt to bat,4 wickets,RA Spartans,Resulted,0,0,2026-09-01T20:30:29.296971+00:00
22742780,Limited Overs,TENNIS,past,2026-02-28T01:39:09.000Z,3003,Pune,6853,Infinity Cricket Ground,,,,,,10966034,NitroJains CC,144/5,12285314,Epam CC,143/9,Toss: Epam CC opt to field,1 run,NitroJains CC,Resulted,0,0,2026-09-01T20:30:29.296971+00:00
22746267,Limited Overs,TENNIS,past,2026-03-07T01:19:08.000Z,3003,Pune,574730,30YCA Spark A2 Cricket Ground,,,,,,3011151,Destiny Believers,205/2,11656889,Signature Strikers,39/10,Toss: Destiny Believers opt to bat,166 runs,Destiny Believers,Resulted,0,0,2026-09-01T20:30:29.296971+00:00
22754100,Limited Overs,TENNIS,past,2026-03-01T03:46:49.000Z,3003,Pune,343490,"Pune Cricket Club, Wagholi",,,,,,7516799,RA Challengers,196/3,9438942,Falcons,101/10,Toss: RA Challengers opt to bat,95 runs,RA Challengers,Resulted,0,0,2026-09-01T20:30:29.296971+00:00
22757100,Limited Overs,TENNIS,past,2026-04-01T01:38:57.000Z,3003,Pune,987380,"Lords Of Mulshi, Kasarsai",,,,,,5425634,Swarajya,95/5,3694193,Old Monk Xl Cricket Club,96/5,Toss: Old Monk Xl Cricket Club opt to field,5 wickets,Old Monk Xl Cricket Club,Resulted,0,0,2026-09-01T20:30:29.296971+00:00
22757807,Limited Overs,TENNIS,past,2026-03-20T01:31:59.000Z,3003,Pune,6853,Infinity Cricket Ground,1363924,Performance League ,,2629026,League Matches,3636749,CricMasters,137/8,9646363,Overtime Hitters,132/8,Toss: Overtime Hitters opt to field,5 runs,CricMasters,Resulted,0,0,2026-09-01T20:30:29.296971+00:00
22764242,Limited Overs,TENNIS,past,2026-03-01T01:39:47.000Z,3003,Pune,19790,DNC,1152117,CORPORATE PREMIER LEAGUE 2024-2026,,2214824,League Matches,12190636,Weekend Legends 2.0,113/5,12622404,Vertical Oriana 4.0,79/10,Toss: Vertical Oriana 4.0 opt to field,34 runs,Weekend Legends 2.0,Resulted,0,0,2026-09-01T20:30:29.296971+00:00
22778059,Limited Overs,LEATHER,past,2026-03-03T13:59:00.000Z,3003,Pune,282913,Cricathon Cricket Ground,1784457,Cricathon Jatayu Cup Weekday Night T20 ,,3488050,League Matches,2223945,Life Republic Royals,241/9,12594444,Sky Dominators,139/9,Toss: Life Republic Royals opt to bat,102 runs,Life Republic Royals,Resulted,0,0,2026-09-01T20:30:29.296971+00:00
22780308,Limited Overs,TENNIS,past,2026-02-28T05:20:22.000Z,2782,Chinchwad,1105135,Sspl Ground 3,1840626,SSPL T-20 SATURDAY SEASON 09,,3574404,League Matches,285804,Silverland SuperGiants,175/7,11502653,Divine fighters Sspl,177/8,Toss: Silverland SuperGiants opt to bat,2 wickets,Divine fighters Sspl,Resulted,0,0,2026-09-01T20:30:29.296971+00:00
22791968,Limited Overs,TENNIS,past,2026-03-01T02:20:11.000Z,3003,Pune,332481,"Blueridge, Hinjewadi",,,,,,12632596,Blue Amit 11,226/7,12631832,Blue Deepak 11,131/9,Toss: Blue Deepak 11 opt to field,95 runs,Blue Amit 11,Resulted,0,0,2026-09-01T20:30:29.296971+00:00
22800305,Limited Overs,TENNIS,past,2026-03-01T01:45:05.000Z,3003,Pune,964544,Lords of Mawal,,,,,,1619040,R-ONE WhiteSHARKS,108/10,5146670,LR Fearless Fighters,110/4,Toss: R-ONE WhiteSHARKS opt to bat,6 wickets,LR Fearless Fighters,Resulted,0,0,2026-09-01T20:30:29.296971+00:00
22805252,Limited Overs,TENNIS,past,2026-03-01T01:41:00.000Z,3003,Pune,1122483,Chatrapati Shivaji Maharaj Cricket Ground Warje,,,,,,9149214,GWCC,100/4,8493839,Luxor Mohannagar,103/7,Toss: GWCC opt to bat,3 wickets,Luxor Mohannagar,Resulted,0,0,2026-09-01T20:30:29.296971+00:00
22844546,Limited Overs,TENNIS,past,2026-03-08T01:41:13.000Z,3003,Pune,50846,VDR 3 Ground,,,,,,5997495,Rising Warriors Pune,214/5,10966034,NitroJains CC,150/8,Toss: NitroJains CC opt to field,64 runs,Rising Warriors Pune,Resulted,0,0,2026-09-01T20:30:29.296971+00:00
22845469,Limited Overs,LEATHER,past,2026-03-07T04:24:00.000Z,3003,Pune,1112149,Aryans Cricket Academy Magarpatta,1861129,VDR Trophy,,3692225,League Matches,11880057,HCL Pitch Pirates,152/9,1098308,Om Cricket Club (Pune),156/1,Toss: HCL Pitch Pirates opt to bat,9 wickets,Om Cricket Club (Pune),Resulted,0,0,2026-09-01T20:30:29.296971+00:00
22846789,Limited Overs,LEATHER,past,2026-03-07T08:52:41.000Z,3003,Pune,220312,Urawde,1669277,Phoenix Corporate League ,,3284544,League Matches,7599313,Black Caps 11,115/10,9719097,TRIDENTS CRICKET CLUB,119/6,Toss: Black Caps 11 opt to bat,4 wickets,TRIDENTS CRICKET CLUB,Resulted,0,0,2026-09-01T20:30:29.296971+00:00
22849334,Limited Overs,TENNIS,past,2026-03-10T11:31:16.000Z,3003,Pune,439566,"Embassy TechZone Cricket Ground, Hinjewadi",1865427,VW Cricket Tournament 2026,,3692725,Round Two,12501367,Team Virtus,100/2,12501626,Real Sledgers,60/4,Toss: Real Sledgers opt to field,40 runs,Team Virtus,Resulted,0,0,2026-09-01T20:30:29.296971+00:00
22853359,Limited Overs,TENNIS,past,2026-03-11T01:42:39.000Z,3003,Pune,766870,Cricket Haven Sport Club,1892711,YODDHAS CHAMPIONSHIP SEASON 2,,3693504,League Matches,3694193,Old Monk Xl Cricket Club,141/7,3085833,Chhatrapati Smashers,143/2,Toss: Chhatrapati Smashers opt to field,8 wickets,Chhatrapati Smashers,Resulted,0,0,2026-09-01T20:30:29.296971+00:00
22853361,Limited Overs,TENNIS,past,2026-03-04T01:43:12.000Z,3003,Pune,766870,Cricket Haven Sport Club,1892711,YODDHAS CHAMPIONSHIP SEASON 2,,3693504,League Matches,3694193,Old Monk Xl Cricket Club,102/9,12646127,BR Bulls,105/8,Toss: BR Bulls opt to field,2 wickets,BR Bulls,Resulted,0,0,2026-09-01T20:30:29.296971+00:00
22853367,Limited Overs,TENNIS,past,2026-03-20T01:38:39.000Z,3003,Pune,766870,Cricket Haven Sport Club,1892711,YODDHAS CHAMPIONSHIP SEASON 2,,3693504,League Matches,2698730,KS Avengers,135/10,3694193,Old Monk Xl Cricket Club,118/7,Toss: Old Monk Xl Cricket Club opt to field,17 runs,KS Avengers,Resulted,0,0,2026-09-01T20:30:29.296971+00:00
22874698,Limited Overs,TENNIS,past,2026-03-07T01:22:47.000Z,3003,Pune,5062,Vision Cricket Academy Ground,,,,,,2681274,Khadki Royals,45/6,5231304,Vision United,46/5,Toss: Khadki Royals opt to bat,5 wickets,Vision United,Resulted,0,0,2026-09-01T20:30:29.296971+00:00
22874720,Limited Overs,TENNIS,past,2026-03-07T02:28:03.000Z,3003,Pune,5062,Vision Cricket Academy Ground,,,,,,5231304,Vision United,91/4,2681274,Khadki Royals,65/4,Toss: Vision United opt to bat,26 runs,Vision United,Resulted,0,0,2026-09-01T20:30:29.296971+00:00
22884892,Limited Overs,TENNIS,past,2026-03-16T01:31:49.000Z,3003,Pune,1042424,Lord of Mulshi,1762803,LR Fearless Fighters Season I,,3412509,League Matches,5146670,LR Fearless Fighters,167/3,9122285,POWER PANTHERS,119/10,Toss: POWER PANTHERS opt to field,48 runs,LR Fearless Fighters,Resulted,0,0,2026-09-01T20:30:29.296971+00:00
22884945,Limited Overs,TENNIS,past,2026-03-09T01:33:04.000Z,3003,Pune,1042424,Lord of Mulshi,1762803,LR Fearless Fighters Season I,,3412509,League Matches,5146670,LR Fearless Fighters,140/6,12286326,LR Yoddhas,130/8,Toss: LR Yoddhas opt to field,10 runs,LR Fearless Fighters,Resulted,0,0,2026-09-01T20:30:29.296971+00:00
22884963,Limited Overs,TENNIS,past,2026-03-12T01:36:15.000Z,3003,Pune,1042424,Lord of Mulshi,1762803,LR Fearless Fighters Season I,,3412509,League Matches,5146670,LR Fearless Fighters,189/6,11011589,Airbenders Elite,170/8,Toss: Airbenders Elite opt to field,19 runs,LR Fearless Fighters,Resulted,0,0,2026-09-01T20:30:29.296971+00:00
22890036,Limited Overs,LEATHER,past,2026-03-07T12:05:01.000Z,3003,Pune,448702,30YCA Cricket Ground(Spark) Jambhe,1889067,30YCA Summer Shield 4.0,,3699191,League Matches,12654499,SJSF MEN,176/8,2223945,Life Republic Royals,152/9,Toss: SJSF MEN opt to bat,24 runs (All out),SJSF MEN,Resulted,0,0,2026-09-01T20:30:29.296971+00:00
22895717,Limited Overs,TENNIS,past,2026-03-07T06:39:00.000Z,3003,Pune,64537,DN Parande,1899535,PWC Triseries,,3700436,League Matches,12406616,Cricketers,71/4,10377386,Atlantis Warriors,72/5,Toss: Cricketers opt to bat,5 wickets,Atlantis Warriors,Resulted,0,0,2026-09-01T20:30:29.296971+00:00
22895719,Limited Overs,TENNIS,past,2026-03-07T03:42:32.000Z,3003,Pune,64537,DN Parande,1899535,PWC Triseries,,3700436,League Matches,12679779,Wellington Fighters,94/5,10377386,Atlantis Warriors,94/6,Toss: Atlantis Warriors opt to field,Tie,,Tie,0,0,2026-09-01T20:30:29.296971+00:00
22897124,Limited Overs,TENNIS,past,2026-04-05T01:31:28.000Z,3003,Pune,767694,Four Star Cricket Ground,1884958,Big4 Challenger,,3700742,League Matches,9646363,Overtime Hitters,79/10,2058434,Tinsel County,80/4,Toss: Tinsel County opt to field,6 wickets,Tinsel County,Resulted,0,0,2026-09-01T20:30:29.296971+00:00
22897158,Limited Overs,TENNIS,past,2026-04-11T01:26:23.000Z,3003,Pune,767694,Four Star Cricket Ground,1884958,Big4 Challenger,,3700742,League Matches,9646363,Overtime Hitters,105/10,2201572,Yashwin Hinjawadi,108/5,Toss: Yashwin Hinjawadi opt to field,5 wickets,Yashwin Hinjawadi,Resulted,0,0,2026-09-01T20:30:29.296971+00:00
22897199,Limited Overs,TENNIS,past,2026-04-19T01:35:07.000Z,3003,Pune,767694,Four Star Cricket Ground,1884958,Big4 Challenger,,3700742,League Matches,2894771,Deadly Boyz,89/10,9646363,Overtime Hitters,93/4,Toss: Deadly Boyz opt to bat,6 wickets,Overtime Hitters,Resulted,0,0,2026-09-01T20:30:29.296971+00:00
22898885,Limited Overs,TENNIS,past,2026-03-07T17:23:05.000Z,3003,Pune,1080953,"Spark A1 Cricket Ground, Jambhe",1831406,VANSH SPORTS T10 DAY N NIGHT CRICKET TOURNAMENT ,,3646198,League Matches,6830244,IVORY STRIKERS,81/6,8127765,Monarch Challengers,85/1,Toss: IVORY STRIKERS opt to bat,9 wickets,Monarch Challengers,Resulted,0,0,2026-09-01T20:30:29.296971+00:00
22905859,Limited Overs,LEATHER,past,2026-03-15T13:18:00.000Z,3003,Pune,456738,"30YCA Spark Cricket Ground, Jambhe",1251448,30YCA TItans Cup ,,3701858,Semi Final,2223945,Life Republic Royals,125/10,4966429,DRAGONS Cricket Club,129/7,Toss: Life Republic Royals opt to bat,3 wickets,DRAGONS Cricket Club,Resulted,0,0,2026-09-01T20:30:29.296971+00:00
22906104,Limited Overs,LEATHER,past,2026-03-07T02:11:09.000Z,3003,Pune,406981,"30YCA Cricket Ground, Chandkhed",1889067,30YCA Summer Shield 4.0,,3699191,League Matches,4344757,Shankaracharya Apex,122/8,4323345,Horizons Cricket Club,76/10,Toss: Shankaracharya Apex opt to bat,46 runs,Shankaracharya Apex,Resulted,0,0,2026-09-01T20:30:29.296971+00:00
22910870,Limited Overs,TENNIS,past,2026-03-06T01:48:28.000Z,3003,Pune,25806,"Masters Cricket Club Ground, Kolwadi",,,,,,3264758,RA Hustlers,133/5,8967314,RA Spartans,105/8,Toss: RA Hustlers opt to bat,28 runs,RA Hustlers,Resulted,0,0,2026-09-01T20:30:29.296971+00:00
22920712,Limited Overs,LEATHER,past,2026-03-14T05:33:09.000Z,3003,Pune,406981,"30YCA Cricket Ground, Chandkhed",1889067,30YCA Summer Shield 4.0,,3699191,League Matches,2430970,Fighters Cricket Club,148/10,2223945,Life Republic Royals,149/5,Toss: Fighters Cricket Club opt to bat,5 wickets,Life Republic Royals,Resulted,0,0,2026-09-01T20:30:29.296971+00:00
22925865,Limited Overs,TENNIS,past,2026-03-08T10:13:11.000Z,3003,Pune,19790,DNC,1152117,CORPORATE PREMIER LEAGUE 2024-2026,,2214824,League Matches,11309501,Vertical Oriana 3.0,107/8,11309552,SAS 5.0,110/3,Toss: Vertical Oriana 3.0 opt to bat,7 wickets,SAS 5.0,Resulted,0,0,2026-09-01T20:30:29.296971+00:00
22927001,Limited Overs,LEATHER,past,2026-03-06T13:44:00.000Z,3003,Pune,313027,Spark Cricket Ground A1,,,,,,7917374,Night Riders,161/7,9175480,Glory Cricket Club,162/7,Toss: Night Riders opt to bat,3 wickets,Glory Cricket Club,Resulted,0,0,2026-09-01T20:30:29.296971+00:00
22928135,Limited Overs,TENNIS,past,2026-03-08T03:46:42.000Z,3003,Pune,343490,"Pune Cricket Club, Wagholi",,,,,,10657367,PUNE RAIDERS CLUB,146/9,9438942,Falcons,136/3,Toss: Falcons opt to field,8 wickets DLS method — match reduced to 14.0 overs. Target 135,Falcons,Resulted,1,0,2026-09-01T20:30:29.296971+00:00
22931751,Limited Overs,TENNIS,past,2026-03-07T04:16:34.000Z,3003,Pune,214029,Forza Football,1902752,Forza Q1 2026 ,,3705894,League Matches,12699087,Team Vinod,79/1,12699136,Team Vinay,80/1,Toss: Team Vinay opt to field,6 wickets,Team Vinay,Resulted,0,0,2026-09-01T20:30:29.296971+00:00
22931781,Limited Overs,TENNIS,past,2026-03-07T05:47:56.000Z,3003,Pune,214029,Forza Football,1902752,Forza Q1 2026 ,,3705894,League Matches,12699136,Team Vinay,72/3,12699159,Team Ritik,74/2,Toss: Team Ritik opt to field,5 wickets,Team Ritik,Resulted,0,0,2026-09-01T20:30:29.296971+00:00
22931818,Limited Overs,TENNIS,past,2026-03-07T08:51:09.000Z,3003,Pune,214029,Forza Football,1902752,Forza Q1 2026 ,,3705894,League Matches,12699136,Team Vinay,80/1,12699090,Team Onkar,69/3,Toss: Team Onkar opt to field,11 runs,Team Vinay,Resulted,0,0,2026-09-01T20:30:29.296971+00:00
22931837,Limited Overs,TENNIS,past,2026-03-07T10:38:41.000Z,3003,Pune,214029,Forza Football,1902752,Forza Q1 2026 ,,3705894,League Matches,12699136,Team Vinay,51/4,12699105,Team Shoeb,52/1,Toss: Team Shoeb opt to field,6 wickets,Team Shoeb,Resulted,0,0,2026-09-01T20:30:29.296971+00:00
22934906,Limited Overs,TENNIS,past,2026-03-07T01:39:43.000Z,3003,Pune,767694,Four Star Cricket Ground,,,,,,9122285,POWER PANTHERS,104/10,10966034,NitroJains CC,86/11,Toss: NitroJains CC opt to field,18 runs,POWER PANTHERS,Resulted,0,0,2026-09-01T20:30:29.296971+00:00
22935986,Limited Overs,TENNIS,past,2026-03-07T02:19:02.000Z,3003,Pune,222009,Vdr4,,,,,,11747489,Om Mangalam Cricket Club,144/10,285804,Silverland SuperGiants,150/6,Toss: Om Mangalam Cricket Club opt to bat,4 wickets,Silverland SuperGiants,Resulted,0,0,2026-09-01T20:30:29.296971+00:00
22943545,Limited Overs,LEATHER,past,2026-03-11T14:08:08.000Z,3003,Pune,282913,Cricathon Cricket Ground,1784457,Cricathon Jatayu Cup Weekday Night T20 ,,3488050,League Matches,2223945,Life Republic Royals,214/4,2141371,Cricathon Sports Club,108/10,Toss: Life Republic Royals opt to bat,106 runs,Life Republic Royals,Resulted,0,0,2026-09-01T20:30:29.296971+00:00
22948803,Limited Overs,TENNIS,past,2026-03-08T01:28:57.000Z,3003,Pune,59337,Sportsage Cricket Ground,1872783,Saturday Big Bash Season 02,,3645091,League Matches,8967314,RA Spartans,144/10,1623282,BFL STARS,145/5,Toss: BFL STARS opt to field,5 wickets,BFL STARS,Resulted,0,0,2026-09-01T20:30:29.296971+00:00
22951353,Limited Overs,TENNIS,past,2026-03-07T12:30:28.000Z,3003,Pune,214029,Forza Football,1902752,Forza Q1 2026 ,,3708647,Eliminator,12699136,Team Vinay,66/3,12699090,Team Onkar,61/6,Toss: Team Onkar opt to field,5 runs,Team Vinay,Resulted,0,0,2026-09-01T20:30:29.296971+00:00
22952424,Limited Overs,TENNIS,past,2026-03-07T13:24:19.000Z,3003,Pune,214029,Forza Football,1902752,Forza Q1 2026 ,,3708647,Eliminator,12699136,Team Vinay,48/6,12699105,Team Shoeb,49/2,Toss: Team Shoeb opt to field,5 wickets,Team Shoeb,Resulted,0,0,2026-09-01T20:30:29.296971+00:00
22957191,Limited Overs,TENNIS,past,2026-03-29T15:00:21.000Z,3003,Pune,982338,Cricathon Cricket Academy,1895946,ETL2,,3709669,League Matches,12660940,Desi Boys,66/6,12658258,Puneri Strikers,67/3,Toss: Puneri Strikers opt to field,7 wickets,Puneri Strikers,Resulted,0,0,2026-09-01T20:30:29.296971+00:00
22957194,Limited Overs,TENNIS,past,2026-04-04T12:57:00.000Z,3003,Pune,409398,Cricthon Cricket Ground,1895946,ETL2,,3709669,League Matches,12679090,Peshwa Power 11 (PPXI),88/5,12658258,Puneri Strikers,60/5,Toss: Peshwa Power 11 (PPXI) opt to bat,28 runs,Peshwa Power 11 (PPXI),Resulted,0,0,2026-09-01T20:30:29.296971+00:00
22957197,Limited Overs,TENNIS,past,2026-04-04T15:44:38.000Z,3003,Pune,982338,Cricathon Cricket Academy,1895946,ETL2,,3709669,League Matches,12658258,Puneri Strikers,56/6,11768349,Dhurandhar,57/6,Toss: Dhurandhar opt to field,4 wickets,Dhurandhar,Resulted,0,0,2026-09-01T20:30:29.296971+00:00
22957198,Limited Overs,TENNIS,past,2026-04-05T13:52:58.000Z,3003,Pune,409398,Cricthon Cricket Ground,1895946,ETL2,,3709669,League Matches,12670565,Satpura Tigers,74/3,12658258,Puneri Strikers,78/3,Toss: Satpura Tigers opt to bat,7 wickets,Puneri Strikers,Resulted,0,0,2026-09-01T20:30:29.296971+00:00
22963864,Limited Overs,TENNIS,past,2026-03-08T02:07:00.000Z,2796,Dehu Road,312530,VDR 4,,,,,,285804,Silverland SuperGiants,186/5,2485560,Enjoy Group,187/8,Toss: Enjoy Group opt to field,2 wickets,Enjoy Group,Resulted,0,0,2026-09-01T20:30:29.296971+00:00
22975017,Limited Overs,TENNIS,past,2026-03-08T05:28:52.000Z,3003,Pune,854287,Dange Chowk T20 League Ground-05,1898871,DCTL Season 21,,3704424,League Matches,11322242,Rising GW 11,160/7,4157731,MNC CRICKET CLUB DCTL T20,162/2,Toss: Rising GW 11 opt to bat,8 wickets,MNC CRICKET CLUB DCTL T20,Resulted,0,0,2026-09-01T20:30:29.296971+00:00
22975029,Limited Overs,TENNIS,past,2026-03-08T05:32:10.000Z,3003,Pune,1078598,Sports Arena Pune,,,,,,11846869,See cubic 11,121/6,11403591,Op 11,78/6,Toss: See cubic 11 opt to bat,43 runs,See cubic 11,Resulted,0,0,2026-09-01T20:30:29.296971+00:00
22997316,Limited Overs,TENNIS,past,2026-04-08T01:30:11.000Z,3003,Pune,767694,Four Star Cricket Ground,1897757,SCC Champions League ,,3714903,League Matches,9646363,Overtime Hitters,103/9,7927431,Sangria Cricket Club,105/6,Toss: Sangria Cricket Club opt to field,4 wickets,Sangria Cricket Club,Resulted,0,0,2026-09-01T20:30:29.296971+00:00
22997349,Limited Overs,TENNIS,past,2026-04-09T01:29:17.000Z,3003,Pune,767694,Four Star Cricket Ground,1897757,SCC Champions League ,,3714903,League Matches,9646363,Overtime Hitters,137/8,6708330,Bujurg 11,140/6,Toss: Bujurg 11 opt to field,4 wickets,Bujurg 11,Resulted,0,0,2026-09-01T20:30:29.296971+00:00
22997358,Limited Overs,TENNIS,past,2026-04-15T01:35:56.000Z,3003,Pune,767694,Four Star Cricket Ground,1897757,SCC Champions League ,,3714903,League Matches,9646363,Overtime Hitters,108/8,4509709,All Whites,112/4,Toss: All Whites opt to field,6 wickets,All Whites,Resulted,0,0,2026-09-01T20:30:29.296971+00:00
22997378,Limited Overs,TENNIS,past,2026-04-13T01:32:04.000Z,3003,Pune,767694,Four Star Cricket Ground,1897757,SCC Champions League ,,3714903,League Matches,2647568,Yashwin Stars,118/10,9646363,Overtime Hitters,62/10,Toss: Overtime Hitters opt to field,56 runs,Yashwin Stars,Resulted,0,0,2026-09-01T20:30:29.296971+00:00
23000518,Limited Overs,LEATHER,past,2026-03-21T05:55:00.000Z,3003,Pune,427292,SILVER CRICKET ACADAMY - CHIKHALI,1580018,Mahil Sports Presents KPL Mix Corporate T20 League Season 16,,3079317,Semi Final,6419468,Strikers United,124/10,2504072,V Edge,128/2,Toss: Strikers United opt to bat,8 wickets,V Edge,Resulted,0,0,2026-09-01T20:30:29.296971+00:00
23000665,Limited Overs,TENNIS,past,2026-03-14T01:43:37.000Z,3003,Pune,813354,CP farm kridangan,,,,,,8967314,RA Spartans,136/8,12587858,Thunder Strikers,126/9,Toss: RA Spartans opt to bat,10 runs,RA Spartans,Resulted,0,0,2026-09-01T20:30:29.296971+00:00
23004446,Limited Overs,TENNIS,past,2026-03-11T01:37:05.000Z,3003,Pune,343490,"Pune Cricket Club, Wagholi",,,,,,9438942,Falcons,137/8,4281259,Rohan Aryans,132/10,Toss: Falcons opt to bat,5 runs,Falcons,Resulted,0,0,2026-09-01T20:30:29.296971+00:00
23005462,Limited Overs,LEATHER,past,2026-03-21T13:01:00.000Z,3003,Pune,282913,Cricathon Cricket Ground,1288976,Cricathon Night Weekend S4 T20,,3716169,Quarter Final,6914624,Elites 11,187/4,2969837,Xtreme Cricket Club,120/7,Toss: Elites 11 opt to bat,67 runs,Elites 11,Resulted,0,0,2026-09-01T20:30:29.296971+00:00
23014759,Limited Overs,TENNIS,past,2026-03-13T01:40:00.000Z,3003,Pune,12485,Mulshi Cricket Ground,,,,,,3085833,Chhatrapati Smashers,222/3,5425634,Swarajya,217/5,Toss: Swarajya opt to field,5 runs,Chhatrapati Smashers,Resulted,0,0,2026-09-01T20:30:29.296971+00:00
23014930,Limited Overs,LEATHER,past,2026-03-22T05:36:00.000Z,3003,Pune,282913,Cricathon Cricket Ground,1531684,Cricathon Bigbash Cup T25 2025-2026 Season4,,3717446,Quarter Final,2223945,Life Republic Royals,135/10,2841995,Phoenix AAA,137/7,Toss: Life Republic Royals opt to bat,3 wickets,Phoenix AAA,Resulted,0,0,2026-09-01T20:30:29.296971+00:00
23035333,Limited Overs,TENNIS,past,2026-05-10T01:32:00.000Z,3003,Pune,1025297,RRR CRICKET GROUND BHUGAON,,,,,,11656889,Signature Strikers,120/9,6708330,Bujurg 11,122/0,Toss: Signature Strikers opt to bat,10 wickets,Bujurg 11,Resulted,0,0,2026-09-01T20:30:29.296971+00:00
23035451,Limited Overs,TENNIS,past,2026-04-15T01:34:00.000Z,3003,Pune,987380,"Lords Of Mulshi, Kasarsai",,,,,,3694193,Old Monk Xl Cricket Club,184/4,10856782,SKY STRIKERS,81/10,Toss: SKY STRIKERS opt to field,103 runs,Old Monk Xl Cricket Club,Resulted,0,0,2026-09-01T20:30:29.296971+00:00
23040118,Box Cricket,TENNIS,past,2026-03-14T10:14:44.000Z,3003,Pune,211582,Phoenix Arena,1870943,Sai Paradise Premier League - Season 1,,3640780,League Matches,12518054,Sai Rajgad Royals,91/3,12498095,Sai Pratapgad Panthers,93/1,Toss: Sai Rajgad Royals opt to bat,6 wickets,Sai Pratapgad Panthers,Resulted,0,0,2026-09-01T20:30:29.296971+00:00
23040137,Box Cricket,TENNIS,past,2026-03-14T10:52:32.000Z,3003,Pune,211582,Phoenix Arena,1870943,Sai Paradise Premier League - Season 1,,3640780,League Matches,12498095,Sai Pratapgad Panthers,135/5,12515847,Sai Torana Titans,141/0,Toss: Sai Torana Titans opt to field,7 wickets,Sai Torana Titans,Resulted,0,0,2026-09-01T20:30:29.296971+00:00
23042857,Limited Overs,TENNIS,past,2026-03-15T03:38:53.000Z,3003,Pune,343490,"Pune Cricket Club, Wagholi",,,,,,8967314,RA Spartans,145/10,9438942,Falcons,134/10,Toss: RA Spartans opt to bat,11 runs,RA Spartans,Resulted,0,0,2026-09-01T20:30:29.296971+00:00
23050495,Limited Overs,TENNIS,past,2026-04-10T01:36:22.000Z,3003,Pune,313027,Spark Cricket Ground A1,,,,,,5742614,SHRINATH TIGERS,154/4,3694193,Old Monk Xl Cricket Club,127/9,Toss: SHRINATH TIGERS opt to bat,27 runs,SHRINATH TIGERS,Resulted,0,0,2026-09-01T20:30:29.296971+00:00
23079729,Limited Overs,TENNIS,past,2026-03-13T07:49:37.000Z,3003,Pune,4390,Shinde High School,1910521,Komti Champions League,,3726004,League Matches,12748624,Sambhajinagar Yodhas,66/8,2681274,Khadki Royals,64/3,Toss: Sambhajinagar Yodhas opt to bat,2 runs,Sambhajinagar Yodhas,Resulted,0,0,2026-09-01T20:30:29.296971+00:00
23085399,Limited Overs,TENNIS,past,2026-03-19T08:55:39.000Z,3003,Pune,170974,RSP Cricket Ground,1903337,DCC Season 12,,3706962,League Matches,12558789,Deccan Warriors,80/3,3085833,Chhatrapati Smashers,81/4,Toss: Chhatrapati Smashers opt to field,6 wickets,Chhatrapati Smashers,Resulted,0,0,2026-09-01T20:30:29.296971+00:00
23088463,Box Cricket,TENNIS,past,2026-03-14T13:52:46.000Z,3003,Pune,70350,Soccer And Snooker Dhanori,1885510,"SOCCER N SNOOKER , BOX CRICKET LEAGUE ",,3726826,League Matches,4046863,HINDAVI SWARAJYA,36/3,1959614,SAMBHAV WARRIORS,23/2,Toss: SAMBHAV WARRIORS opt to field,13 runs,HINDAVI SWARAJYA,Resulted,0,0,2026-09-01T20:30:29.296971+00:00
23088474,Box Cricket,TENNIS,past,2026-03-14T14:16:28.000Z,3003,Pune,70350,Soccer And Snooker Dhanori,1885510,"SOCCER N SNOOKER , BOX CRICKET LEAGUE ",,3726826,League Matches,4046863,HINDAVI SWARAJYA,50/2,12753419,Rajput 11,34/3,Toss: HINDAVI SWARAJYA opt to bat,16 runs,HINDAVI SWARAJYA,Resulted,0,0,2026-09-01T20:30:29.296971+00:00
23088505,Box Cricket,TENNIS,past,2026-03-14T15:21:00.000Z,3003,Pune,70350,Soccer And Snooker Dhanori,1885510,"SOCCER N SNOOKER , BOX CRICKET LEAGUE ",,3726826,League Matches,4046863,HINDAVI SWARAJYA,40/1,12754257,Petit,35/1,Toss: Petit opt to field,5 runs,HINDAVI SWARAJYA,Resulted,0,0,2026-09-01T20:30:29.296971+00:00
23093126,Limited Overs,TENNIS,past,2026-03-14T06:19:01.000Z,3004,Pune Cantonment,471685,Achievers Cricket Ground,1912354,Park Street Cricket Carnival 2026,,3728151,League Matches,6830244,IVORY STRIKERS,157/2,12348764,Topaz Kings,70/10,Toss: IVORY STRIKERS opt to bat,87 runs,IVORY STRIKERS,Resulted,0,0,2026-09-01T20:30:29.296971+00:00
23093248,Limited Overs,TENNIS,past,2026-03-21T04:03:25.000Z,3004,Pune Cantonment,471685,Achievers Cricket Ground,1912354,Park Street Cricket Carnival 2026,,3728151,League Matches,12588312,Titanium United,129/5,6830244,IVORY STRIKERS,100/9,Toss: IVORY STRIKERS opt to field,29 runs,Titanium United,Resulted,0,0,2026-09-01T20:30:29.296971+00:00
23093285,Limited Overs,TENNIS,past,2026-03-21T11:41:51.000Z,3004,Pune Cantonment,471685,Achievers Cricket Ground,1912354,Park Street Cricket Carnival 2026,,3728151,League Matches,12758960,Diamond Warriors,92/4,6830244,IVORY STRIKERS,98/0,Toss: Diamond Warriors opt to bat,10 wickets,IVORY STRIKERS,Resulted,0,0,2026-09-01T20:30:29.296971+00:00
23093391,Limited Overs,TENNIS,past,2026-03-28T05:56:36.000Z,3004,Pune Cantonment,471685,Achievers Cricket Ground,1912354,Park Street Cricket Carnival 2026,,3728151,League Matches,6830244,IVORY STRIKERS,123/7,11457523,Sapphire Slayers,103/8,Toss: IVORY STRIKERS opt to bat,20 runs,IVORY STRIKERS,Resulted,0,0,2026-09-01T20:30:29.296971+00:00
23093439,Limited Overs,TENNIS,past,2026-03-28T14:18:54.000Z,3004,Pune Cantonment,471685,Achievers Cricket Ground,1912354,Park Street Cricket Carnival 2026,,3728151,League Matches,12348762,Ruby Strikers,95/6,6830244,IVORY STRIKERS,98/1,Toss: Ruby Strikers opt to bat,9 wickets,IVORY STRIKERS,Resulted,0,0,2026-09-01T20:30:29.296971+00:00
23093891,Limited Overs,LEATHER,past,2026-03-13T14:07:00.000Z,3003,Pune,281236,Spark Cricket Ground jambe,,,,,,7917374,Night Riders,247/7,9175480,Glory Cricket Club,208/10,Toss: Night Riders opt to bat,39 runs,Night Riders,Resulted,0,0,2026-09-01T20:30:29.296971+00:00
23096956,Limited Overs,LEATHER,past,2026-03-24T14:07:32.000Z,3003,Pune,282913,Cricathon Cricket Ground,1784457,Cricathon Jatayu Cup Weekday Night T20 ,,3488050,League Matches,8421022,A C DYNAMITES,218/3,2223945,Life Republic Royals,82/10,Toss: Life Republic Royals opt to field,136 runs,A C DYNAMITES,Resulted,0,0,2026-09-01T20:30:29.296971+00:00
23101943,Limited Overs,TENNIS,past,2026-03-20T01:54:00.000Z,3003,Pune,12485,Mulshi Cricket Ground,,,,,,9122285,POWER PANTHERS,120/5,3085833,Chhatrapati Smashers,123/2,Toss: POWER PANTHERS opt to bat,8 wickets,Chhatrapati Smashers,Resulted,0,0,2026-09-01T20:30:29.296971+00:00
23106432,Limited Overs,TENNIS,past,2026-03-14T04:01:00.000Z,3003,Pune,4390,Shinde High School,1910521,Komti Champions League,,3726004,League Matches,2681274,Khadki Royals,77/9,603833,Sinhagad Mavla,71/5,Toss: Sinhagad Mavla opt to field,6 runs,Khadki Royals,Resulted,0,0,2026-09-01T20:30:29.296971+00:00
23106585,Limited Overs,TENNIS,past,2026-03-14T10:35:01.000Z,3003,Pune,4390,Shinde High School,1910521,Komti Champions League,,3726004,League Matches,12749183,Komti Super Kings,60/3,2681274,Khadki Royals,63/5,Toss: Komti Super Kings opt to bat,5 wickets,Khadki Royals,Resulted,0,0,2026-09-01T20:30:29.296971+00:00
23107183,Limited Overs,TENNIS,past,2026-03-15T01:39:00.000Z,3003,Pune,315243,Kokate Sports Academy Ground,,,,,,9122285,POWER PANTHERS,129/9,11242333,GritForce,135/4,Toss: POWER PANTHERS opt to bat,6 wickets,GritForce,Resulted,0,0,2026-09-01T20:30:29.296971+00:00
23112837,Limited Overs,TENNIS,past,2026-03-14T10:04:45.000Z,3003,Pune,398689,Sunrises Cricket Ground,1910146,SARPANCH KARANDAK (KESNAND) -2026,,3725856,League Matches,11584595,SHREE SAI HILLS BOX Cricket,40/3,11583568,Nivaan Meadows Dec 2025,42/1,Toss: SHREE SAI HILLS BOX Cricket opt to bat,8 wickets,Nivaan Meadows Dec 2025,Resulted,0,0,2026-09-01T20:30:29.296971+00:00
23121548,Limited Overs,TENNIS,past,2026-03-15T03:55:22.000Z,3003,Pune,1042309,Lords Of Mulshi Cricket Ground,,,,,,10144610,Range Hills B,152/8,10937722,Range hills A,156/5,Toss: Range Hills B opt to bat,5 wickets,Range hills A,Resulted,0,0,2026-09-01T20:30:29.296971+00:00
23125484,Box Cricket,TENNIS,past,2026-03-14T15:44:53.000Z,3003,Pune,70350,Soccer And Snooker Dhanori,1885510,"SOCCER N SNOOKER , BOX CRICKET LEAGUE ",,3731363,Semi Final,1959614,SAMBHAV WARRIORS,25/2,4046863,HINDAVI SWARAJYA,20/1,Toss: HINDAVI SWARAJYA opt to field,5 runs,SAMBHAV WARRIORS,Resulted,0,0,2026-09-01T20:30:29.296971+00:00
23125945,Box Cricket,TENNIS,past,2026-03-14T16:02:16.000Z,3003,Pune,70350,Soccer And Snooker Dhanori,1885510,"SOCCER N SNOOKER , BOX CRICKET LEAGUE ",,3731363,Semi Final,1959614,SAMBHAV WARRIORS,17/2,4046863,HINDAVI SWARAJYA,19/3,Toss: SAMBHAV WARRIORS opt to bat,2 wickets,HINDAVI SWARAJYA,Resulted,0,0,2026-09-01T20:30:29.296971+00:00
23126293,Box Cricket,TENNIS,past,2026-03-14T16:16:42.000Z,3003,Pune,70350,Soccer And Snooker Dhanori,1885510,"SOCCER N SNOOKER , BOX CRICKET LEAGUE ",,3731363,Semi Final,1959614,SAMBHAV WARRIORS,25/5,4046863,HINDAVI SWARAJYA,29/0,Toss: SAMBHAV WARRIORS opt to bat,5 wickets,HINDAVI SWARAJYA,Resulted,0,0,2026-09-01T20:30:29.296971+00:00
23126667,Box Cricket,TENNIS,past,2026-03-14T16:35:07.000Z,3003,Pune,70350,Soccer And Snooker Dhanori,1885510,"SOCCER N SNOOKER , BOX CRICKET LEAGUE ",,3733346,Final,12751768,The Unstables,43/1,4046863,HINDAVI SWARAJYA,45/2,Toss: HINDAVI SWARAJYA opt to field,3 wickets,HINDAVI SWARAJYA,Resulted,0,0,2026-09-01T20:30:29.296971+00:00
23133462,Limited Overs,TENNIS,past,2026-03-15T01:51:54.000Z,3003,Pune,398689,Sunrises Cricket Ground,1910146,SARPANCH KARANDAK (KESNAND) -2026,,3725856,League Matches,12755941,shrikant Dada Patole,55/3,11583568,Nivaan Meadows Dec 2025,47/2,Toss: Nivaan Meadows Dec 2025 opt to field,8 runs,shrikant Dada Patole,Resulted,0,0,2026-09-01T20:30:29.296971+00:00
23134845,Limited Overs,TENNIS,past,2026-03-15T02:16:08.000Z,3003,Pune,222750,Vdr 4,,,,,,2485560,Enjoy Group,99/10,285804,Silverland SuperGiants,103/5,Toss: Silverland SuperGiants opt to field,5 wickets,Silverland SuperGiants,Resulted,0,0,2026-09-01T20:30:29.296971+00:00
23137922,Limited Overs,LEATHER,past,2026-03-28T09:16:11.000Z,3003,Pune,406981,"30YCA Cricket Ground, Chandkhed",1736626,30YCA Corporate Premier league 4.0,,3363059,League Matches,460694,Pune Rangers Cricket Club,198/6,2765155,CricUnited XI,143/10,Toss: Pune Rangers Cricket Club opt to bat,55 runs,Pune Rangers Cricket Club,Resulted,0,0,2026-09-01T20:30:29.296971+00:00
23138803,Limited Overs,TENNIS,past,2026-03-15T05:26:59.000Z,3003,Pune,4390,Shinde High School,1910521,Komti Champions League,,3726004,League Matches,2681274,Khadki Royals,73/4,12694156,Komti Warriors,73/2,Toss: Khadki Royals opt to bat,Tie,,Tie,0,0,2026-09-01T20:30:29.296971+00:00
23144430,Limited Overs,TENNIS,past,2026-03-15T06:45:29.000Z,3003,Pune,398689,Sunrises Cricket Ground,1910146,SARPANCH KARANDAK (KESNAND) -2026,,3725856,League Matches,11583568,Nivaan Meadows Dec 2025,41/2,12761395,Purvanchal Pride,43/1,Toss: Purvanchal Pride opt to field,4 wickets,Purvanchal Pride,Resulted,0,0,2026-09-01T20:30:29.296971+00:00
23149568,Limited Overs,TENNIS,past,2026-03-16T01:39:09.000Z,3003,Pune,6853,Infinity Cricket Ground,,,,,,3085833,Chhatrapati Smashers,165/8,11499294,Rising Strikers,97/9,Toss: Rising Strikers opt to field,68 runs,Chhatrapati Smashers,Resulted,0,0,2026-09-01T20:30:29.296971+00:00
23151825,Limited Overs,TENNIS,past,2026-03-15T09:42:59.000Z,3003,Pune,4390,Shinde High School,1910521,Komti Champions League,,3736373,Semi Final,603833,Sinhagad Mavla,94/10,2681274,Khadki Royals,73/10,Toss: Sinhagad Mavla opt to bat,21 runs (All out),Sinhagad Mavla,Resulted,0,0,2026-09-01T20:30:29.296971+00:00
23168868,Limited Overs,TENNIS,past,2026-03-21T01:36:06.000Z,3003,Pune,262327,Kokate Cricket Academy,,,,,,11242333,GritForce,124/9,11656889,Signature Strikers,130/3,Toss: GritForce opt to bat,7 wickets,Signature Strikers,Resulted,0,0,2026-09-01T20:30:29.296971+00:00
23177255,Limited Overs,LEATHER,past,2026-04-25T09:28:47.000Z,3003,Pune,406981,"30YCA Cricket Ground, Chandkhed",863760,30YCA Presents Supermacy Cup 4.0,,3070111,Final,2223945,Life Republic Royals,184/10,4344757,Shankaracharya Apex,187/3,Toss: Life Republic Royals opt to bat,7 wickets,Shankaracharya Apex,Resulted,0,0,2026-09-01T20:30:29.296971+00:00
23194138,Limited Overs,TENNIS,past,2026-03-18T01:31:00.000Z,3003,Pune,343490,"Pune Cricket Club, Wagholi",,,,,,9438942,Falcons,175/4,4281259,Rohan Aryans,117/9,Toss: Falcons opt to bat,58 runs,Falcons,Resulted,0,0,2026-09-01T20:30:29.296971+00:00
23200420,Limited Overs,LEATHER,past,2026-03-17T14:11:39.000Z,3003,Pune,282913,Cricathon Cricket Ground,,,,,,2223945,Life Republic Royals,229/6,1176135,TPL Dominators,214/6,Toss: Life Republic Royals opt to bat,15 runs,Life Republic Royals,Resulted,0,0,2026-09-01T20:30:29.296971+00:00
23210080,Limited Overs,TENNIS,past,2026-03-20T01:41:47.000Z,3003,Pune,598102,Gkci Cricket Ground Bhosari,,,,,,8490739,Bhairavas,85/9,6708330,Bujurg 11,89/5,Toss: Bujurg 11 opt to field,5 wickets,Bujurg 11,Resulted,0,0,2026-09-01T20:30:29.296971+00:00
23213811,Limited Overs,TENNIS,past,2026-03-21T01:30:12.000Z,3003,Pune,813354,CP farm kridangan,1907761,Summer Champions League Season 2,PREMIUM,3719716,League Matches,12587858,Thunder Strikers,115/8,8967314,RA Spartans,116/2,Toss: RA Spartans opt to field,8 wickets,RA Spartans,Resulted,0,0,2026-09-01T20:30:29.296971+00:00
23214836,Limited Overs,LEATHER,past,2026-03-21T02:15:17.000Z,3003,Pune,406981,"30YCA Cricket Ground, Chandkhed",1889067,30YCA Summer Shield 4.0,,3699191,League Matches,4323345,Horizons Cricket Club,122/8,1045940,OneTRIBE,123/2,Toss: OneTRIBE opt to field,8 wickets,OneTRIBE,Resulted,0,0,2026-09-01T20:30:29.296971+00:00
23221168,Limited Overs,TENNIS,past,2026-05-30T01:41:58.000Z,3003,Pune,837481,CHANGBHALE CRICKET GROUND,,,,,,11083086,KingsMen XI,164/6,11656889,Signature Strikers,118/10,Toss: KingsMen XI opt to bat,46 runs,KingsMen XI,Resulted,0,0,2026-09-01T20:30:29.296971+00:00
23221445,Limited Overs,TENNIS,past,2026-05-02T01:10:00.000Z,3003,Pune,837481,CHANGBHALE CRICKET GROUND,,,,,,5104964,Bharat Blaze,149/8,11656889,Signature Strikers,101/7,Toss: Signature Strikers opt to field,48 runs,Bharat Blaze,Resulted,0,0,2026-09-01T20:30:29.296971+00:00
23229715,Limited Overs,TENNIS,past,2026-03-20T13:34:20.000Z,3003,Pune,773490,Cricket Heaven Sports Club,,,,,,7942283,LR R16 Maratha Warriors,143/10,12285314,Epam CC,144/7,Toss: Epam CC opt to field,3 wickets,Epam CC,Resulted,0,0,2026-09-01T20:30:29.296971+00:00
23235905,Limited Overs,TENNIS,past,2026-03-20T01:35:10.000Z,3003,Pune,343490,"Pune Cricket Club, Wagholi",,,,,,3264758,RA Hustlers,146/9,8967314,RA Spartans,152/1,Toss: RA Spartans opt to field,9 wickets,RA Spartans,Resulted,0,0,2026-09-01T20:30:29.296971+00:00
23251462,Limited Overs,TENNIS,past,2026-03-25T01:35:40.000Z,3003,Pune,964551,Lords of Mulshi,1730334,MEGAJOINTS - Opponent Matches Season Dec 2025-June 2026,,3347736,League Matches,3694193,Old Monk XI Cricket Club,97/9,2514678,MEGAJOINTS,93/8,Toss: MEGAJOINTS opt to field,4 runs,Old Monk XI Cricket Club,Resulted,0,0,2026-09-01T20:30:29.296971+00:00
23255677,Limited Overs,TENNIS,past,2026-03-22T01:28:25.000Z,3003,Pune,25806,"Masters Cricket Club Ground, Kolwadi",,,,,,8967314,RA Spartans,119/8,11373931,Vijay Vihar Mavericks,101/10,Toss: Vijay Vihar Mavericks opt to field,18 runs,RA Spartans,Resulted,0,0,2026-09-01T20:30:29.296971+00:00
23263083,Limited Overs,LEATHER,past,2026-03-20T13:59:47.000Z,3003,Pune,282913,Cricathon Cricket Ground,,,,,,7917374,Night Riders,158/7,9175480,Glory Cricket Club,138/6,Toss: Night Riders opt to bat,20 runs,Night Riders,Resulted,0,0,2026-09-01T20:30:29.296971+00:00
23264832,Limited Overs,TENNIS,past,2026-03-21T02:01:12.000Z,3003,Pune,398689,Sunrises Cricket Ground,1910146,SARPANCH KARANDAK (KESNAND) -2026,,3725856,League Matches,11583568,Nivaan Meadows Dec 2025,44/5,11388731,Bright Smashers,25/3,Toss: Bright Smashers opt to field,19 runs,Nivaan Meadows Dec 2025,Resulted,0,0,2026-09-01T20:30:29.296971+00:00
23273144,Limited Overs,TENNIS,past,2026-03-21T02:05:11.000Z,3003,Pune,222009,Vdr4,,,,,,285804,Silverland SuperGiants,223/9,11747489,Om Mangalam Cricket Club,141/10,Toss: Silverland SuperGiants opt to bat,82 runs,Silverland SuperGiants,Resulted,0,0,2026-09-01T20:30:29.296971+00:00
23290497,Limited Overs,TENNIS,past,2026-03-21T11:06:14.000Z,3003,Pune,398689,Sunrises Cricket Ground,1910146,SARPANCH KARANDAK (KESNAND) -2026,,3725856,League Matches,11583568,Nivaan Meadows Dec 2025,26/3,8876541,Optima Primes,28/1,Toss: Nivaan Meadows Dec 2025 opt to bat,9 wickets,Optima Primes,Resulted,0,0,2026-09-01T20:30:29.296971+00:00
23294756,Limited Overs,TENNIS,past,2026-03-21T12:52:26.000Z,3003,Pune,398689,Sunrises Cricket Ground,1910146,SARPANCH KARANDAK (KESNAND) -2026,,3725856,League Matches,11583568,Nivaan Meadows Dec 2025,64/2,12760211,Sunrise Turf,54/2,Toss: Nivaan Meadows Dec 2025 opt to bat,10 runs,Nivaan Meadows Dec 2025,Resulted,0,0,2026-09-01T20:30:29.296971+00:00
23294872,Limited Overs,TENNIS,past,2026-03-22T03:41:23.000Z,3003,Pune,987380,"Lords Of Mulshi, Kasarsai",,,,,,9770927,Hanumankinda,113/6,3482011,Range Hills Rangers,112/10,Toss: Hanumankinda opt to bat,1 runs,Hanumankinda,Resulted,0,0,2026-09-01T20:30:29.296971+00:00
23302491,Limited Overs,TENNIS,past,2026-03-22T01:48:12.000Z,3003,Pune,430910,Pawar School,,,,,,11442934,Megapolis Team B,106/7,11442930,Megapolis Team A,108/4,Toss: Megapolis Team A opt to field,6 wickets,Megapolis Team A,Resulted,0,0,2026-09-01T20:30:29.296971+00:00
23307032,Limited Overs,TENNIS,past,2026-03-22T03:00:09.000Z,3003,Pune,736969,"PPS, Pune",,,,,,11442934,Megapolis Team B,101/9,11442930,Megapolis Team A,107/6,Toss: Megapolis Team B opt to bat,4 wickets,Megapolis Team A,Resulted,0,0,2026-09-01T20:30:29.296971+00:00
23308650,Limited Overs,TENNIS,past,2026-03-22T02:03:19.000Z,2796,Dehu Road,312530,VDR 4,,,,,,285804,Silverland SuperGiants,177/8,2485560,Enjoy Group,146/10,Toss: Enjoy Group opt to field,31 runs,Silverland SuperGiants,Resulted,0,0,2026-09-01T20:30:29.296971+00:00
23309709,Limited Overs,TENNIS,past,2026-03-22T02:14:07.000Z,2964,Nashik,724146,Abhishek Eden Garden,1930109,22 Mar Tournament ,,3760576,League Matches,9402088,Team A,30/7,9402090,Team B,36/4,Toss: Team B opt to field,2 wickets,Team B,Resulted,0,0,2026-09-01T20:30:29.296971+00:00
23311512,Limited Overs,TENNIS,past,2026-03-22T02:41:13.000Z,2964,Nashik,724146,Abhishek Eden Garden,1930109,22 Mar Tournament ,,3760576,League Matches,9402090,Team B,81/4,9402093,Team C,68/6,Toss: Team B opt to bat,13 runs,Team B,Resulted,0,0,2026-09-01T20:30:29.296971+00:00
23315160,Limited Overs,TENNIS,past,2026-03-22T03:39:05.000Z,2964,Nashik,724146,Abhishek Eden Garden,1930109,22 Mar Tournament ,,3760576,League Matches,9402093,Team C,89/6,9402090,Team B,80/5,Toss: Team C opt to bat,9 runs,Team C,Resulted,0,0,2026-09-01T20:30:29.296971+00:00
23317316,Limited Overs,TENNIS,past,2026-03-22T04:12:18.000Z,2964,Nashik,724146,Abhishek Eden Garden,1930109,22 Mar Tournament ,,3760576,League Matches,9402088,Team A,65/6,9402090,Team B,66/2,Toss: Team A opt to bat,5 wickets,Team B,Resulted,0,0,2026-09-01T20:30:29.296971+00:00
23320228,Limited Overs,TENNIS,past,2026-03-22T05:03:54.000Z,2964,Nashik,724146,Abhishek Eden Garden,1930109,22 Mar Tournament ,,3760576,League Matches,9402090,Team B,96/4,9402093,Team C,63/5,Toss: Team B opt to bat,33 runs,Team B,Resulted,0,0,2026-09-01T20:30:29.296971+00:00
23357684,Limited Overs,LEATHER,past,2026-03-29T05:44:34.000Z,3003,Pune,282913,Cricathon Cricket Ground,1908655,Cricathon Hexagon Cup T20 Weekend Day,,3759115,League Matches,8763809,Vajra Vikings,171/7,2223945,Life Republic Royals,172/7,Toss: Vajra Vikings opt to bat,2 wickets,Life Republic Royals,Resulted,0,0,2026-09-01T20:30:29.296971+00:00
23367380,Limited Overs,TENNIS,past,2026-03-24T04:40:58.000Z,3058,Sinnar,324566,Gonde,1933794,Ajimaji Sarpanch Chashak Gonde ,,3769261,League Matches,12894078,Chatrapati 11 Gonde,85/3,12894088,Icchapurti 11 Gonde,88/2,Toss: Icchapurti 11 Gonde opt to field,8 wickets,Icchapurti 11 Gonde,Resulted,0,0,2026-09-01T20:30:29.296971+00:00
23368791,Limited Overs,LEATHER,past,2026-03-28T10:21:00.000Z,3003,Pune,456738,"30YCA Spark Cricket Ground, Jambhe",1889067,30YCA Summer Shield 4.0,,3699191,League Matches,5477187,DUGOUT - XI,148/9,2223945,Life Republic Royals,152/9,Toss: DUGOUT - XI opt to bat,1 wicket,Life Republic Royals,Resulted,0,0,2026-09-01T20:30:29.296971+00:00
23369122,Limited Overs,TENNIS,past,2026-03-28T04:56:00.000Z,3003,Pune,1025297,RRR CRICKET GROUND BHUGAON,1886949,VANSH SPORTS WEEKEND CRICKET TOURNAMENT ,,3681125,League Matches,6049986,Team Rupa Bhawani,178/5,6024793,Phoenix Finishers,168/6,Toss: Team Rupa Bhawani opt to bat,10 runs,Team Rupa Bhawani,Resulted,0,0,2026-09-01T20:30:29.296971+00:00
23370158,Box Cricket,TENNIS,past,2026-03-29T11:27:26.000Z,3003,Pune,660693,Yodha Sporting Club,1891908,Siyona Premier League 2026,,3766004,Round One,12721674,Siyona Indians,73/1,12719603,Siyona Strikers,43/7,Toss: Siyona Strikers opt to field,30 runs,Siyona Indians,Resulted,0,0,2026-09-01T20:30:29.296971+00:00
23378258,Limited Overs,TENNIS,past,2026-03-24T07:15:58.000Z,3058,Sinnar,324566,Gonde,1933794,Ajimaji Sarpanch Chashak Gonde ,,3769261,League Matches,12894093,Gonde Indians,57/4,12894078,Chatrapati 11 Gonde,59/0,Toss: Gonde Indians opt to bat,10 wickets,Chatrapati 11 Gonde,Resulted,0,0,2026-09-01T20:30:29.296971+00:00
23380894,Limited Overs,TENNIS,past,2026-03-24T09:11:22.000Z,3058,Sinnar,324566,Gonde,1933794,Ajimaji Sarpanch Chashak Gonde ,,3769261,League Matches,12894092,GN 11 Gonde,64/7,12894078,Chatrapati 11 Gonde,65/2,Toss: GN 11 Gonde opt to bat,8 wickets,Chatrapati 11 Gonde,Resulted,0,0,2026-09-01T20:30:29.296971+00:00
23383023,Limited Overs,TENNIS,past,2026-03-26T01:32:17.000Z,3003,Pune,343490,"Pune Cricket Club, Wagholi",,,,,,9438942,Falcons,275/6,10656174,Corporate Warriors XI,201/7,Toss: Falcons opt to bat,74 runs,Falcons,Resulted,0,0,2026-09-01T20:30:29.296971+00:00
23398092,Limited Overs,TENNIS,past,2026-03-28T01:21:50.000Z,3003,Pune,744485,A to Z CRICKET GROUND LAVALE,,,,,,6405450,Welworth PARADISE,105/10,11656889,Signature Strikers,109/4,Toss: Welworth PARADISE opt to bat,6 wickets,Signature Strikers,Resulted,0,0,2026-09-01T20:30:29.296971+00:00
23412757,Limited Overs,TENNIS,past,2026-03-26T02:10:10.000Z,3003,Pune,262327,Kokate Cricket Academy,,,,,,8965023,AL 11,181/6,12285314,Epam CC,172/2,Toss: Epam CC opt to field,9 runs,AL 11,Resulted,0,0,2026-09-01T20:30:29.296971+00:00
23413846,Limited Overs,LEATHER,past,2026-04-11T08:53:00.000Z,3003,Pune,282913,Cricathon Cricket Ground,1187852,Cricathon Premier League Season 3,,2913527,Final,1856543,DMC,181/6,2765155,CricUnited XI,186/7,Toss: DMC opt to bat,3 wickets,CricUnited XI,Resulted,0,0,2026-09-01T20:30:29.296971+00:00
23424475,Box Cricket,TENNIS,past,2026-03-28T04:06:17.000Z,3003,Pune,70350,Soccer And Snooker Dhanori,1919196,"SOCCER N SNOOKER , Box Cricket League  - Season 15",,3772613,League Matches,4046863,HINDAVI SWARAJYA,48/3,9112088,Evita United Box Cricket Team,52/0,Toss: Evita United Box Cricket Team opt to field,6 wickets,Evita United Box Cricket Team,Resulted,0,0,2026-09-01T20:30:29.296971+00:00
23425418,Box Cricket,TENNIS,past,2026-03-28T05:19:21.000Z,3003,Pune,70350,Soccer And Snooker Dhanori,1919196,"SOCCER N SNOOKER , Box Cricket League  - Season 15",,3772613,League Matches,12897881,7th Heaven Elite,30/3,4046863,HINDAVI SWARAJYA,35/0,Toss: HINDAVI SWARAJYA opt to field,6 wickets,HINDAVI SWARAJYA,Resulted,0,0,2026-09-01T20:30:29.296971+00:00
23425521,Box Cricket,TENNIS,past,2026-03-28T07:22:16.000Z,3003,Pune,70350,Soccer And Snooker Dhanori,1919196,"SOCCER N SNOOKER , Box Cricket League  - Season 15",,3772613,League Matches,4046863,HINDAVI SWARAJYA,36/3,6015505,CARLSBERG 11,37/1,Toss: CARLSBERG 11 opt to field,5 wickets,CARLSBERG 11,Resulted,0,0,2026-09-01T20:30:29.296971+00:00
23425540,Box Cricket,TENNIS,past,2026-03-28T08:03:27.000Z,3003,Pune,70350,Soccer And Snooker Dhanori,1919196,"SOCCER N SNOOKER , Box Cricket League  - Season 15",,3772613,League Matches,4046863,HINDAVI SWARAJYA,39/4 & 6/1,11573687,Vandals,39/3 & 26/0,Toss: Vandals opt to field,Match Tied (Vandals won the super over),Vandals,Resulted,0,1,2026-09-01T20:30:29.296971+00:00
23425628,Box Cricket,TENNIS,past,2026-03-28T09:03:01.000Z,3003,Pune,70350,Soccer And Snooker Dhanori,1919196,"SOCCER N SNOOKER , Box Cricket League  - Season 15",,3772613,League Matches,4046863,HINDAVI SWARAJYA,63/5,12903416,Youngistan,51/2,Toss: Youngistan opt to field,12 runs,HINDAVI SWARAJYA,Resulted,0,0,2026-09-01T20:30:29.296971+00:00
23426085,Box Cricket,TENNIS,past,2026-03-28T05:53:32.000Z,3003,Pune,70350,Soccer And Snooker Dhanori,1919196,"SOCCER N SNOOKER , Box Cricket League  - Season 15",,3772613,League Matches,12899614,Garuda,27/6,4046863,HINDAVI SWARAJYA,28/1,Toss: HINDAVI SWARAJYA opt to field,5 wickets,HINDAVI SWARAJYA,Resulted,0,0,2026-09-01T20:30:29.296971+00:00
23426536,Limited Overs,TENNIS,past,2026-03-28T03:51:52.000Z,3003,Pune,1025297,RRR CRICKET GROUND BHUGAON,,,,,,6229382,AV Smashers,108/10,3482011,Range Hills Rangers,111/9,Toss: Range Hills Rangers opt to field,1 wicket,Range Hills Rangers,Resulted,0,0,2026-09-01T20:30:29.296971+00:00
23427340,Limited Overs,TENNIS,past,2026-03-26T07:08:52.000Z,3058,Sinnar,324566,Gonde,1933794,Ajimaji Sarpanch Chashak Gonde ,,3777010,Semi Final,12894078,Chatrapati 11 Gonde,63/6,12908222,JUDGEMENT XI GONDE,37/7,Toss: Chatrapati 11 Gonde opt to bat,26 runs,Chatrapati 11 Gonde,Resulted,0,0,2026-09-01T20:30:29.296971+00:00
23429714,Limited Overs,TENNIS,past,2026-03-29T01:22:50.000Z,3003,Pune,757109,Eden Park Talegaon,,,,,,5104964,Bharat Blaze,133/8,11656889,Signature Strikers,112/9,Toss: Signature Strikers opt to field,21 runs,Bharat Blaze,Resulted,0,0,2026-09-01T20:30:29.296971+00:00
23433286,Limited Overs,TENNIS,past,2026-03-26T10:55:57.000Z,3058,Sinnar,324566,Gonde,1933794,Ajimaji Sarpanch Chashak Gonde ,,3777011,Final,12894088,Icchapurti 11 Gonde,58/9,12894078,Chatrapati 11 Gonde,59/1,Toss: Chatrapati 11 Gonde opt to field,9 wickets,Chatrapati 11 Gonde,Resulted,0,0,2026-09-01T20:30:29.296971+00:00
23435853,Limited Overs,TENNIS,past,2026-03-28T02:33:43.000Z,3003,Pune,1062745,SSPL Dange Chowk Ground 1,1840626,SSPL T-20 SATURDAY SEASON 09,,3574404,League Matches,285804,Silverland SuperGiants,248/4,11028931,AgniVox,185/10,Toss: Silverland SuperGiants opt to bat,63 runs,Silverland SuperGiants,Resulted,0,0,2026-09-01T20:30:29.296971+00:00
23452918,Limited Overs,TENNIS,past,2026-03-29T01:37:28.000Z,3003,Pune,10352,NCL Ground Pashan,,,,,,11355617,Vibrant Greater Pune,83/6,10715693,Roaring Hawks,76/4,Toss: Roaring Hawks opt to field,7 runs,Vibrant Greater Pune,Resulted,0,0,2026-09-01T20:30:29.296971+00:00
23453301,Limited Overs,TENNIS,past,2026-03-28T04:41:18.000Z,3003,Pune,879865,"Pawar Public School, Hinjewadi",,,,,,12937221,Team Tanmay,169/4 & 7/0,12937455,Team Piyush_,169/5 & 6/0,Toss: Team Tanmay opt to bat,Match Tied (Team Tanmay won the super over),Team Tanmay,Resulted,0,1,2026-09-01T20:30:29.296971+00:00
23461256,Limited Overs,LEATHER,past,2026-03-27T14:00:00.000Z,3003,Pune,96252,Jambe Sparke Cricket Club,,,,,,9175480,Glory Cricket Club,145/10,7917374,Night Riders,146/8,Toss: Glory Cricket Club opt to bat,2 wickets,Night Riders,Resulted,0,0,2026-09-01T20:30:29.296971+00:00
23470491,Box Cricket,TENNIS,past,2026-03-28T02:18:10.000Z,3003,Pune,1036481,Turf21,1941811,KKS Saturday Tournament,,3783727,League Matches,9233059,KKS SHILEDAR,93/1,9233068,KKS AJINKYA,80/1,Toss: KKS SHILEDAR opt to bat,13 runs,KKS SHILEDAR,Resulted,0,0,2026-09-01T20:30:29.296971+00:00
23470492,Box Cricket,TENNIS,past,2026-03-28T03:12:59.000Z,3003,Pune,1036481,Turf21,1941811,KKS Saturday Tournament,,3783727,League Matches,9233068,KKS AJINKYA,72/0,10599997,Badminton Warriors,75/0,Toss: KKS AJINKYA opt to bat,6 wickets,Badminton Warriors,Resulted,0,0,2026-09-01T20:30:29.296971+00:00
23470494,Box Cricket,TENNIS,past,2026-03-28T03:40:11.000Z,3003,Pune,1036481,Turf21,1941811,KKS Saturday Tournament,,3783727,League Matches,9233059,KKS SHILEDAR,94/4,9233068,KKS AJINKYA,77/0,Toss: KKS SHILEDAR opt to bat,17 runs,KKS SHILEDAR,Resulted,0,0,2026-09-01T20:30:29.296971+00:00
23470700,Box Cricket,TENNIS,past,2026-03-28T01:53:28.000Z,3003,Pune,1036481,Turf21,1941811,KKS Saturday Tournament,,3783727,League Matches,10599997,Badminton Warriors,57/3,9233068,KKS AJINKYA,58/1,Toss: Badminton Warriors opt to bat,5 wickets,KKS AJINKYA,Resulted,0,0,2026-09-01T20:30:29.296971+00:00
23477194,Limited Overs,TENNIS,past,2026-04-18T01:02:53.000Z,3003,Pune,282913,Cricathon Cricket Ground,1567418,Classic Cricket Club Season 2025-26,,3031371,League Matches,11656889,Signature Strikers,110/8,4421493,CLASSIC CRICKET CLUB(C-CUBE),104/10,Toss: Signature Strikers opt to bat,6 runs,Signature Strikers,Resulted,0,0,2026-09-01T20:30:29.296971+00:00
23479016,Limited Overs,TENNIS,past,2026-03-29T03:03:52.000Z,3003,Pune,282913,Cricathon Cricket Ground,,,,,,4736388,Upvan Warriors,156/3,12285314,Epam CC,157/6,Toss: Epam CC opt to field,4 wickets,Epam CC,Resulted,0,0,2026-09-01T20:30:29.296971+00:00
23498454,Limited Overs,TENNIS,past,2026-04-11T03:43:26.000Z,3003,Pune,16196,Justcricket Academy,1938824,PWC CHAMPIONSHIP,,3780297,League Matches,10377386,Atlantis Warriors,193/8,12679779,Wellington Fighters,166/7,Toss: Atlantis Warriors opt to bat,27 runs,Atlantis Warriors,Resulted,0,0,2026-09-01T20:30:29.296971+00:00
23498515,Limited Overs,TENNIS,past,2026-04-05T03:36:50.000Z,3003,Pune,16196,Justcricket Academy,1938824,PWC CHAMPIONSHIP,,3780297,League Matches,12406616,Cricketers,194/2,10377386,Atlantis Warriors,185/9,Toss: Cricketers opt to bat,9 runs,Cricketers,Resulted,0,0,2026-09-01T20:30:29.296971+00:00
23507632,Limited Overs,TENNIS,past,2026-03-29T02:34:42.000Z,2964,Nashik,724146,Abhishek Eden Garden,1943977,ww 29 march ,,3788636,League Matches,9402088,Team A,75/5,9402090,Team B,78/0,Toss: Team A opt to bat,7 wickets,Team B,Resulted,0,0,2026-09-01T20:30:29.296971+00:00
23509110,Limited Overs,TENNIS,past,2026-03-29T02:57:29.000Z,2964,Nashik,724146,Abhishek Eden Garden,1943977,ww 29 march ,,3788636,League Matches,9402090,Team B,115/5,9402088,Team A,86/5,Toss: Team B opt to bat,29 runs,Team B,Resulted,0,0,2026-09-01T20:30:29.296971+00:00
23509503,Limited Overs,TENNIS,past,2026-03-29T03:03:56.000Z,3003,Pune,10352,NCL Ground Pashan,,,,,,10715693,Roaring Hawks,56/2,11355617,Vibrant Greater Pune,52/3,Toss: Roaring Hawks opt to bat,4 runs,Roaring Hawks,Resulted,0,0,2026-09-01T20:30:29.296971+00:00
23511197,Limited Overs,TENNIS,past,2026-03-29T03:41:18.000Z,2964,Nashik,724146,Abhishek Eden Garden,1943977,ww 29 march ,,3788636,League Matches,9402090,Team B,65/8,9402088,Team A,66/5,Toss: Team B opt to bat,2 wickets,Team A,Resulted,0,0,2026-09-01T20:30:29.296971+00:00
23542016,Limited Overs,TENNIS,past,2026-05-09T01:35:09.000Z,3003,Pune,1025297,RRR CRICKET GROUND BHUGAON,,,,,,5302849,LR TUSKERS,141/9,11656889,Signature Strikers,108/10,Toss: LR TUSKERS opt to bat,33 runs,LR TUSKERS,Resulted,0,0,2026-09-01T20:30:29.296971+00:00
23557898,Limited Overs,TENNIS,past,2026-04-16T01:30:30.000Z,3003,Pune,1042424,Lord of Mulshi,1762803,LR Fearless Fighters Season I,,3412509,League Matches,5146670,LR Fearless Fighters,133/10,12863659,Ansys Beta,87/9,Toss: LR Fearless Fighters opt to bat,46 runs,LR Fearless Fighters,Resulted,0,0,2026-09-01T20:30:29.296971+00:00
23558729,Limited Overs,LEATHER,past,2026-04-04T05:56:53.000Z,3003,Pune,456738,"30YCA Spark Cricket Ground, Jambhe",1718722,30YCA SPIN & SMASH  2.0,,3325544,League Matches,4323345,Horizons Cricket Club,68/10,11021994,Arch Elites,72/1,Toss: Horizons Cricket Club opt to bat,9 wickets,Arch Elites,Resulted,0,0,2026-09-01T20:30:29.296971+00:00
23579911,Limited Overs,TENNIS,past,2026-04-12T01:24:54.000Z,3003,Pune,315243,Kokate Sports Academy Ground,,,,,,11242333,GritForce,175/6,11656889,Signature Strikers,112/10,Toss: GritForce opt to bat,63 runs,GritForce,Resulted,0,0,2026-09-01T20:30:29.296971+00:00
23583052,Limited Overs,LEATHER,past,2026-04-04T05:25:03.000Z,3003,Pune,282913,Cricathon Cricket Ground,1908655,Cricathon Hexagon Cup T20 Weekend Day,,3759115,League Matches,2223945,Life Republic Royals,182/9,8593371,Yorkershire XI,124/10,Toss: Yorkershire XI opt to field,58 runs,Life Republic Royals,Resulted,0,0,2026-09-01T20:30:29.296971+00:00
23583429,Limited Overs,TENNIS,past,2026-04-04T03:30:00.000Z,3003,Pune,242457,Hajare Sports Club,,,,,,12285314,Epam CC,138/9,12981369,Ocean 11,130/9,Toss: Ocean 11 opt to field,8 runs,Epam CC,Resulted,0,0,2026-09-01T20:30:29.296971+00:00
23584026,Limited Overs,TENNIS,past,2026-04-04T01:52:21.000Z,3003,Pune,879865,"Pawar Public School, Hinjewadi",,,,,,12937455,Megapolis XI,83/8,12689373,GSM 11,86/6,Toss: GSM 11 opt to field,4 wickets,GSM 11,Resulted,0,0,2026-09-01T20:30:29.296971+00:00
23585160,Limited Overs,TENNIS,past,2026-04-05T03:21:24.000Z,3003,Pune,50846,VDR 3 Ground,,,,,,6669898,Rising Ravet,180/4,12285314,Epam CC,168/8,Toss: Epam CC opt to field,12 runs,Rising Ravet,Resulted,0,0,2026-09-01T20:30:29.296971+00:00
23597047,Limited Overs,TENNIS,past,2026-04-15T16:05:06.000Z,3003,Pune,214655,Mrunal Garden,1948509,SINDHI PREMIER LEAGUE 2026 SEASON 7,,3800936,League Matches,8976741,Gurunanak Knights,66/5,8976732,Dada Vaswani Brigade,62/7,Toss: Gurunanak Knights opt to bat,4 runs,Gurunanak Knights,Resulted,0,0,2026-09-01T20:30:29.296971+00:00
23597145,Limited Overs,TENNIS,past,2026-04-18T13:19:03.000Z,3003,Pune,214655,Mrunal Garden,1948509,SINDHI PREMIER LEAGUE 2026 SEASON 7,,3800936,League Matches,8976732,Dada Vaswani Brigade,52/7,8976757,Aryans United,32/8,Toss: Dada Vaswani Brigade opt to bat,20 runs,Dada Vaswani Brigade,Resulted,0,0,2026-09-01T20:30:29.296971+00:00
23597223,Limited Overs,TENNIS,past,2026-04-21T17:55:01.000Z,3003,Pune,214655,Mrunal Garden,1948509,SINDHI PREMIER LEAGUE 2026 SEASON 7,,3800936,League Matches,8976776,Sant Kanwaram Royals,49/7,8976732,Dada Vaswani Brigade,50/5,Toss: Sant Kanwaram Royals opt to bat,3 wickets,Dada Vaswani Brigade,Resulted,0,0,2026-09-01T20:30:29.296971+00:00
23597279,Limited Overs,TENNIS,past,2026-04-24T16:53:56.000Z,3003,Pune,1166464,Mrunal Cricket Ground Pimpri,1948509,SINDHI PREMIER LEAGUE 2026 SEASON 7,PREMIUM,3800936,League Matches,8976734,Indus Dyanmos,52/6,8976732,Dada Vaswani Brigade,35/8,Toss: Indus Dyanmos opt to bat,17 runs,Indus Dyanmos,Resulted,0,0,2026-09-01T20:30:29.296971+00:00
23597395,Limited Overs,TENNIS,past,2026-04-27T13:21:46.000Z,3003,Pune,1166464,Mrunal Cricket Ground Pimpri,1948509,SINDHI PREMIER LEAGUE 2026 SEASON 7,PREMIUM,3800936,League Matches,8976732,Dada Vaswani Brigade,65/5,8976737,Jai Baba Strikers,66/3,Toss: Dada Vaswani Brigade opt to bat,5 wickets,Jai Baba Strikers,Resulted,0,0,2026-09-01T20:30:29.296971+00:00
23644464,Limited Overs,LEATHER,past,2026-04-12T02:25:00.000Z,3003,Pune,406981,"30YCA Cricket Ground, Chandkhed",1889067,30YCA Summer Shield 4.0,,3699191,League Matches,1856543,DMC,145/9,4323345,Horizons Cricket Club,89/10,Toss: Horizons Cricket Club opt to field,56 runs,DMC,Resulted,0,0,2026-09-01T20:30:29.296971+00:00
23649668,Box Cricket,TENNIS,past,2026-04-03T12:48:24.000Z,3003,Pune,923367,Big Bounce,1953661,EPAM GS League- EGL,,3808361,League Matches,13023514,Power Hitters,91/4,13023657,Team 3,92/4,Toss: Team 3 opt to field,4 wickets,Team 3,Resulted,0,0,2026-09-01T20:30:29.296971+00:00
23650968,Box Cricket,TENNIS,past,2026-04-03T13:49:30.000Z,3003,Pune,923367,Big Bounce,1953661,EPAM GS League- EGL,,3808361,League Matches,13023527,Turf Titans,66/2,13023657,Team 3,55/4,Toss: Team 3 opt to field,11 runs,Turf Titans,Resulted,0,0,2026-09-01T20:30:29.296971+00:00
23652353,Box Cricket,TENNIS,past,2026-04-03T14:42:04.000Z,3003,Pune,923367,Big Bounce,1953661,EPAM GS League- EGL,,3808361,League Matches,13023514,Power Hitters,107/3,13023527,Turf Titans,86/4,Toss: Power Hitters opt to bat,21 runs,Power Hitters,Resulted,0,0,2026-09-01T20:30:29.296971+00:00
23658009,Limited Overs,TENNIS,past,2026-04-05T06:09:53.000Z,3003,Pune,1025297,RRR CRICKET GROUND BHUGAON,1886949,VANSH SPORTS WEEKEND CRICKET TOURNAMENT ,,3681125,League Matches,8170266,Pashan Avengers,116/10,6049986,Team Rupa Bhawani,117/5,Toss: Pashan Avengers opt to bat,5 wickets,Team Rupa Bhawani,Resulted,0,0,2026-09-01T20:30:29.296971+00:00
23661729,Limited Overs,TENNIS,past,2026-04-04T01:58:30.000Z,2796,Dehu Road,761381,Jolly Ground,,,,,,3382845,RISINGXI,83/5,882803,Rejoin Cricket Club,88/4,Toss: RISINGXI opt to bat,4 wickets,Rejoin Cricket Club,Resulted,0,0,2026-09-01T20:30:29.296971+00:00
23664142,Limited Overs,TENNIS,past,2026-04-04T03:21:29.000Z,3003,Pune,879865,"Pawar Public School, Hinjewadi",,,,,,12689373,GSM 11,98/7,12937455,Megapolis XI,49/10,Toss: Megapolis XI opt to field,49 runs,GSM 11,Resulted,0,0,2026-09-01T20:30:29.296971+00:00
23668337,Limited Overs,TENNIS,past,2026-04-04T05:45:38.000Z,3003,Pune,343776,DCTL Ground Dange Chowk,,,,,,11322242,Rising GW 11,108/7,9463243,Garden Strikers Dctl,112/4,Toss: Rising GW 11 opt to bat,6 wickets,Garden Strikers Dctl,Resulted,0,0,2026-09-01T20:30:29.296971+00:00
23679691,Limited Overs,TENNIS,past,2026-04-11T03:30:00.000Z,3003,Pune,242457,Hajare Sports Club,,,,,,12285314,Epam CC,140/6,12981369,Ocean 11,93/10,Toss: Epam CC opt to bat,47 runs,Epam CC,Resulted,0,0,2026-09-01T20:30:29.296971+00:00
23695383,Limited Overs,TENNIS,past,2026-04-05T02:07:38.000Z,2796,Dehu Road,34039,Dhobi cricket ground Dehuroad,,,,,,3382845,RISINGXI,109/7,882803,Rejoin Cricket Club,109/5,Toss: RISINGXI opt to bat,Tie,,Tie,0,0,2026-09-01T20:30:29.296971+00:00
23702087,Limited Overs,TENNIS,past,2026-04-05T03:44:50.000Z,769,Dehri,1151048,Jolly,,,,,,882803,Rejoin Cricket Club,160/5,3382845,RISINGXI,166/4,Toss: Rejoin Cricket Club opt to bat,6 wickets,RISINGXI,Resulted,0,0,2026-09-01T20:30:29.296971+00:00
23702517,Limited Overs,TENNIS,past,2026-04-05T03:51:05.000Z,2811,Dombivli,210739,Hedutane,1956524,Summer cup 2026,,3813082,League Matches,13041863,Champions teams - D,90/3,13046288,Team Dhurandhar,39/8,Toss: Team Dhurandhar opt to field,51 runs,Champions teams - D,Resulted,0,0,2026-09-01T20:30:29.296971+00:00
23709379,Limited Overs,TENNIS,past,2026-04-05T05:57:08.000Z,2811,Dombivli,210739,Hedutane,1956524,Summer cup 2026,,3813082,League Matches,13041701,LSG B,77/2,13041863,Champions teams - D,42/4,Toss: LSG B opt to bat,35 runs,LSG B,Resulted,0,0,2026-09-01T20:30:29.296971+00:00
23713458,Limited Overs,TENNIS,past,2026-04-05T07:27:14.000Z,2811,Dombivli,210739,Hedutane,1956524,Summer cup 2026,,3813082,League Matches,13041863,Champions teams - D,47/7,13041733,LSG A,48/5,Toss: Champions teams - D opt to bat,5 wickets,LSG A,Resulted,0,0,2026-09-01T20:30:29.296971+00:00
23732643,Limited Overs,TENNIS,past,2026-04-11T01:30:54.000Z,3003,Pune,409003,Eden Park,,,,,,10966034,NitroJains CC,100/5,11322242,Rising GW 11,123/6,Toss: Rising GW 11 opt to field,"6 wickets (vjd/other method - match reduced to 16 overs, target 120 runs)",Rising GW 11,Resulted,0,0,2026-09-01T20:30:29.296971+00:00
23760897,Limited Overs,TENNIS,past,2026-05-05T01:39:33.000Z,3003,Pune,6853,Infinity Cricket Ground,,,,,,2141326,TopGuns,120/6,9646363,Overtime Hitters,115/8,Toss: Overtime Hitters opt to field,5 runs,TopGuns,Resulted,0,0,2026-09-01T20:30:29.296971+00:00
23776272,Limited Overs,TENNIS,past,2026-04-08T01:40:33.000Z,3003,Pune,1042309,Lords Of Mulshi Cricket Ground,,,,,,9122285,POWER PANTHERS,105/10,3694193,Old Monk XI Cricket Club,109/4,Toss: POWER PANTHERS opt to bat,6 wickets,Old Monk XI Cricket Club,Resulted,0,0,2026-09-01T20:30:29.296971+00:00
23780301,Limited Overs,TENNIS,past,2026-04-18T03:43:19.000Z,3003,Pune,16196,Justcricket Academy,1938824,PWC CHAMPIONSHIP,,3780297,League Matches,10377386,Atlantis Warriors,187/9,5072971,Super Kings,134/9,Toss: Super Kings opt to field,53 runs,Atlantis Warriors,Resulted,0,0,2026-09-01T20:30:29.296971+00:00
23787860,Limited Overs,TENNIS,past,2026-04-12T01:43:09.000Z,3003,Pune,1021453,A2Z Lavale,,,,,,12285314,Epam CC,146/8,9426623,Kridangan Legends,54/10,Toss: Kridangan Legends opt to field,92 runs,Epam CC,Resulted,0,0,2026-09-01T20:30:29.296971+00:00
23793561,Box Cricket,TENNIS,past,2026-04-11T01:50:39.000Z,3003,Pune,903639,"Sk Sport, Hinjewadi",1960693,ESG Cricket Tournament Season 6 - 2026,,3824950,League Matches,13070385,SKY Strikers,63/7,13070398,Naga Fighters,68/3,Toss: Naga Fighters opt to field,3 wickets,Naga Fighters,Resulted,0,0,2026-09-01T20:30:29.296971+00:00
23804833,Limited Overs,TENNIS,past,2026-04-11T05:24:20.000Z,3003,Pune,309026,"Sachin Ghotkule Cricket Ground, Adhle",1964533,Friendship Cup - League 1 - 11th April 2026,,3830217,League Matches,2681274,Khadki Royals,71/6,6229382,AV Smashers,72/0,Toss: AV Smashers opt to field,10 wickets,AV Smashers,Resulted,0,0,2026-09-01T20:30:29.296971+00:00
23804858,Limited Overs,TENNIS,past,2026-04-11T07:46:12.000Z,3003,Pune,309026,"Sachin Ghotkule Cricket Ground, Adhle",1964533,Friendship Cup - League 1 - 11th April 2026,,3830217,League Matches,2681274,Khadki Royals,75/6,12694156,Komti Warriors,76/3,Toss: Komti Warriors opt to field,7 wickets,Komti Warriors,Resulted,0,0,2026-09-01T20:30:29.296971+00:00
23804867,Limited Overs,TENNIS,past,2026-04-11T09:11:08.000Z,3003,Pune,309026,"Sachin Ghotkule Cricket Ground, Adhle",1964533,Friendship Cup - League 1 - 11th April 2026,,3830217,League Matches,2681274,Khadki Royals,62/9,603833,Sinhagad Mavla,67/4,Toss: Khadki Royals opt to bat,6 wickets,Sinhagad Mavla,Resulted,0,0,2026-09-01T20:30:29.296971+00:00
23821072,Limited Overs,TENNIS,past,2026-04-11T01:26:45.000Z,3003,Pune,773490,Cricket Heaven Sports Club,,,,,,8120252,Infinitee Cricket Club,142/9,11656889,Signature Strikers,121/10,Toss: Signature Strikers opt to field,21 runs,Infinitee Cricket Club,Resulted,0,0,2026-09-01T20:30:29.296971+00:00
23821825,Limited Overs,TENNIS,past,2026-04-11T04:10:00.000Z,3003,Pune,1025297,RRR CRICKET GROUND BHUGAON,1946838,VANSH SPORTS WEEKEND 12 OVERS TOURNAMENT ,,3809540,League Matches,6830244,IVORY STRIKERS,142/8,7760962,Phoenix XI,144/0,Toss: IVORY STRIKERS opt to bat,10 wickets,Phoenix XI,Resulted,0,0,2026-09-01T20:30:29.296971+00:00
23822100,Limited Overs,TENNIS,past,2026-04-12T01:35:45.000Z,3003,Pune,25806,"Masters Cricket Club Ground, Kolwadi",,,,,,3264758,RA Hustlers,93/10,8967314,RA Spartans,96/5,Toss: RA Hustlers opt to bat,5 wickets,RA Spartans,Resulted,0,0,2026-09-01T20:30:29.296971+00:00
23826000,Box Cricket,TENNIS,past,2026-04-12T01:52:54.000Z,3003,Pune,903639,"Sk Sport, Hinjewadi",1960693,ESG Cricket Tournament Season 6 - 2026,,3824950,League Matches,13070385,SKY Strikers,120/2,13070202,Para Warriors,48/6,Toss: Para Warriors opt to field,72 runs,SKY Strikers,Resulted,0,0,2026-09-01T20:30:29.296971+00:00
23831592,Limited Overs,TENNIS,past,2026-04-11T06:19:58.000Z,3003,Pune,1025297,RRR CRICKET GROUND BHUGAON,1946838,VANSH SPORTS WEEKEND 12 OVERS TOURNAMENT ,,3809540,League Matches,6830244,IVORY STRIKERS,110/9,8170266,Pashan Avengers,111/0,Toss: IVORY STRIKERS opt to bat,10 wickets,Pashan Avengers,Resulted,0,0,2026-09-01T20:30:29.296971+00:00
23833168,Limited Overs,LEATHER,past,2026-04-10T14:06:00.000Z,3004,Pune Cantonment,1155085,TCCG,,,,,,9175480,Glory Cricket Club,200/8,7917374,Night Riders,179/10,Toss: Glory Cricket Club opt to bat,21 runs,Glory Cricket Club,Resulted,0,0,2026-09-01T20:30:29.296971+00:00
23833928,Limited Overs,TENNIS,past,2026-04-11T02:24:14.000Z,3003,Pune,821786,Godrej GROUND Keshavnagar,1963315,Keshavnagar Society Primer league ,,3833615,League Matches,11014191,Super Strikers,93/3,13093464,VO Wariors L,58/7,Toss: VO Wariors L opt to field,35 runs,Super Strikers,Resulted,0,0,2026-09-01T20:30:29.296971+00:00
23835158,Limited Overs,LEATHER,past,2026-04-18T03:42:31.000Z,3003,Pune,423486,AK Kotkar DY Patil Ground Salumbre,1937447,DY Patil AK Club T20 Summer Championship ,,3834914,League Matches,2223945,Life Republic Royals,191/7,109207,"eQ Technologic, Pune",49/9,Toss: Life Republic Royals opt to bat,142 runs,Life Republic Royals,Resulted,0,0,2026-09-01T20:30:29.296971+00:00
23836407,Limited Overs,TENNIS,past,2026-04-11T04:52:35.000Z,3003,Pune,821786,Godrej GROUND Keshavnagar,1963315,Keshavnagar Society Primer league ,,3833615,League Matches,13093464,VO Wariors L,78/6,13088517,VO Bashers,80/1,Toss: VO Wariors L opt to bat,9 wickets,VO Bashers,Resulted,0,0,2026-09-01T20:30:29.296971+00:00
23857502,Box Cricket,TENNIS,past,2026-04-11T14:41:28.000Z,3003,Pune,70350,Soccer And Snooker Dhanori,1951440,"SOCCER N SNOOKER , Box Cricket League - Season 16",,3811327,League Matches,13008860,DN SPORTS,47/1,4046863,HINDAVI SWARAJYA,40/4,Toss: HINDAVI SWARAJYA opt to field,7 runs,DN SPORTS,Resulted,0,0,2026-09-01T20:30:29.296971+00:00
23857533,Box Cricket,TENNIS,past,2026-04-11T15:35:56.000Z,3003,Pune,70350,Soccer And Snooker Dhanori,1951440,"SOCCER N SNOOKER , Box Cricket League - Season 16",,3811327,League Matches,4046863,HINDAVI SWARAJYA,51/0,13029283,Thunder Strikers,49/4,Toss: HINDAVI SWARAJYA opt to bat,2 runs,HINDAVI SWARAJYA,Resulted,0,0,2026-09-01T20:30:29.296971+00:00
23857559,Box Cricket,TENNIS,past,2026-04-11T16:21:33.000Z,3003,Pune,70350,Soccer And Snooker Dhanori,1951440,"SOCCER N SNOOKER , Box Cricket League - Season 16",,3811327,League Matches,12751828,NYATI ERA,26/4,4046863,HINDAVI SWARAJYA,30/1,Toss: NYATI ERA opt to bat,4 wickets,HINDAVI SWARAJYA,Resulted,0,0,2026-09-01T20:30:29.296971+00:00
23873206,Limited Overs,TENNIS,past,2026-04-18T03:36:36.000Z,3003,Pune,242457,Hajare Sports Club,,,,,,12285314,Epam CC,157/5,12981369,Ocean 11,60/10,Toss: Epam CC opt to bat,97 runs,Epam CC,Resulted,0,0,2026-09-01T20:30:29.296971+00:00
23873298,Box Cricket,TENNIS,past,2026-04-11T17:07:36.000Z,3003,Pune,70350,Soccer And Snooker Dhanori,1951440,"SOCCER N SNOOKER , Box Cricket League - Season 16",,3840291,Semi Final,6015505,CARLSBERG 11,64/2,4046863,HINDAVI SWARAJYA,65/0,Toss: HINDAVI SWARAJYA opt to field,5 wickets,HINDAVI SWARAJYA,Resulted,0,0,2026-09-01T20:30:29.296971+00:00
23875030,Box Cricket,TENNIS,past,2026-04-11T18:08:32.000Z,3003,Pune,70350,Soccer And Snooker Dhanori,1951440,"SOCCER N SNOOKER , Box Cricket League - Season 16",,3840595,Final,4046863,HINDAVI SWARAJYA,44/4,13008860,DN SPORTS,33/5,Toss: DN SPORTS opt to field,11 runs,HINDAVI SWARAJYA,Resulted,0,0,2026-09-01T20:30:29.296971+00:00
23878240,Limited Overs,TENNIS,past,2026-04-12T01:15:24.000Z,3003,Pune,821786,Godrej GROUND Keshavnagar,1963315,Keshavnagar Society Primer league ,,3833615,League Matches,13093464,VO Wariors L,78/1,13087352,Vo Titans,77/6,Toss: VO Wariors L opt to bat,1 run,VO Wariors L,Resulted,0,0,2026-09-01T20:30:29.296971+00:00
23882778,Limited Overs,TENNIS,past,2026-04-12T03:59:12.000Z,3003,Pune,1129687,"Lord Of Mulshi, Pune",,,,,,10144610,Range Hills B,208/2,10937722,Range hills A,180/7,Toss: Range hills A opt to field,28 runs,Range Hills B,Resulted,0,0,2026-09-01T20:30:29.296971+00:00
23883884,Limited Overs,TENNIS,past,2026-04-12T02:18:26.000Z,2964,Nashik,724146,Abhishek Eden Garden,1969251,ww 12 april -  Tournament ,,3841509,League Matches,9402090,Team B,41/7,9402093,Team C,46/1,Toss: Team C opt to field,5 wickets,Team C,Resulted,0,0,2026-09-01T20:30:29.296971+00:00
23887383,Limited Overs,TENNIS,past,2026-04-12T03:00:39.000Z,2964,Nashik,724146,Abhishek Eden Garden,1969251,ww 12 april -  Tournament ,,3841509,League Matches,9402088,Team A,134/3,9402090,Team B,83/5,Toss: Team A opt to bat,51 runs,Team A,Resulted,0,0,2026-09-01T20:30:29.296971+00:00
23889362,Limited Overs,TENNIS,past,2026-04-12T03:30:07.000Z,2964,Nashik,724146,Abhishek Eden Garden,1969251,ww 12 april -  Tournament ,,3841509,League Matches,9402093,Team C,100/2,9402090,Team B,102/4,Toss: Team C opt to bat,2 wickets,Team B,Resulted,0,0,2026-09-01T20:30:29.296971+00:00
23893914,Limited Overs,TENNIS,past,2026-04-12T04:53:34.000Z,2964,Nashik,724146,Abhishek Eden Garden,1969251,ww 12 april -  Tournament ,,3841509,League Matches,9402090,Team B,104/3,9402088,Team A,78/6,Toss: Team B opt to bat,26 runs,Team B,Resulted,0,0,2026-09-01T20:30:29.296971+00:00
23899223,Limited Overs,TENNIS,past,2026-04-12T13:32:08.000Z,3004,Pune Cantonment,471685,Achievers Cricket Ground,1912354,Park Street Cricket Carnival 2026,,3842889,Final,6830244,IVORY STRIKERS,61/9,12588312,Titanium United,65/5,Toss: IVORY STRIKERS opt to bat,5 wickets,Titanium United,Resulted,0,0,2026-09-01T20:30:29.296971+00:00
23899550,Limited Overs,LEATHER,past,2026-04-26T09:23:00.000Z,3003,Pune,282913,Cricathon Cricket Ground,1908655,Cricathon Hexagon Cup T20 Weekend Day,,3759115,League Matches,4454119,Kshatriya,122/10,2223945,Life Republic Royals,126/2,Toss: Kshatriya opt to bat,8 wickets,Life Republic Royals,Resulted,0,0,2026-09-01T20:30:29.296971+00:00
23908639,Limited Overs,TENNIS,past,2026-04-12T09:38:07.000Z,3003,Pune,854287,Dange Chowk T20 League Ground-05,1959719,DCTL Season 22,,3827306,League Matches,3374964,STRIKERS,213/10,13104054,Rising GW 11 DCTL,135/10,Toss: STRIKERS opt to bat,78 runs,STRIKERS,Resulted,0,0,2026-09-01T20:30:29.296971+00:00
23918906,Limited Overs,LEATHER,past,2026-04-19T04:02:00.000Z,3003,Pune,619099,Kings Sports Club Hadapsar,1592443,Mahil Sports Presents KPL Mix Corporate T22 League Season-17,,3081577,Semi Final,3499616,MIGHTY LIONS,227/6,4467797,Sparta,154/10,Toss: Sparta opt to field,73 runs,MIGHTY LIONS,Resulted,0,0,2026-09-01T20:30:29.296971+00:00
23923840,Limited Overs,LEATHER,past,2026-04-18T09:37:41.000Z,3003,Pune,964544,Lords of Mawal,1927989,Runbhumi Season 2 ,,3793288,League Matches,6914624,Elites 11,122/10,5641245,Cric11 Cricket,124/5,Toss: Cric11 Cricket opt to field,5 wickets,Cric11 Cricket,Resulted,0,0,2026-09-01T20:30:29.296971+00:00
23934204,Limited Overs,LEATHER,past,2026-04-19T09:23:19.000Z,3003,Pune,456738,"30YCA Spark Cricket Ground, Jambhe",1934612,30YCA Titans Cup T25 White Ball,,3773524,League Matches,2223945,Life Republic Royals,204/9,2430970,Fighters Cricket Club,138/10,Toss: Fighters Cricket Club opt to field,66 runs,Life Republic Royals,Resulted,0,0,2026-09-01T20:30:29.296971+00:00
23941021,Limited Overs,TENNIS,past,2026-04-19T01:27:53.000Z,3003,Pune,563400,Kridangan Turf,,,,,,12285314,Epam CC,111/9,9426623,Kridangan Legends,95/10,Toss: Kridangan Legends opt to field,16 runs,Epam CC,Resulted,0,0,2026-09-01T20:30:29.296971+00:00
23969245,Box Cricket,TENNIS,past,2026-04-14T12:46:56.000Z,2964,Nashik,1029658,Palm sports club 1,1971771,"Turf Tournament by SCC, MS and HCC - 1",,3849551,League Matches,13145802,Sahyadri Strikers,52/3,13145831,Powerplay Riders,46/4,Toss: Sahyadri Strikers opt to bat,6 runs,Sahyadri Strikers,Resulted,0,0,2026-09-01T20:30:29.296971+00:00
23969249,Box Cricket,TENNIS,past,2026-04-14T13:38:00.000Z,2964,Nashik,1029658,Palm sports club 1,1971771,"Turf Tournament by SCC, MS and HCC - 1",,3849551,League Matches,13145817,Morning Warriors,34/6,13145831,Powerplay Riders,35/1,Toss: Morning Warriors opt to bat,4 wickets,Powerplay Riders,Resulted,0,0,2026-09-01T20:30:29.296971+00:00
23969253,Box Cricket,TENNIS,past,2026-04-14T14:19:20.000Z,2964,Nashik,1029658,Palm sports club 1,1971771,"Turf Tournament by SCC, MS and HCC - 1",,3849551,League Matches,13145807,Sahyadri Hitters,61/6,13145831,Powerplay Riders,63/0,Toss: Sahyadri Hitters opt to bat,5 wickets,Powerplay Riders,Resulted,0,0,2026-09-01T20:30:29.296971+00:00
23969256,Box Cricket,TENNIS,past,2026-04-14T14:52:05.000Z,2964,Nashik,1029659,Palm sports club 2,1971771,"Turf Tournament by SCC, MS and HCC - 1",,3849551,League Matches,13145823,Powerplay Chargers,52/3,13145831,Powerplay Riders,34/6,Toss: Powerplay Riders opt to field,18 runs,Powerplay Chargers,Resulted,0,0,2026-09-01T20:30:29.296971+00:00
23969259,Box Cricket,TENNIS,past,2026-04-14T15:20:17.000Z,2964,Nashik,1029659,Palm sports club 2,1971771,"Turf Tournament by SCC, MS and HCC - 1",,3849551,League Matches,13145813,Morning Smashers,51/2,13145831,Powerplay Riders,56/2,Toss: Morning Smashers opt to bat,3 wickets,Powerplay Riders,Resulted,0,0,2026-09-01T20:30:29.296971+00:00
23973765,Box Cricket,TENNIS,past,2026-04-14T15:56:02.000Z,2964,Nashik,1029659,Palm sports club 2,1971771,"Turf Tournament by SCC, MS and HCC - 1",,3849553,Eliminator,13145831,Powerplay Riders,31/5,13145813,Morning Smashers,37/1,Toss: Morning Smashers opt to field,4 wickets,Morning Smashers,Resulted,0,0,2026-09-01T20:30:29.296971+00:00
23980544,Limited Overs,LEATHER,past,2026-04-19T04:04:00.000Z,3003,Pune,59762,Barne Academy Ground Pusane,1972818,SHILEDAAR WEEKEND TROPHY ,,3854555,League Matches,6914624,Elites 11,168/10,12163472,Boundary Line Elite - XI,172/4,Toss: Boundary Line Elite - XI opt to field,6 wickets,Boundary Line Elite - XI,Resulted,0,0,2026-09-01T20:30:29.296971+00:00
24039194,Box Cricket,TENNIS,past,2026-04-18T01:39:34.000Z,3003,Pune,903639,"Sk Sport, Hinjewadi",1960693,ESG Cricket Tournament Season 6 - 2026,,3824950,League Matches,13070385,SKY Strikers,46/7,13070263,Battle Hawks,49/1,Toss: Battle Hawks opt to field,6 wickets,Battle Hawks,Resulted,0,0,2026-09-01T20:30:29.296971+00:00
24039399,Box Cricket,TENNIS,past,2026-04-18T03:27:43.000Z,3003,Pune,903639,"Sk Sport, Hinjewadi",1960693,ESG Cricket Tournament Season 6 - 2026,,3824950,League Matches,13070385,SKY Strikers,51/7,13070427,Rajput Raiders,53/0,Toss: Rajput Raiders opt to field,7 wickets,Rajput Raiders,Resulted,0,0,2026-09-01T20:30:29.296971+00:00
24053233,Limited Overs,TENNIS,past,2026-04-19T03:31:20.000Z,3003,Pune,343490,"Pune Cricket Club, Wagholi",,,,,,8842896,Vijay Vihar Dominators,165/5,8967314,RA Spartans,123/10,Toss: Vijay Vihar Dominators opt to bat,42 runs,Vijay Vihar Dominators,Resulted,0,0,2026-09-01T20:30:29.296971+00:00
24063276,Box Cricket,TENNIS,past,2026-04-19T07:21:15.000Z,3003,Pune,859318,Jagadguru Turf 2,1905985,Shivray Pratishthan Premier League 2026,,3866548,League Matches,13217090,Satyam (Maratha Warriors),21/4,4046863,HINDAVI SWARAJYA,22/0,Toss: HINDAVI SWARAJYA opt to field,6 wickets,HINDAVI SWARAJYA,Resulted,0,0,2026-09-01T20:30:29.296971+00:00
24063327,Box Cricket,TENNIS,past,2026-04-19T05:28:09.000Z,3003,Pune,859318,Jagadguru Turf 2,1905985,Shivray Pratishthan Premier League 2026,,3866548,League Matches,13218127,Anish (SNCC OM 11),53/3,4046863,HINDAVI SWARAJYA,54/4,Toss: Anish (SNCC OM 11) opt to bat,2 wickets,HINDAVI SWARAJYA,Resulted,0,0,2026-09-01T20:30:29.296971+00:00
24063355,Box Cricket,TENNIS,past,2026-04-19T09:13:14.000Z,3003,Pune,859318,Jagadguru Turf 2,1905985,Shivray Pratishthan Premier League 2026,,3866548,League Matches,4046863,HINDAVI SWARAJYA,75/3,13217113,Shekhar (Deccan Boys),58/3,Toss: HINDAVI SWARAJYA opt to bat,17 runs,HINDAVI SWARAJYA,Resulted,0,0,2026-09-01T20:30:29.296971+00:00
24063409,Box Cricket,TENNIS,past,2026-04-19T08:44:29.000Z,3003,Pune,859318,Jagadguru Turf 2,1905985,Shivray Pratishthan Premier League 2026,,3866548,League Matches,4046863,HINDAVI SWARAJYA,70/4,13217138,Swapnil 11,22/6,Toss: HINDAVI SWARAJYA opt to bat,48 runs,HINDAVI SWARAJYA,Resulted,0,0,2026-09-01T20:30:29.296971+00:00
24070589,Box Cricket,TENNIS,past,2026-04-19T01:30:32.000Z,3003,Pune,439566,"Embassy TechZone Cricket Ground, Hinjewadi",,,,,,9161647,Desi Challengers,174/9,10933879,Desi Dynamos,178/5,Toss: Desi Challengers opt to bat,4 wickets,Desi Dynamos,Resulted,0,0,2026-09-01T20:30:29.296971+00:00
24101323,Box Cricket,TENNIS,past,2026-04-19T10:16:28.000Z,3003,Pune,859317,Jagadguru Turf 1,1905985,Shivray Pratishthan Premier League 2026,,3871180,Semi Final,13217129,Bharat (Puneri Paltan),44/3,4046863,HINDAVI SWARAJYA,48/0,Toss: Bharat (Puneri Paltan) opt to bat,6 wickets,HINDAVI SWARAJYA,Resulted,0,0,2026-09-01T20:30:29.296971+00:00
24104370,Box Cricket,TENNIS,past,2026-04-19T11:31:52.000Z,3003,Pune,859317,Jagadguru Turf 1,1905985,Shivray Pratishthan Premier League 2026,,3871653,Final,13218127,Anish (SNCC OM 11),43/4,4046863,HINDAVI SWARAJYA,18/6,Toss: HINDAVI SWARAJYA opt to field,25 runs,Anish (SNCC OM 11),Resulted,0,0,2026-09-01T20:30:29.296971+00:00
24106552,Limited Overs,LEATHER,past,2026-05-01T04:22:44.000Z,3003,Pune,12485,Mulshi Cricket Ground,1421814,Runbhumi T20 Cup ,,3755539,Semi Final,2324045,BraveHeart CC,190/5,6914624,Elites 11,131/10,Toss: BraveHeart CC opt to bat,59 runs,BraveHeart CC,Resulted,0,0,2026-09-01T20:30:29.296971+00:00
24121069,Limited Overs,LEATHER,past,2026-04-22T14:26:44.000Z,3003,Pune,282913,Cricathon Cricket Ground,1984694,Cricathon Jatayu Cup Weekday Night T20 Season 7,,3874556,League Matches,2223945,Life Republic Royals,208/5,13186594,STELLER STRIKERS,188/10,Toss: Life Republic Royals opt to bat,20 runs,Life Republic Royals,Resulted,0,0,2026-09-01T20:30:29.296971+00:00
24126023,Limited Overs,TENNIS,past,2026-04-22T15:36:38.000Z,3003,Pune,313027,Spark Cricket Ground A1,,,,,,13153161,Silly Point Squad,175/2,6830244,IVORY STRIKERS,143/6,Toss: Silly Point Squad opt to bat,32 runs,Silly Point Squad,Resulted,0,0,2026-09-01T20:30:29.296971+00:00
24143574,Limited Overs,TENNIS,past,2026-04-25T10:45:23.000Z,3000,Pimpri,1165079,Club Chrysalis,,,,,,13158511,Hurricane Hitters,106/10,12285314,Epam CC,109/6,Toss: Hurricane Hitters opt to bat,4 wickets,Epam CC,Resulted,0,0,2026-09-01T20:30:29.296971+00:00
24148577,Limited Overs,TENNIS,past,2026-04-26T01:23:22.000Z,3003,Pune,744485,A to Z CRICKET GROUND LAVALE,,,,,,11656889,Signature Strikers,152/5,8127765,Monarch Challengers,155/4,Toss: Signature Strikers opt to bat,6 wickets,Monarch Challengers,Resulted,0,0,2026-09-01T20:30:29.296971+00:00
24184675,Box Cricket,TENNIS,past,2026-04-25T11:08:25.000Z,2964,Nashik,175040,Sports Culture Club,1988753,SERENE MEADOWS PREMIER LEAGUE 2026,,3881133,League Matches,13265154,AMAZON DOMINATORS,72/6,13273830,NITU$ BEAUTY PARLOUR,63/4,Toss: NITU$ BEAUTY PARLOUR opt to field,9 runs,AMAZON DOMINATORS,Resulted,0,0,2026-09-01T20:30:29.296971+00:00
24184679,Box Cricket,TENNIS,past,2026-04-25T12:49:50.000Z,2964,Nashik,175040,Sports Culture Club,1988753,SERENE MEADOWS PREMIER LEAGUE 2026,,3881133,League Matches,13265154,AMAZON DOMINATORS,76/7,13265233,TROPICANO THUNDERS,51/4,Toss: TROPICANO THUNDERS opt to field,25 runs,AMAZON DOMINATORS,Resulted,0,0,2026-09-01T20:30:29.296971+00:00
24184694,Box Cricket,TENNIS,past,2026-04-25T14:23:10.000Z,2964,Nashik,175040,Sports Culture Club,1988753,SERENE MEADOWS PREMIER LEAGUE 2026,,3881133,League Matches,13265227,TROPICANO TITANS,55/6,13265154,AMAZON DOMINATORS,56/3,Toss: TROPICANO TITANS opt to bat,6 wickets,AMAZON DOMINATORS,Resulted,0,0,2026-09-01T20:30:29.296971+00:00
24184699,Box Cricket,TENNIS,past,2026-04-25T15:57:03.000Z,2964,Nashik,175040,Sports Culture Club,1988753,SERENE MEADOWS PREMIER LEAGUE 2026,,3881133,League Matches,13265214,PRANGAN DOMINATORS,22/7,13265154,AMAZON DOMINATORS,26/0,Toss: AMAZON DOMINATORS opt to field,9 wickets,AMAZON DOMINATORS,Resulted,0,0,2026-09-01T20:30:29.296971+00:00
24184704,Box Cricket,TENNIS,past,2026-04-25T17:10:10.000Z,2964,Nashik,175040,Sports Culture Club,1988753,SERENE MEADOWS PREMIER LEAGUE 2026,,3881133,League Matches,13265154,AMAZON DOMINATORS,43/7,13265199,LUXURIA WARRIORS,44/2,Toss: AMAZON DOMINATORS opt to bat,7 wickets,LUXURIA WARRIORS,Resulted,0,0,2026-09-01T20:30:29.296971+00:00
24184708,Box Cricket,TENNIS,past,2026-04-26T11:37:56.000Z,2964,Nashik,175040,Sports Culture Club,1988753,SERENE MEADOWS PREMIER LEAGUE 2026,,3881133,League Matches,13265154,AMAZON DOMINATORS,77/2,13265195,EXCELENCIA STRIKERS,81/1,Toss: AMAZON DOMINATORS opt to bat,8 wickets,EXCELENCIA STRIKERS,Resulted,0,0,2026-09-01T20:30:29.296971+00:00
24184713,Box Cricket,TENNIS,past,2026-04-26T13:09:43.000Z,2964,Nashik,175040,Sports Culture Club,1988753,SERENE MEADOWS PREMIER LEAGUE 2026,,3881133,League Matches,13265191,EXCELENCIA ALPHA,53/7,13265154,AMAZON DOMINATORS,57/1,Toss: AMAZON DOMINATORS opt to field,8 wickets,AMAZON DOMINATORS,Resulted,0,0,2026-09-01T20:30:29.296971+00:00
24193816,Limited Overs,TENNIS,past,2026-04-24T01:57:43.000Z,3003,Pune,6853,Infinity Cricket Ground,,,,,,2977431,The Legenders,127/10,9646363,Overtime Hitters,130/9,Toss: Overtime Hitters opt to field,1 wicket,Overtime Hitters,Resulted,0,0,2026-09-01T20:30:29.296971+00:00
24207175,Limited Overs,TENNIS,past,2026-04-28T15:40:00.000Z,3003,Pune,1153384,TRIPLE CROWN CRICKET GROUND,1865109,SAMANVAY  NIGHT Tournament 2025-26,,3627139,League Matches,6941126,SAMANVAY,170/2,6830244,IVORY STRIKERS,123/9,Toss: SAMANVAY opt to bat,47 runs,SAMANVAY,Resulted,0,0,2026-09-01T20:30:29.296971+00:00
24211928,Limited Overs,TENNIS,past,2026-05-31T01:17:13.000Z,3003,Pune,837481,CHANGBHALE CRICKET GROUND,,,,,,12285314,Epam CC,122/10,11656889,Signature Strikers,123/6,Toss: Epam CC opt to bat,4 wickets,Signature Strikers,Resulted,0,0,2026-09-01T20:30:29.296971+00:00
24214796,Limited Overs,LEATHER,past,2026-05-10T05:58:00.000Z,3003,Pune,964544,Lords of Mawal,1649954,DY PATIL CORPORATE LEAGUE SEASON 2 ,,3191586,League Matches,2765155,CricUnited XI,217/5,6343925,UNITED CRICKET CLUB & SQUAD,121/10,Toss: CricUnited XI opt to bat,96 runs,CricUnited XI,Resulted,0,0,2026-09-01T20:30:29.296971+00:00
24218199,Limited Overs,TENNIS,past,2026-04-25T01:35:20.000Z,2966,Navi Mumbai,1165833,Umbrali,1988654,Champions Clash,,3888058,Super Knockout,13264629,Savage Eleven,242/6,13264618,Golden Eagles,118/10,Toss: Savage Eleven opt to bat,124 runs,Savage Eleven,Resulted,0,0,2026-09-01T20:30:29.296971+00:00
24223209,Limited Overs,TENNIS,past,2026-04-26T03:52:02.000Z,3003,Pune,242457,Hajare Sports Club,,,,,,12981369,Ocean 11,61/10,12285314,Epam CC,63/2,Toss: Ocean 11 opt to bat,7 wickets,Epam CC,Resulted,0,0,2026-09-01T20:30:29.296971+00:00
24227484,Limited Overs,TENNIS,past,2026-04-26T03:42:03.000Z,3003,Pune,964551,Lords of Mulshi,,,,,,13294535,STRIKERS,163/8,3482011,Range Hills Rangers,120/8,Toss: STRIKERS opt to bat,43 runs,STRIKERS,Resulted,0,0,2026-09-01T20:30:29.296971+00:00
24242980,Limited Overs,TENNIS,past,2026-04-25T16:39:59.000Z,3003,Pune,531658,ground zero Gmall Manjari Keshavnagar,,,,,,13301433,Anupam Legends,78/4,13301402,Vaibhav Legends,80/2,Toss: Anupam Legends opt to bat,3 wickets,Vaibhav Legends,Resulted,0,0,2026-09-01T20:30:29.296971+00:00
24244074,Limited Overs,TENNIS,past,2026-04-25T17:21:48.000Z,3003,Pune,531658,ground zero Gmall Manjari Keshavnagar,,,,,,13301402,Vaibhav Legends,93/4,13301433,Anupam Legends,94/2,Toss: Vaibhav Legends opt to bat,3 wickets,Anupam Legends,Resulted,0,0,2026-09-01T20:30:29.296971+00:00
24245011,Limited Overs,TENNIS,past,2026-04-25T18:04:38.000Z,3003,Pune,531658,ground zero Gmall Manjari Keshavnagar,,,,,,13301402,Vaibhav Legends,45/4,13301433,Anupam Legends,46/4,Toss: Vaibhav Legends opt to bat,1 wicket,Anupam Legends,Resulted,0,0,2026-09-01T20:30:29.296971+00:00
24252257,Limited Overs,TENNIS,past,2026-04-26T01:59:22.000Z,2811,Dombivli,1168446,Ekvira,,,,,,10858122,PaLava Blasters,163/10,6311696,LSG cricket club,155/11,Toss: LSG cricket club opt to field,8 runs,PaLava Blasters,Resulted,0,0,2026-09-01T20:30:29.296971+00:00
24259462,Limited Overs,TENNIS,past,2026-04-26T03:50:33.000Z,3003,Pune,64537,DN Parande,,,,,,11403591,Op 11,140/5,10377386,Atlantis Warriors,142/8,Toss: Op 11 opt to bat,2 wickets,Atlantis Warriors,Resulted,0,0,2026-09-01T20:30:29.296971+00:00
24262617,Limited Overs,TENNIS,past,2026-04-26T04:57:19.000Z,3003,Pune,907852,Hajare Cricket Ground,,,,,,12285314,Epam CC,66/4,12981369,Ocean 11,69/6,Toss: Epam CC opt to bat,4 wickets,Ocean 11,Resulted,0,0,2026-09-01T20:30:29.296971+00:00
24263135,Limited Overs,LEATHER,past,2026-05-03T12:14:00.000Z,3003,Pune,456738,"30YCA Spark Cricket Ground, Jambhe",1934612,30YCA Titans Cup T25 White Ball,,3773524,League Matches,2223945,Life Republic Royals,247/10,12900080,Phantom,95/10,Toss: Life Republic Royals opt to bat,152 runs,Life Republic Royals,Resulted,0,0,2026-09-01T20:30:29.296971+00:00
24283859,Box Cricket,TENNIS,past,2026-04-26T14:44:41.000Z,2964,Nashik,175040,Sports Culture Club,1988753,SERENE MEADOWS PREMIER LEAGUE 2026,,3881135,Qualifier 1,13265199,LUXURIA WARRIORS,88/2,13265154,AMAZON DOMINATORS,92/3,Toss: LUXURIA WARRIORS opt to bat,6 wickets,AMAZON DOMINATORS,Resulted,0,0,2026-09-01T20:30:29.296971+00:00
24286120,Box Cricket,TENNIS,past,2026-04-26T16:31:51.000Z,2964,Nashik,175040,Sports Culture Club,1988753,SERENE MEADOWS PREMIER LEAGUE 2026,,3881134,Final,13265199,LUXURIA WARRIORS,87/2,13265154,AMAZON DOMINATORS,74/7,Toss: LUXURIA WARRIORS opt to bat,13 runs,LUXURIA WARRIORS,Resulted,0,0,2026-09-01T20:30:29.296971+00:00
24293694,Limited Overs,TENNIS,past,2026-05-12T01:27:00.000Z,3003,Pune,767694,Four Star Cricket Ground,,,,,,9646363,Overtime Hitters,116/10,7927431,Sangria Cricket Club,117/6,Toss: Sangria Cricket Club opt to field,4 wickets,Sangria Cricket Club,Resulted,0,0,2026-09-01T20:30:29.296971+00:00
24303487,Limited Overs,TENNIS,past,2026-04-28T01:33:58.000Z,3003,Pune,6853,Infinity Cricket Ground,,,,,,2647568,Yashwin Stars,76/10,9646363,Overtime Hitters,77/6,Toss: Overtime Hitters opt to field,4 wickets,Overtime Hitters,Resulted,0,0,2026-09-01T20:30:29.296971+00:00
24307044,Limited Overs,TENNIS,past,2026-05-01T03:40:58.000Z,3003,Pune,242457,Hajare Sports Club,,,,,,6830244,IVORY STRIKERS,121/6,12285314,Epam CC,120/7,Toss: IVORY STRIKERS opt to bat,1 run,IVORY STRIKERS,Resulted,0,0,2026-09-01T20:30:29.296971+00:00
24322789,Limited Overs,LEATHER,past,2026-05-09T06:00:21.000Z,3003,Pune,964544,Lords of Mawal,1592499,DY PATIL CUP SEASON 1 ,,3874136,Quarter Final,6914624,Elites 11,138/9,9209446,RudraRoyal,43/2,Toss: Elites 11 opt to bat,Due to rain and wet outfield further play is not possible.,,Abandoned,0,0,2026-09-01T20:30:29.296971+00:00
24324314,Limited Overs,TENNIS,past,2026-05-03T01:34:28.000Z,3003,Pune,56265,CHAMPIONS FIELD,,,,,,8967314,RA Spartans,143/6,11014237,OSCARS-XI,147/8,Toss: OSCARS-XI opt to field,2 wickets,OSCARS-XI,Resulted,0,0,2026-09-01T20:30:29.296971+00:00
24332208,Limited Overs,LEATHER,past,2026-05-02T05:53:00.000Z,3003,Pune,434865,Dy Patil Ground Salumbare,1937447,DY Patil AK Club T20 Summer Championship ,,3834914,League Matches,2223945,Life Republic Royals,240/8,9225602,Township Heroes,150/10,Toss: Life Republic Royals opt to bat,90 runs,Life Republic Royals,Resulted,0,0,2026-09-01T20:30:29.296971+00:00
24337827,Limited Overs,TENNIS,past,2026-05-03T16:17:54.000Z,3003,Pune,566142,Chhatrapati Shivaji Maharaj Cricket Club.,1991090,Life Republic Premier League - Season 17,,3885884,League Matches,1619040,R-ONE WhiteSHARKS,187/3,2223945,Life Republic Royals,188/6,Toss: R-ONE WhiteSHARKS opt to bat,4 wickets,Life Republic Royals,Resulted,0,0,2026-09-01T20:30:29.296971+00:00
24343550,Limited Overs,LEATHER,past,2026-05-16T05:52:00.000Z,3003,Pune,242457,Hajare Sports Club,1649954,DY PATIL CORPORATE LEAGUE SEASON 2 ,,3191586,League Matches,5075786,Yashwin Cricket Club,131/10,2765155,CricUnited XI,134/6,Toss: Yashwin Cricket Club opt to bat,4 wickets,CricUnited XI,Resulted,0,0,2026-09-01T20:30:29.296971+00:00
24350221,Limited Overs,LEATHER,past,2026-05-16T04:36:00.000Z,3003,Pune,59762,Barne Academy Ground Pusane,1972818,SHILEDAAR WEEKEND TROPHY ,,3854555,League Matches,6914624,Elites 11,142/10,12619006,Team Rebel Club,145/5,Toss: Elites 11 opt to bat,5 wickets,Team Rebel Club,Resulted,0,0,2026-09-01T20:30:29.296971+00:00
24352620,Box Cricket,TENNIS,past,2026-05-02T11:52:52.000Z,2811,Dombivli,672276,The Midfield Arena,2000932,CRS PALAVA PREMIER LEAGUE- EDITION 1,,3906488,League Matches,13349863,SUPER KINGS,82/2,13349944,SUNFIRE STRIKERS,47/8,Toss: SUPER KINGS opt to bat,35 runs,SUPER KINGS,Resulted,0,0,2026-09-01T20:30:29.296971+00:00
24352745,Box Cricket,TENNIS,past,2026-05-02T12:58:30.000Z,2811,Dombivli,672276,The Midfield Arena,2000932,CRS PALAVA PREMIER LEAGUE- EDITION 1,,3906488,League Matches,13349863,SUPER KINGS,69/6,13348812,ROYAL CHALLENGERS,64/5,Toss: SUPER KINGS opt to bat,5 runs,SUPER KINGS,Resulted,0,0,2026-09-01T20:30:29.296971+00:00
24352760,Box Cricket,TENNIS,past,2026-05-02T13:31:34.000Z,2811,Dombivli,672276,The Midfield Arena,2000932,CRS PALAVA PREMIER LEAGUE- EDITION 1,,3906488,League Matches,13349863,SUPER KINGS,76/5,13349951,MUMBAI HITMAN XI,65/4,Toss: SUPER KINGS opt to bat,11 runs,SUPER KINGS,Resulted,0,0,2026-09-01T20:30:29.296971+00:00
24362277,Limited Overs,LEATHER,past,2026-05-06T14:04:54.000Z,3003,Pune,282913,Cricathon Cricket Ground,1984694,Cricathon Jatayu Cup Weekday Night T20 Season 7,,3874556,League Matches,2223945,Life Republic Royals,201/7,2141371,Cricathon Sports Club,178/5,Toss: Cricathon Sports Club opt to field,23 runs,Life Republic Royals,Resulted,0,0,2026-09-01T20:30:29.296971+00:00
24363081,Limited Overs,TENNIS,past,2026-05-02T03:40:02.000Z,3003,Pune,423486,AK Kotkar DY Patil Ground Salumbre,,,,,,12285314,Epam CC,178/10,5581243,Arise Alpha XI,175/7,Toss: Epam CC opt to bat,3 runs,Epam CC,Resulted,0,0,2026-09-01T20:30:29.296971+00:00
24382298,Limited Overs,LEATHER,past,2026-05-02T04:22:38.000Z,3003,Pune,1153384,TRIPLE CROWN CRICKET GROUND,1986989,Triple Crown Day Night T20,,3878986,League Matches,9175480,Glory Cricket Club,113/10,6300390,Golds Gym,117/3,Toss: Glory Cricket Club opt to bat,7 wickets,Golds Gym,Resulted,0,0,2026-09-01T20:30:29.296971+00:00
24404362,Limited Overs,TENNIS,past,2026-05-02T05:16:15.000Z,1251,Parnera,1172378,Garkhindi,2004495,Garkhindi Premier League 2026,,3913090,League Matches,13373053,Mitra Prem Varngalwadi,73/2,13373070,Aanandwadi Tigers 11,52/4,Toss: Aanandwadi Tigers 11 opt to field,21 runs,Mitra Prem Varngalwadi,Resulted,0,0,2026-09-01T20:30:29.296971+00:00
24406805,Limited Overs,TENNIS,past,2026-05-02T07:08:41.000Z,1251,Parnera,1172378,Garkhindi,2004495,Garkhindi Premier League 2026,,3913090,League Matches,13360705,Ashtvinayak Mitra Parivar,21/7,13373053,Mitra Prem Varngalwadi,24/2,Toss: Mitra Prem Varngalwadi opt to field,8 wickets,Mitra Prem Varngalwadi,Resulted,0,0,2026-09-01T20:30:29.296971+00:00
24410334,Limited Overs,TENNIS,past,2026-05-02T09:21:11.000Z,1251,Parnera,1172378,Garkhindi,2004495,Garkhindi Premier League 2026,,3913090,League Matches,13373053,Mitra Prem Varngalwadi,61/3,13373059,Maharaja Fighters,47/2,Toss: Maharaja Fighters opt to field,14 runs,Mitra Prem Varngalwadi,Resulted,0,0,2026-09-01T20:30:29.296971+00:00
24416994,Limited Overs,TENNIS,past,2026-05-03T03:27:37.000Z,3003,Pune,423486,AK Kotkar DY Patil Ground Salumbre,,,,,,12285314,Epam CC,194/10,13378816,Jaguars,136/10,Toss: Epam CC opt to bat,58 runs,Epam CC,Resulted,0,0,2026-09-01T20:30:29.296971+00:00
24419875,Limited Overs,TENNIS,past,2026-05-03T01:37:40.000Z,3003,Pune,1025297,RRR CRICKET GROUND BHUGAON,,,,,,11656889,Signature Strikers,119/10,6756233,The Underdogs,124/7,Toss: The Underdogs opt to field,3 wickets,The Underdogs,Resulted,0,0,2026-09-01T20:30:29.296971+00:00
24424956,Box Cricket,TENNIS,past,2026-05-02T18:14:26.000Z,2811,Dombivli,672276,The Midfield Arena,2000932,CRS PALAVA PREMIER LEAGUE- EDITION 1,,3906653,Semi Final,13349863,SUPER KINGS,81/5,13349671,WARRIOR ROYALS,37/6,Toss: SUPER KINGS opt to bat,44 runs,SUPER KINGS,Resulted,0,0,2026-09-01T20:30:29.296971+00:00
24425947,Box Cricket,TENNIS,past,2026-05-02T19:14:30.000Z,2811,Dombivli,672276,The Midfield Arena,2000932,CRS PALAVA PREMIER LEAGUE- EDITION 1,,3906658,Final,13349863,SUPER KINGS,43/7,13348812,ROYAL CHALLENGERS,47/1,Toss: SUPER KINGS opt to bat,8 wickets,ROYAL CHALLENGERS,Resulted,0,0,2026-09-01T20:30:29.296971+00:00
24429248,Limited Overs,TENNIS,past,2026-05-03T03:30:00.000Z,3003,Pune,964544,Lords of Mawal,,,,,,12743019,Puneville Thunder Strikers,120/9,9159082,Rajgad Warriors,123/8,Toss: Puneville Thunder Strikers opt to bat,2 wickets,Rajgad Warriors,Resulted,0,0,2026-09-01T20:30:29.296971+00:00
24435427,Box Cricket,TENNIS,past,2026-05-03T13:30:37.000Z,3003,Pune,70350,Soccer And Snooker Dhanori,1977746,"Soccer N Snooker , Box Cricket League - Season 17",,3903647,League Matches,13297068,Aakash Talekar Sports,39/3,4046863,HINDAVI SWARAJYA,40/2,Toss: HINDAVI SWARAJYA opt to field,3 wickets,HINDAVI SWARAJYA,Resulted,0,0,2026-09-01T20:30:29.296971+00:00
24435484,Box Cricket,TENNIS,past,2026-05-03T14:10:37.000Z,3003,Pune,70350,Soccer And Snooker Dhanori,1977746,"Soccer N Snooker , Box Cricket League - Season 17",,3903647,League Matches,4046863,HINDAVI SWARAJYA,66/3,12753419,Rajput 11,40/2,Toss: Rajput 11 opt to field,26 runs,HINDAVI SWARAJYA,Resulted,0,0,2026-09-01T20:30:29.296971+00:00
24435534,Box Cricket,TENNIS,past,2026-05-03T14:53:43.000Z,3003,Pune,70350,Soccer And Snooker Dhanori,1977746,"Soccer N Snooker , Box Cricket League - Season 17",,3903647,League Matches,12900652,Garud Sena SNS,68/0,4046863,HINDAVI SWARAJYA,66/2,Toss: Garud Sena SNS opt to bat,2 runs,Garud Sena SNS,Resulted,0,0,2026-09-01T20:30:29.296971+00:00
24435592,Box Cricket,TENNIS,past,2026-05-03T15:34:10.000Z,3003,Pune,70350,Soccer And Snooker Dhanori,1977746,"Soccer N Snooker , Box Cricket League - Season 17",,3903647,League Matches,9112088,Evita United Box Cricket Team,39/2,4046863,HINDAVI SWARAJYA,40/2,Toss: HINDAVI SWARAJYA opt to field,3 wickets,HINDAVI SWARAJYA,Resulted,0,0,2026-09-01T20:30:29.296971+00:00
24438922,Limited Overs,TENNIS,past,2026-05-03T04:05:51.000Z,3076,Thane,1168527,Umbarli Cricket Ground,2004846,Olympics Cricket Tournament -2026,,3915984,League Matches,10858122,PaLava Blasters,62/8,13376804,Olympics Cricket Club,67/5,Toss: PaLava Blasters opt to bat,5 wickets,Olympics Cricket Club,Resulted,0,0,2026-09-01T20:30:29.296971+00:00
24445426,Limited Overs,TENNIS,past,2026-05-03T06:28:09.000Z,1251,Parnera,1172378,Garkhindi,2004495,Garkhindi Premier League 2026,,3913090,League Matches,13373053,Mitra Prem Varngalwadi,54/1,13373064,V Care Agro 11,40/1,Toss: V Care Agro 11 opt to field,14 runs,Mitra Prem Varngalwadi,Resulted,0,0,2026-09-01T20:30:29.296971+00:00
24448739,Limited Overs,TENNIS,past,2026-05-03T08:08:53.000Z,1251,Parnera,1172378,Garkhindi,2004495,Garkhindi Premier League 2026,,3913090,League Matches,13373019,Pirsai 11,57/4,13373053,Mitra Prem Varngalwadi,38/3,Toss: Mitra Prem Varngalwadi opt to field,19 runs,Pirsai 11,Resulted,0,0,2026-09-01T20:30:29.296971+00:00
24450173,Limited Overs,TENNIS,past,2026-05-03T09:04:00.000Z,1251,Parnera,1172378,Garkhindi,2004495,Garkhindi Premier League 2026,,3918863,Semi Final,13373053,Mitra Prem Varngalwadi,75/0,13373019,Pirsai 11,34/2,Toss: Pirsai 11 opt to field,41 runs,Mitra Prem Varngalwadi,Resulted,0,0,2026-09-01T20:30:29.296971+00:00
24457638,Limited Overs,TENNIS,past,2026-05-03T12:00:00.000Z,1251,Parnera,1172378,Garkhindi,2004495,Garkhindi Premier League 2026,,3920025,Final,13373053,Mitra Prem Varngalwadi,36/4,13373064,V Care Agro 11,37/4,Toss: V Care Agro 11 opt to field,6 wickets,V Care Agro 11,Resulted,0,0,2026-09-01T20:30:29.296971+00:00
24459705,Limited Overs,TENNIS,past,2026-05-09T03:43:41.000Z,3003,Pune,242457,Hajare Sports Club,,,,,,12285314,Epam CC,139/7,6830244,IVORY STRIKERS,103/9,Toss: Epam CC opt to bat,36 runs,Epam CC,Resulted,0,0,2026-09-01T20:30:29.296971+00:00
24464922,Box Cricket,TENNIS,past,2026-05-03T16:51:36.000Z,3003,Pune,70350,Soccer And Snooker Dhanori,1977746,"Soccer N Snooker , Box Cricket League - Season 17",,3921162,Semi Final,13320129,The Boyz,36/3,4046863,HINDAVI SWARAJYA,37/0,Toss: HINDAVI SWARAJYA opt to field,5 wickets,HINDAVI SWARAJYA,Resulted,0,0,2026-09-01T20:30:29.296971+00:00
24466224,Box Cricket,TENNIS,past,2026-05-03T17:30:00.000Z,3003,Pune,70350,Soccer And Snooker Dhanori,1977746,"Soccer N Snooker , Box Cricket League - Season 17",,3921163,Final,4046863,HINDAVI SWARAJYA,7/5,7578237,GAME CHANGERS,10/0,Toss: GAME CHANGERS opt to field,5 wickets,GAME CHANGERS,Resulted,0,0,2026-09-01T20:30:29.296971+00:00
24473758,Limited Overs,LEATHER,past,2026-05-10T05:07:00.000Z,3003,Pune,434865,Dy Patil Ground Salumbare,1937447,DY Patil AK Club T20 Summer Championship ,,3834914,League Matches,13072804,Titan Wolves,162/10,2223945,Life Republic Royals,132/9,Toss: Titan Wolves opt to bat,30 runs,Titan Wolves,Resulted,0,0,2026-09-01T20:30:29.296971+00:00
24476060,Limited Overs,TENNIS,past,2026-05-08T01:30:39.000Z,3003,Pune,430910,Pawar School,2002724,ground Match,,3916781,League Matches,13360857,Megapolis united,152/10,13360883,Team Dhurandhar,125/9,Toss: Megapolis united opt to bat,27 runs,Megapolis united,Resulted,0,0,2026-09-01T20:30:29.296971+00:00
24481328,Limited Overs,TENNIS,past,2026-05-10T01:40:29.000Z,3003,Pune,170974,RSP Cricket Ground,,,,,,1741307,Empire LIONS 11,192/6,4447038,LP Titans,81/10,Toss: Empire LIONS 11 opt to bat,111 runs,Empire LIONS 11,Resulted,0,0,2026-09-01T20:30:29.296971+00:00
24488123,Limited Overs,TENNIS,past,2026-05-06T01:35:00.000Z,2782,Chinchwad,1175951,Rsp Bhosari,,,,,,1324939,BARASINGHA Cricket Club,138/4,13278783,Spartan Cricket Club,140/1,Toss: Spartan Cricket Club opt to field,9 wickets,Spartan Cricket Club,Resulted,0,0,2026-09-01T20:30:29.296971+00:00
24492227,Limited Overs,TENNIS,past,2026-05-07T01:41:34.000Z,3003,Pune,1026481,CSMCC CHANDKHED,,,,,,9122285,POWER PANTHERS,98/10,6017335,Paltan 11,101/6,Toss: Paltan 11 opt to field,4 wickets,Paltan 11,Resulted,0,0,2026-09-01T20:30:29.296971+00:00
24496848,Box Cricket,TENNIS,past,2026-05-09T13:46:04.000Z,14,Bharuch,706069,Hit Zone Sap Arena,1978837,Modheshwari Premier League BOX -2,,3925755,League Matches,13291393,UNIBUILD VIKINGS CLUB,92/6,13375987,Aarnav super kings,23/7,Toss: UNIBUILD VIKINGS CLUB opt to bat,69 runs,UNIBUILD VIKINGS CLUB,Resulted,0,0,2026-09-01T20:30:29.296971+00:00
24496940,Box Cricket,TENNIS,past,2026-05-10T14:32:02.000Z,14,Bharuch,706069,Hit Zone Sap Arena,1978837,Modheshwari Premier League BOX -2,,3925755,League Matches,10128368,TITANS XI,31/5,13291393,UNIBUILD VIKINGS CLUB,32/1,Toss: TITANS XI opt to bat,6 wickets,UNIBUILD VIKINGS CLUB,Resulted,0,0,2026-09-01T20:30:29.296971+00:00
24509348,Limited Overs,TENNIS,past,2026-05-09T13:53:00.000Z,3003,Pune,566142,Chhatrapati Shivaji Maharaj Cricket Club.,1991090,Life Republic Premier League - Season 17,,3885884,League Matches,2223945,Life Republic Royals,87/10,3568271,RedWings Cricket Club ( RCC ),92/4,Toss: Life Republic Royals opt to bat,6 wickets,RedWings Cricket Club ( RCC ),Resulted,0,0,2026-09-01T20:30:29.296971+00:00
24523311,Limited Overs,TENNIS,past,2026-05-07T01:46:45.000Z,3003,Pune,1150784,Triple Crown,,,,,,13243920,Elite Super Strikers Jambe,164/6,13346618,Tripel crown 11,121/10,Toss: Elite Super Strikers Jambe opt to bat,43 runs,Elite Super Strikers Jambe,Resulted,0,0,2026-09-01T20:30:29.296971+00:00
24526252,Limited Overs,LEATHER,past,2026-05-12T04:03:00.000Z,3003,Pune,12485,Mulshi Cricket Ground,1927989,Runbhumi Season 2 ,,3793288,League Matches,2324045,BraveHeart CC,237/6,6914624,Elites 11,163/10,Toss: BraveHeart CC opt to bat,74 runs,BraveHeart CC,Resulted,0,0,2026-09-01T20:30:29.296971+00:00
24527521,Limited Overs,LEATHER,past,2026-05-09T01:57:00.000Z,3003,Pune,427292,SILVER CRICKET ACADAMY - CHIKHALI,1141318,KPL  Match ,,2191835,Super Knockout,7783057,Lakshya Cricket Club,179/7,9175480,Glory Cricket Club,136/9,Toss: Glory Cricket Club opt to field,43 runs,Lakshya Cricket Club,Resulted,0,0,2026-09-01T20:30:29.296971+00:00
24532761,Limited Overs,LEATHER,past,2026-05-30T09:50:23.000Z,3003,Pune,964544,Lords of Mawal,1649954,DY PATIL CORPORATE LEAGUE SEASON 2 ,,3191586,League Matches,2765155,CricUnited XI,211/5,7525513,Team Aristo,167/4,Toss: CricUnited XI opt to bat,44 runs,CricUnited XI,Resulted,0,0,2026-09-01T20:30:29.296971+00:00
24550953,Limited Overs,LEATHER,past,2026-05-17T12:24:00.000Z,3003,Pune,1153384,TRIPLE CROWN CRICKET GROUND,1986989,Triple Crown Day Night T20,,3878986,League Matches,7333870,V THE WARRIORS,151/9,9175480,Glory Cricket Club,152/8,Toss: Glory Cricket Club opt to field,2 wickets,Glory Cricket Club,Resulted,0,0,2026-09-01T20:30:29.296971+00:00
24556340,Limited Overs,TENNIS,past,2026-05-09T10:42:02.000Z,3003,Pune,19790,DNC,1152117,CORPORATE PREMIER LEAGUE 2024-2026,,2214824,League Matches,11762956,Abhinav 2.0,114/9,12622404,Vertical Oriana 4.0,117/2,Toss: Abhinav 2.0 opt to bat,8 wickets,Vertical Oriana 4.0,Resulted,0,0,2026-09-01T20:30:29.296971+00:00
24556884,Limited Overs,TENNIS,past,2026-05-09T09:50:26.000Z,3003,Pune,987380,"Lords Of Mulshi, Kasarsai",,,,,,5074855,Team OG,141/7,3482011,Range Hills Rangers,87/10,Toss: Range Hills Rangers opt to field,54 runs,Team OG,Resulted,0,0,2026-09-01T20:30:29.296971+00:00
24569407,Limited Overs,TENNIS,past,2026-05-09T01:50:08.000Z,3076,Thane,1168527,Umbarli Cricket Ground,,,,,,13223693,LSG 20,202/11,5876006,Mumbai Retro Eleven Stars,188/9,Toss: LSG 20 opt to bat,14 runs,LSG 20,Resulted,0,0,2026-09-01T20:30:29.296971+00:00
24569748,Limited Overs,TENNIS,past,2026-05-09T02:02:44.000Z,3003,Pune,583108,Dange Chowk T20 League Ground -04,1959719,DCTL Season 22,,3827306,League Matches,13104054,Rising GW 11 DCTL,155/10,2402856,Chandrabhaga CC (DCTL -19),156/4,Toss: Rising GW 11 DCTL opt to bat,6 wickets,Chandrabhaga CC (DCTL -19),Resulted,0,0,2026-09-01T20:30:29.296971+00:00
24586290,Limited Overs,TENNIS,past,2026-05-10T01:26:04.000Z,3003,Pune,25806,"Masters Cricket Club Ground, Kolwadi",,,,,,8967314,RA Spartans,179/5,8146841,Power Squad,149/9,Toss: Power Squad opt to field,30 runs,RA Spartans,Resulted,0,0,2026-09-01T20:30:29.296971+00:00
24586721,Limited Overs,TENNIS,past,2026-05-10T03:50:19.000Z,3003,Pune,964551,Lords of Mulshi,,,,,,12030929,Melange United,199/6,12765678,Megapolis Black Hawks,199/5,Toss: Megapolis Black Hawks opt to field,Tie,,Tie,0,0,2026-09-01T20:30:29.296971+00:00
24602502,Limited Overs,TENNIS,past,2026-05-10T01:56:44.000Z,2811,Dombivli,818216,Umbarli Cricket Ground,,,,,,5876006,Mumbai Retro Eleven Stars,193/6,13223693,LSG 20,188/10,Toss: LSG 20 opt to field,5 runs,Mumbai Retro Eleven Stars,Resulted,0,0,2026-09-01T20:30:29.296971+00:00
24606354,Limited Overs,TENNIS,past,2026-05-10T02:53:09.000Z,3003,Pune,1025297,RRR CRICKET GROUND BHUGAON,,,,,,6708330,Bujurg 11,64/2,11656889,Signature Strikers,66/0,Toss: Bujurg 11 opt to bat,10 wickets,Signature Strikers,Resulted,0,0,2026-09-01T20:30:29.296971+00:00
24614318,Limited Overs,TENNIS,past,2026-05-17T01:43:37.000Z,3003,Pune,837481,CHANGBHALE CRICKET GROUND,,,,,,12285314,Epam CC,141/7,10966034,NitroJains CC,72/10,Toss: NitroJains CC opt to field,69 runs,Epam CC,Resulted,0,0,2026-09-01T20:30:29.296971+00:00
24635070,Limited Overs,LEATHER,past,2026-05-16T12:04:38.000Z,3003,Pune,456738,"30YCA Spark Cricket Ground, Jambhe",1934612,30YCA Titans Cup T25 White Ball,,3773524,League Matches,2223945,Life Republic Royals,161/8,4323345,Horizons Cricket Club,143/10,Toss: Life Republic Royals opt to bat,18 runs,Life Republic Royals,Resulted,0,0,2026-09-01T20:30:29.296971+00:00
24635199,Box Cricket,TENNIS,past,2026-05-10T16:02:00.000Z,14,Bharuch,706069,Hit Zone Sap Arena,1978837,Modheshwari Premier League BOX -2,,3925761,Semi Final,13291393,UNIBUILD VIKINGS CLUB,88/6,13362398,Silver lions,92/0,Toss: Silver lions opt to field,7 wickets,Silver lions,Resulted,0,0,2026-09-01T20:30:29.296971+00:00
24672862,Limited Overs,TENNIS,past,2026-05-15T01:35:17.000Z,3003,Pune,6853,Infinity Cricket Ground,,,,,,9646363,Overtime Hitters,155/6,9225602,Township Heroes,82/10,Toss: Overtime Hitters opt to bat,73 runs,Overtime Hitters,Resulted,0,0,2026-09-01T20:30:29.296971+00:00
24693523,Limited Overs,TENNIS,past,2026-05-16T01:45:40.000Z,3003,Pune,1101830,30 YCA Chandkhed,,,,,,13503595,The Game Changers,106/9,12765678,Megapolis Black Hawks,104/8,Toss: Megapolis Black Hawks opt to field,2 runs,The Game Changers,Resulted,0,0,2026-09-01T20:30:29.296971+00:00
24709348,Limited Overs,TENNIS,past,2026-05-16T03:36:49.000Z,3003,Pune,242457,Hajare Sports Club,,,,,,12771141,SWARAJYA 11 B WING,143/9,12285314,Epam CC,100/10,Toss: SWARAJYA 11 B WING opt to bat,43 runs,SWARAJYA 11 B WING,Resulted,0,0,2026-09-01T20:30:29.296971+00:00
24710768,Limited Overs,TENNIS,past,2026-05-17T01:34:00.000Z,3003,Pune,1025297,RRR CRICKET GROUND BHUGAON,,,,,,8127765,Monarch Challengers,113/10,11656889,Signature Strikers,118/4,Toss: Signature Strikers opt to field,6 wickets,Signature Strikers,Resulted,0,0,2026-09-01T20:30:29.296971+00:00
24711278,Limited Overs,TENNIS,past,2026-05-22T01:30:03.000Z,3003,Pune,1078671,Lords Of Maval,,,,,,11100295,Decepticons,139/8,4973114,R16 Arezo Kings,142/6,Toss: Decepticons opt to bat,4 wickets,R16 Arezo Kings,Resulted,0,0,2026-09-01T20:30:29.296971+00:00
24729082,Limited Overs,TENNIS,past,2026-05-16T03:47:28.000Z,1109,Chandkheda,1184177,CSMCC,,,,,,11288979,Starwest Smashers,161/8,13104054,Rising GW 11 DCTL,126/10,Toss: Starwest Smashers opt to bat,35 runs,Starwest Smashers,Resulted,0,0,2026-09-01T20:30:29.296971+00:00
24729497,Limited Overs,TENNIS,past,2026-05-28T01:29:39.000Z,3003,Pune,964544,Lords of Mawal,,,,,,13349483,Boundary Blasters,140/10,11100295,Decepticons,128/5,Toss: Boundary Blasters opt to bat,12 runs,Boundary Blasters,Resulted,0,0,2026-09-01T20:30:29.296971+00:00
24737172,Limited Overs,TENNIS,past,2026-05-16T10:20:00.000Z,3003,Pune,19790,DNC,1152117,CORPORATE PREMIER LEAGUE 2024-2026,,2214824,League Matches,12771927,Nyati Panthers 2.0,93/6,12622404,Vertical Oriana 4.0,96/5,Toss: Vertical Oriana 4.0 opt to field,5 wickets,Vertical Oriana 4.0,Resulted,0,0,2026-09-01T20:30:29.296971+00:00
24748443,Limited Overs,TENNIS,past,2026-05-16T02:18:10.000Z,2811,Dombivli,1184811,Dombvili ,,,,,,13223693,LSG 20,187/6,13536943,Shiv Malabar,190/3,Toss: Shiv Malabar opt to field,7 wickets,Shiv Malabar,Resulted,0,0,2026-09-01T20:30:29.296971+00:00
24749900,Box Cricket,TENNIS,past,2026-05-16T03:10:39.000Z,3073,Tathavade,1184808,Ks3 Ground,2010997,Kohinoor Sapphire -3 cricket League 1.0,,3929784,League Matches,13418619,KS3 Royals,85/6,13419021,KS3 Champs,52/8,Toss: KS3 Royals opt to bat,33 runs,KS3 Royals,Resulted,0,0,2026-09-01T20:30:29.296971+00:00
24767457,Limited Overs,TENNIS,past,2026-05-17T01:05:38.000Z,3003,Pune,439566,"Embassy TechZone Cricket Ground, Hinjewadi",,,,,,10933879,Desi Dynamos,165/10,9161647,Desi Challengers,168/8,Toss: Desi Dynamos opt to bat,2 wickets,Desi Challengers,Resulted,0,0,2026-09-01T20:30:29.296971+00:00
24771692,Box Cricket,TENNIS,past,2026-05-16T15:45:22.000Z,3003,Pune,1176548,KS3 cricket ground,2010997,Kohinoor Sapphire -3 cricket League 1.0,,3929784,League Matches,13419021,KS3 Champs,55/5,13418635,KS3 Spartans,56/7,Toss: KS3 Spartans opt to field,2 wickets,KS3 Spartans,Resulted,0,0,2026-09-01T20:30:29.296971+00:00
24772273,Limited Overs,TENNIS,past,2026-05-16T16:06:53.000Z,3004,Pune Cantonment,1154545,Triple crown cricket ground,,,,,,13346618,Tripel crown 11,123/5,13461218,Cricket club talegaon,95/8,Toss: Tripel crown 11 opt to bat,28 runs,Tripel crown 11,Resulted,0,0,2026-09-01T20:30:29.296971+00:00
24775048,Limited Overs,TENNIS,past,2026-05-17T03:38:01.000Z,3003,Pune,1129687,"Lord Of Mulshi, Pune",,,,,,7153632,Team RCL,115/10,13294535,SUPER STRIKERS,116/4,Toss: SUPER STRIKERS opt to field,6 wickets,SUPER STRIKERS,Resulted,0,0,2026-09-01T20:30:29.296971+00:00
24784312,Limited Overs,TENNIS,past,2026-05-17T02:08:02.000Z,2811,Dombivli,323586,Palava Phase 2,,,,,,10858122,PaLava Blasters,148/10,13264618,Golden Eagles,117/10,Toss: PaLava Blasters opt to bat,31 runs,PaLava Blasters,Resulted,0,0,2026-09-01T20:30:29.296971+00:00
24787430,Box Cricket,TENNIS,past,2026-05-17T02:53:19.000Z,3003,Pune,1176548,KS3 cricket ground,2010997,Kohinoor Sapphire -3 cricket League 1.0,,3929784,League Matches,13420068,KS3 Super Strikers,72/7,13419021,KS3 Champs,73/1,Toss: KS3 Super Strikers opt to bat,9 wickets,KS3 Champs,Resulted,0,0,2026-09-01T20:30:29.296971+00:00
24807445,Limited Overs,TENNIS,past,2026-05-19T01:33:51.000Z,3003,Pune,1026481,CSMCC CHANDKHED,,,,,,6017335,Paltan 11,103/10,12837597,HCA Hawks,107/6,Toss: HCA Hawks opt to field,4 wickets,HCA Hawks,Resulted,0,0,2026-09-01T20:30:29.296971+00:00
24814357,Box Cricket,TENNIS,past,2026-05-17T13:53:00.000Z,3003,Pune,1176548,KS3 cricket ground,2010997,Kohinoor Sapphire -3 cricket League 1.0,,3929784,League Matches,13418463,KS3 Warriors,79/7,13419021,KS3 Champs,75/5,Toss: KS3 Warriors opt to bat,4 runs,KS3 Warriors,Resulted,0,0,2026-09-01T20:30:29.296971+00:00
24818577,Limited Overs,TENNIS,past,2026-05-24T03:32:06.000Z,3003,Pune,242457,Hajare Sports Club,,,,,,12285314,Epam CC,122/9,13562418,The Address Heroes,118/9,Toss: Epam CC opt to bat,4 runs,Epam CC,Resulted,0,0,2026-09-01T20:30:29.296971+00:00
24850782,Limited Overs,TENNIS,past,2026-05-22T01:40:35.000Z,3003,Pune,6853,Infinity Cricket Ground,,,,,,9646363,Overtime Hitters,147/5,8166321,Puneri Palten,81/9,Toss: Overtime Hitters opt to bat,66 runs,Overtime Hitters,Resulted,0,0,2026-09-01T20:30:29.296971+00:00
24871962,Limited Overs,LEATHER,past,2026-05-24T03:51:00.000Z,3003,Pune,456738,"30YCA Spark Cricket Ground, Jambhe",1934612,30YCA Titans Cup T25 White Ball,,3773524,League Matches,4323345,Horizons Cricket Club,139/10,2430970,Fighters Cricket Club,142/7,Toss: Fighters Cricket Club opt to field,3 wickets,Fighters Cricket Club,Resulted,0,0,2026-09-01T20:30:29.296971+00:00
24876560,Limited Overs,TENNIS,past,2026-05-23T05:25:14.000Z,3003,Pune,904288,MLCP Yahavi Vanaha,2036357,YPL SEASON 2,,3978508,League Matches,13596589,Lohagad,43/8 & 3/0,13596593,Pratapgad,43/8 & 2/2,Toss: Lohagad opt to bat,8 wickets,Lohagad,Resulted,0,1,2026-09-01T20:30:29.296971+00:00
24876751,Limited Overs,TENNIS,past,2026-05-23T12:41:12.000Z,3003,Pune,904288,MLCP Yahavi Vanaha,2036357,YPL SEASON 2,,3978508,League Matches,13596589,Lohagad,34/7,13596602,Rajgad,28/4,Toss: Rajgad opt to field,6 runs,Lohagad,Resulted,0,0,2026-09-01T20:30:29.296971+00:00
24889875,Limited Overs,TENNIS,past,2026-05-21T15:30:37.000Z,3003,Pune,1153384,TRIPLE CROWN CRICKET GROUND,1865109,SAMANVAY  NIGHT Tournament 2025-26,,3627139,League Matches,6941126,SAMANVAY,156/8,6830244,IVORY STRIKERS,100/10,Toss: SAMANVAY opt to bat,56 runs,SAMANVAY,Resulted,0,0,2026-09-01T20:30:29.296971+00:00
24893764,Limited Overs,TENNIS,past,2026-05-23T10:11:56.000Z,3003,Pune,1141483,SIOO Cricket Ground,1855664,Open Ground Arena by RCC Prometheus,,3604880,League Matches,13248897,Invisibles,240/9,9652994,Dark knights!,227/10,Toss: Dark knights! opt to field,13 runs,Invisibles,Resulted,0,0,2026-09-01T20:30:29.296971+00:00
24935386,Limited Overs,TENNIS,past,2026-05-23T01:55:46.000Z,2947,Mumbai,349256,Umbarli Ground,,,,,,13630174,LCD,169/4,13223693,LSG 20,173/5,Toss: LCD opt to bat,4 wickets,LSG 20,Resulted,0,0,2026-09-01T20:30:29.296971+00:00
24936425,Limited Overs,TENNIS,past,2026-06-06T14:15:10.000Z,3003,Pune,797471,Match Day Arena,2041457,MVS Premier League Season 8,,3987791,League Matches,13630263,Mogli Smashers,79/5,13630277,Chacha Chaudhary Avengers,80/2,Toss: Chacha Chaudhary Avengers opt to field,8 wickets,Chacha Chaudhary Avengers,Resulted,0,0,2026-09-01T20:30:29.296971+00:00
24936430,Limited Overs,LEATHER,past,2026-05-23T04:14:00.000Z,2947,Mumbai,10766,Oval Maidan,1902831,CHALLENGER CUP - 2026,,3707656,League Matches,8777990,Mumbai Prodigies,186/6,616216,Holy Devils Cricket Team,121/10,Toss: Holy Devils Cricket Team opt to field,65 runs,Mumbai Prodigies,Resulted,0,0,2026-09-01T20:30:29.296971+00:00
24936507,Limited Overs,TENNIS,past,2026-06-07T13:47:13.000Z,3003,Pune,797471,Match Day Arena,2041457,MVS Premier League Season 8,,3987791,League Matches,13630317,Chota Bheem Blazers,63/6,13630277,Chacha Chaudhary Avengers,64/2,Toss: Chacha Chaudhary Avengers opt to field,8 wickets,Chacha Chaudhary Avengers,Resulted,0,0,2026-09-01T20:30:29.296971+00:00
24936558,Limited Overs,TENNIS,past,2026-06-07T15:43:55.000Z,3003,Pune,797471,Match Day Arena,2041457,MVS Premier League Season 8,,3987791,League Matches,13630277,Chacha Chaudhary Avengers,57/7,13630293,Shaktiman Strikers,58/4,Toss: Shaktiman Strikers opt to field,4 wickets,Shaktiman Strikers,Resulted,0,0,2026-09-01T20:30:29.296971+00:00
24954517,Limited Overs,TENNIS,past,2026-05-26T01:35:32.000Z,3003,Pune,242457,Hajare Sports Club,,,,,,13278783,Spartan Cricket Club,117/7,12064759,The Voyagers,109/10,Toss: Spartan Cricket Club opt to bat,8 runs,Spartan Cricket Club,Resulted,0,0,2026-09-01T20:30:29.296971+00:00
24955422,Limited Overs,TENNIS,past,2026-05-23T13:56:38.000Z,3003,Pune,904288,MLCP Yahavi Vanaha,2036357,YPL SEASON 2,,3978509,Quarter Final,13596600,Purandhar,52/9,13596589,Lohagad,53/3,Toss: Purandhar opt to bat,5 wickets,Lohagad,Resulted,0,0,2026-09-01T20:30:29.296971+00:00
24959117,Box Cricket,TENNIS,past,2026-05-23T15:36:13.000Z,3003,Pune,1176548,KS3 cricket ground,2010997,Kohinoor Sapphire -3 cricket League 1.0,,3929784,League Matches,13419021,KS3 Champs,88/4,13418630,KS3 Dhuranders,83/6,Toss: KS3 Champs opt to bat,5 runs,KS3 Champs,Resulted,0,0,2026-09-01T20:30:29.296971+00:00
24961618,Box Cricket,TENNIS,past,2026-05-24T01:06:05.000Z,3003,Pune,439566,"Embassy TechZone Cricket Ground, Hinjewadi",,,,,,13643783,Bindass Bhide,157/10,13643771,Zabardast Jetha,158/8,Toss: Zabardast Jetha opt to field,2 wickets,Zabardast Jetha,Resulted,0,0,2026-09-01T20:30:29.296971+00:00
24973372,Limited Overs,TENNIS,past,2026-05-24T02:26:17.000Z,3003,Pune,904288,MLCP Yahavi Vanaha,2036357,YPL SEASON 2,,3978509,Quarter Final,13596589,Lohagad,56/5,13596090,Raigad,45/8,Toss: Raigad opt to field,11 runs,Lohagad,Resulted,0,0,2026-09-01T20:30:29.296971+00:00
24977477,Box Cricket,TENNIS,past,2026-05-24T03:39:43.000Z,3003,Pune,1176548,KS3 cricket ground,2010997,Kohinoor Sapphire -3 cricket League 1.0,,3929784,League Matches,13419036,KS3 King,61/5,13419021,KS3 Champs,64/1,Toss: KS3 Champs opt to field,7 wickets,KS3 Champs,Resulted,0,0,2026-09-01T20:30:29.296971+00:00
24988136,Limited Overs,TENNIS,past,2026-05-30T03:32:13.000Z,3003,Pune,242457,Hajare Sports Club,,,,,,13562418,The Address Heroes,150/8,12285314,Epam CC,126/8,Toss: The Address Heroes opt to bat,24 runs,The Address Heroes,Resulted,0,0,2026-09-01T20:30:29.296971+00:00
25001756,Box Cricket,TENNIS,past,2026-05-24T13:20:54.000Z,3003,Pune,1176548,KS3 cricket ground,2010997,Kohinoor Sapphire -3 cricket League 1.0,,3929784,League Matches,13418619,KS3 Royals,69/5,13419021,KS3 Champs,54/8,Toss: KS3 Royals opt to bat,15 runs,KS3 Royals,Resulted,0,0,2026-09-01T20:30:29.296971+00:00
25003599,Limited Overs,TENNIS,past,2026-05-24T15:17:42.000Z,3003,Pune,904288,MLCP Yahavi Vanaha,2036357,YPL SEASON 2,,3978511,Final,13596589,Lohagad,43/8,13596090,Raigad,33/9,Toss: Lohagad opt to bat,10 runs,Lohagad,Resulted,0,0,2026-09-01T20:30:29.296971+00:00
25004599,Limited Overs,TENNIS,past,2026-05-27T01:36:15.000Z,3003,Pune,25806,"Masters Cricket Club Ground, Kolwadi",,,,,,10801414,Kailash Warriors,71/9,8967314,RA Spartans,43/10,Toss: RA Spartans opt to field,28 runs,Kailash Warriors,Resulted,0,0,2026-09-01T20:30:29.296971+00:00
25014360,Limited Overs,TENNIS,past,2026-05-31T03:06:40.000Z,1109,Chandkheda,1194238,Cricathon Cricket Academy,,,,,,11288979,Starwest Smashers,95/10,11322242,Rising GW 11,90/8,Toss: Starwest Smashers opt to bat,5 runs,Starwest Smashers,Resulted,0,0,2026-09-01T20:30:29.296971+00:00
25060367,Limited Overs,TENNIS,past,2026-05-30T01:26:24.000Z,3003,Pune,409003,Eden Park,,,,,,11322242,Rising GW 11,169/6,10966034,NitroJains CC,173/6,Toss: NitroJains CC opt to field,4 wickets,NitroJains CC,Resulted,0,0,2026-09-01T20:30:29.296971+00:00
25074255,Limited Overs,TENNIS,past,2026-05-28T01:34:26.000Z,3003,Pune,1176063,"Barne , Triple Crown, Csmcc",,,,,,13243920,Elite Super Strikers Jambe,128/10,13346618,Tripel crown 11,131/8,Toss: Elite Super Strikers Jambe opt to bat,2 wickets,Tripel crown 11,Resulted,0,0,2026-09-01T20:30:29.296971+00:00
25080986,Limited Overs,TENNIS,past,2026-06-06T07:14:00.000Z,3003,Pune,262327,Kokate Cricket Academy,2039629,VANSH SPORTS WEEKDAYS CRICKET TOURNAMENT SEASON 2,,4007374,League Matches,3482011,Range Hills Rangers,194/5,12506947,Microland Marvels,161/9,Toss: Range Hills Rangers opt to bat,33 runs,Range Hills Rangers,Resulted,0,0,2026-09-01T20:30:29.296971+00:00
25097843,Box Cricket,TENNIS,past,2026-05-31T12:12:10.000Z,3003,Pune,971436,Shourya Sports,2045249,THE PROVINCE CRICKET LEAGUE,,4010896,League Matches,13658534,Bheem Mahabali,136/0,13658580,Sahdev Randhurandhar,109/3,Toss: Sahdev Randhurandhar opt to field,27 runs,Bheem Mahabali,Resulted,0,0,2026-09-01T20:30:29.296971+00:00
25097954,Box Cricket,TENNIS,past,2026-05-31T12:51:49.000Z,3003,Pune,971436,Shourya Sports,2045249,THE PROVINCE CRICKET LEAGUE,,4010896,League Matches,13658581,Arjun Astraveer,89/3,13658534,Bheem Mahabali,63/3,Toss: Bheem Mahabali opt to field,26 runs,Arjun Astraveer,Resulted,0,0,2026-09-01T20:30:29.296971+00:00
25101530,Limited Overs,TENNIS,past,2026-06-03T01:34:51.000Z,3003,Pune,6853,Infinity Cricket Ground,1766823,Avengers Practice Matches Season 2026,,3421939,League Matches,2698730,KS Avengers,120/6,9646363,Overtime Hitters,109/10,Toss: KS Avengers opt to bat,11 runs,KS Avengers,Resulted,0,0,2026-09-01T20:30:29.296971+00:00
25107352,Box Cricket,TENNIS,past,2026-05-30T10:55:45.000Z,3003,Pune,1033645,4lions Ravet,2053698,Pavillion Premier League (Season 6),,4012298,League Matches,13716648,Avengers,63/5,13716607,The Iron Lifters,66/1,Toss: The Iron Lifters opt to field,7 wickets,The Iron Lifters,Resulted,0,0,2026-09-01T20:30:29.296971+00:00
25107380,Box Cricket,TENNIS,past,2026-05-30T12:15:06.000Z,3003,Pune,1033645,4lions Ravet,2053698,Pavillion Premier League (Season 6),,4012298,League Matches,13716636,The Spartans,54/8,13716607,The Iron Lifters,55/4,Toss: The Iron Lifters opt to field,4 wickets,The Iron Lifters,Resulted,0,0,2026-09-01T20:30:29.296971+00:00
25107410,Box Cricket,TENNIS,past,2026-05-30T13:45:45.000Z,3003,Pune,1033645,4lions Ravet,2053698,Pavillion Premier League (Season 6),,4012298,League Matches,13716607,The Iron Lifters,85/7,13716620,Legacy Lions,55/5,Toss: Legacy Lions opt to field,30 runs,The Iron Lifters,Resulted,0,0,2026-09-01T20:30:29.296971+00:00
25109200,Limited Overs,TENNIS,past,2026-06-04T01:22:58.000Z,3003,Pune,987380,"Lords Of Mulshi, Kasarsai",,,,,,13415085,Weekday Warriors,156/6,13349483,Boundary Blasters,158/5,Toss: Boundary Blasters opt to field,5 wickets,Boundary Blasters,Resulted,0,0,2026-09-01T20:30:29.296971+00:00
25115267,Limited Overs,TENNIS,past,2026-05-30T01:06:21.000Z,3003,Pune,439566,"Embassy TechZone Cricket Ground, Hinjewadi",,,,,,13643771,Zabardast Jetha,185/9,13643783,Bindass Bhide,186/8,Toss: Bindass Bhide opt to field,2 wickets,Bindass Bhide,Resulted,0,0,2026-09-01T20:30:29.296971+00:00
25118309,Box Cricket,TENNIS,past,2026-05-31T14:21:11.000Z,3003,Pune,971436,Shourya Sports,2045249,THE PROVINCE CRICKET LEAGUE,,4010896,League Matches,13658423,Nakul Ashvasainik,102/1,13658534,Bheem Mahabali,105/1,Toss: Nakul Ashvasainik opt to bat,5 wickets,Bheem Mahabali,Resulted,0,0,2026-09-01T20:30:29.296971+00:00
25118417,Box Cricket,TENNIS,past,2026-05-31T15:08:51.000Z,3003,Pune,971436,Shourya Sports,2045249,THE PROVINCE CRICKET LEAGUE,,4010896,League Matches,13658585,Yudishtir Dharmyoddha,83/2,13658534,Bheem Mahabali,75/5,Toss: Bheem Mahabali opt to field,8 runs,Yudishtir Dharmyoddha,Resulted,0,0,2026-09-01T20:30:29.296971+00:00
25133545,Box Cricket,TENNIS,past,2026-05-30T14:58:46.000Z,3000,Pimpri,1198908,galaxy arena,2055487,Orbit Premier League ,,4015839,League Matches,13729643,POWER HITTERS XL,21/7,13729484,Royal Challengers Orbit,22/2,Toss: POWER HITTERS XL opt to bat,7 wickets,Royal Challengers Orbit,Resulted,0,0,2026-09-01T20:30:29.296971+00:00
25133567,Box Cricket,TENNIS,past,2026-05-30T15:52:12.000Z,3000,Pimpri,1198908,galaxy arena,2055487,Orbit Premier League ,,4015839,League Matches,13729113,Star Spartans  team,63/3,13729484,Royal Challengers Orbit,33/5,Toss: Royal Challengers Orbit opt to field,30 runs,Star Spartans  team,Resulted,0,0,2026-09-01T20:30:29.296971+00:00
25133582,Box Cricket,TENNIS,past,2026-05-30T16:14:57.000Z,3000,Pimpri,1198908,galaxy arena,2055487,Orbit Premier League ,,4015839,League Matches,13729484,Royal Challengers Orbit,48/3,13728995,Dhurandhar,53/1,Toss: Dhurandhar opt to field,9 wickets,Dhurandhar,Resulted,0,0,2026-09-01T20:30:29.296971+00:00
25147947,Box Cricket,TENNIS,past,2026-05-30T16:10:02.000Z,3003,Pune,1033645,4lions Ravet,2053698,Pavillion Premier League (Season 6),,4017962,Semi Final,13716607,The Iron Lifters,62/6,13716582,Smashers,59/6,Toss: Smashers opt to field,3 runs,The Iron Lifters,Resulted,0,0,2026-09-01T20:30:29.296971+00:00
25148546,Limited Overs,TENNIS,past,2026-06-03T01:41:00.000Z,3003,Pune,242457,Hajare Sports Club,,,,,,13278783,Spartan Cricket Club,121/7,12064759,The Voyagers,124/4,Toss: The Voyagers opt to field,6 wickets,The Voyagers,Resulted,0,0,2026-09-01T20:30:29.296971+00:00
25149815,Box Cricket,TENNIS,past,2026-05-30T17:26:03.000Z,3003,Pune,1033645,4lions Ravet,2053698,Pavillion Premier League (Season 6),,4018710,Final,13716607,The Iron Lifters,73/3,13716561,Maratha Warriors,49/6,Toss: Maratha Warriors opt to field,24 runs,The Iron Lifters,Resulted,0,0,2026-09-01T20:30:29.296971+00:00
25170146,Limited Overs,LEATHER,past,2026-06-07T02:10:00.000Z,3003,Pune,220312,Urawde,1669277,Phoenix Corporate League Season 1 ,,4018454,Quarter Final,2765155,CricUnited XI,140/7,3515421,Hawk Hunters,66/10,Toss: CricUnited XI opt to bat,74 runs,CricUnited XI,Resulted,0,0,2026-09-01T20:30:29.296971+00:00
25185674,Limited Overs,TENNIS,past,2026-06-07T03:44:00.000Z,3003,Pune,262327,Kokate Cricket Academy,2039629,VANSH SPORTS WEEKDAYS CRICKET TOURNAMENT SEASON 2,,4007374,League Matches,1733015,Arcus Amigos,103/7,3482011,Range Hills Rangers,105/3,Toss: Range Hills Rangers opt to field,7 wickets,Range Hills Rangers,Resulted,0,0,2026-09-01T20:30:29.296971+00:00
25210583,Limited Overs,TENNIS,past,2026-06-03T15:36:55.000Z,3003,Pune,794727,Grippex Ravet,,,,,,6830244,IVORY STRIKERS,116/4,11348613,SG LIONS YB,119/3,Toss: IVORY STRIKERS opt to bat,7 wickets,SG LIONS YB,Resulted,0,0,2026-09-01T20:30:29.296971+00:00
25212066,Limited Overs,TENNIS,past,2026-06-07T03:42:00.000Z,3003,Pune,242457,Hajare Sports Club,,,,,,12285314,Epam CC,155/5,13562418,The Address Heroes,116/10,Toss: Epam CC opt to bat,39 runs,Epam CC,Resulted,0,0,2026-09-01T20:30:29.296971+00:00
25214901,Limited Overs,TENNIS,past,2026-06-02T01:35:46.000Z,3003,Pune,1119734,DN Parande Sports Hub (Kings Club),,,,,,9325150,Manhattan Cricket Team,156/7,9567091,11 Marvels,65/10,Toss: Manhattan Cricket Team opt to bat,91 runs,Manhattan Cricket Team,Resulted,0,0,2026-09-01T20:30:29.296971+00:00
25225583,Limited Overs,TENNIS,past,2026-06-06T15:56:26.000Z,3003,Pune,982338,Cricathon Cricket Academy,,,,,,13574540,Team LOC OG,108/8,12765678,Megapolis Black Hawks,112/5,Toss: Team LOC OG opt to bat,5 wickets,Megapolis Black Hawks,Resulted,0,0,2026-09-01T20:30:29.296971+00:00
25240962,Limited Overs,TENNIS,past,2026-06-06T01:10:00.000Z,3003,Pune,744485,A to Z CRICKET GROUND LAVALE,,,,,,11656889,Signature Strikers,149/10,9005699,Pune Lions,126/10,Toss: Pune Lions opt to field,23 runs,Signature Strikers,Resulted,0,0,2026-09-01T20:30:29.296971+00:00
25241167,Limited Overs,TENNIS,past,2026-06-12T01:37:22.000Z,3003,Pune,409201,"Walke Sports Ground, Bhosari Alandi Road",,,,,,12064759,The Voyagers,140/7,13278783,Spartan Cricket Club,146/2,Toss: Spartan Cricket Club opt to field,8 wickets,Spartan Cricket Club,Resulted,0,0,2026-09-01T20:30:29.296971+00:00
25241834,Limited Overs,TENNIS,past,2026-06-07T01:26:35.000Z,3003,Pune,744485,A to Z CRICKET GROUND LAVALE,,,,,,11656889,Signature Strikers,174/7,11445413,Rogue Titans,142/10,Toss: Rogue Titans opt to field,32 runs,Signature Strikers,Resulted,0,0,2026-09-01T20:30:29.296971+00:00
25245944,Limited Overs,TENNIS,past,2026-06-06T17:56:38.000Z,3003,Pune,987380,"Lords Of Mulshi, Kasarsai",,,,,,12030929,Melange United,190/7,13349483,Boundary Blasters,142/8,Toss: Boundary Blasters opt to field,48 runs,Melange United,Resulted,0,0,2026-09-01T20:30:29.296971+00:00
25252970,Limited Overs,TENNIS,past,2026-06-03T17:10:54.000Z,3003,Pune,1202054,Achiever Cricket Academy,,,,,,11348613,SG LIONS YB,59/5,6830244,IVORY STRIKERS,61/1,Toss: SG LIONS YB opt to bat,9 wickets,IVORY STRIKERS,Resulted,0,0,2026-09-01T20:30:29.296971+00:00
25260997,Limited Overs,TENNIS,past,2026-06-11T01:34:51.000Z,3003,Pune,987380,"Lords Of Mulshi, Kasarsai",,,,,,6324345,Radiant Rovers,171/6,13349483,Boundary Blasters,176/4,Toss: Radiant Rovers opt to bat,6 wickets,Boundary Blasters,Resulted,0,0,2026-09-01T20:30:29.296971+00:00
25272199,Limited Overs,TENNIS,past,2026-06-06T03:46:46.000Z,3003,Pune,242457,Hajare Sports Club,,,,,,12285314,Epam CC,142/7,9092487,Elite Eagles XI,110/9,Toss: Epam CC opt to bat,32 runs,Epam CC,Resulted,0,0,2026-09-01T20:30:29.296971+00:00
25293050,Limited Overs,TENNIS,past,2026-06-05T16:31:14.000Z,3003,Pune,189002,DOWNTOWN,,,,,,13809298,Vinod XI,131/4,8641816,Team Orange,135/5,Toss: Team Orange opt to field,5 wickets,Team Orange,Resulted,0,0,2026-09-01T20:30:29.296971+00:00
25298207,Limited Overs,TENNIS,past,2026-06-05T17:47:31.000Z,3003,Pune,189002,DOWNTOWN,,,,,,8641816,Team Orange,156/4,13809298,Vinod XI,113/8,Toss: Team Orange opt to bat,43 runs,Team Orange,Resulted,0,0,2026-09-01T20:30:29.296971+00:00
25299022,Box Cricket,TENNIS,past,2026-06-06T01:05:51.000Z,3003,Pune,478716,Embassy Tech Zone Ground,,,,,,10933879,Desi Dynamos,210/7,9161647,Desi Challengers,174/9,Toss: Desi Challengers opt to field,36 runs,Desi Dynamos,Resulted,0,0,2026-09-01T20:30:29.296971+00:00
25309891,Limited Overs,TENNIS,past,2026-06-07T05:33:22.000Z,3003,Pune,262327,Kokate Cricket Academy,2039629,VANSH SPORTS WEEKDAYS CRICKET TOURNAMENT SEASON 2,,4007374,League Matches,3482011,Range Hills Rangers,93/10,8170266,Pashan Avengers,94/2,Toss: Range Hills Rangers opt to bat,8 wickets,Pashan Avengers,Resulted,0,0,2026-09-01T20:30:29.296971+00:00
25315006,Limited Overs,TENNIS,past,2026-06-06T09:22:43.000Z,3003,Pune,1146045,Kesnand Ground,2066297,KESNAND SOCIETY SUMMER CUP-2026,,4037541,League Matches,13791050,Thunder Titans,90/4,13786678,Nivaan Meadows June-26,41/5,Toss: Thunder Titans opt to bat,49 runs,Thunder Titans,Resulted,0,0,2026-09-01T20:30:29.296971+00:00
25316840,Limited Overs,TENNIS,past,2026-06-06T10:16:20.000Z,3003,Pune,1146045,Kesnand Ground,2066297,KESNAND SOCIETY SUMMER CUP-2026,,4037541,League Matches,13786678,Nivaan Meadows June-26,36/2,13526202,Nyati Super Kings,37/2,Toss: Nyati Super Kings opt to field,8 wickets,Nyati Super Kings,Resulted,0,0,2026-09-01T20:30:29.296971+00:00
25317544,Limited Overs,TENNIS,past,2026-06-06T10:45:22.000Z,3003,Pune,1193583,tripel crown,,,,,,13819958,Yarana 11,90/10,13346618,Tripel crown 11,91/3,Toss: Yarana 11 opt to bat,7 wickets,Tripel crown 11,Resulted,0,0,2026-09-01T20:30:29.296971+00:00
25320371,Limited Overs,TENNIS,past,2026-06-06T12:14:00.000Z,3003,Pune,1153384,TRIPLE CROWN CRICKET GROUND,,,,,,13346618,Tripel crown 11,100/5,13819958,Yarana 11,77/3,Toss: Tripel crown 11 opt to bat,23 runs,Tripel crown 11,Resulted,0,0,2026-09-01T20:30:29.296971+00:00
25320938,Limited Overs,TENNIS,past,2026-06-06T12:39:32.000Z,3003,Pune,1146045,Kesnand Ground,2066297,KESNAND SOCIETY SUMMER CUP-2026,,4037541,League Matches,13786678,Nivaan Meadows June-26,37/3,13521427,Bright Stars Cricketer,38/2,Toss: Bright Stars Cricketer opt to field,8 wickets,Bright Stars Cricketer,Resulted,0,0,2026-09-01T20:30:29.296971+00:00
25330228,Limited Overs,TENNIS,past,2026-06-09T15:42:18.000Z,3003,Pune,1153384,TRIPLE CROWN CRICKET GROUND,1865109,SAMANVAY  NIGHT Tournament 2025-26,,3627139,League Matches,6941126,SAMANVAY,137/10,6830244,IVORY STRIKERS,131/9,Toss: SAMANVAY opt to bat,6 runs,SAMANVAY,Resulted,0,0,2026-09-01T20:30:29.296971+00:00
25333723,Box Cricket,TENNIS,past,2026-06-07T00:55:02.000Z,2964,Nashik,238591,Power Play Turf,2070846,HCC TOURNAMENT ,,4046244,League Matches,13829181,Mahindra,119/3,13829173,Tata,56/7,Toss: Mahindra opt to bat,63 runs,Mahindra,Resulted,0,0,2026-09-01T20:30:29.296971+00:00
25337405,Box Cricket,TENNIS,past,2026-06-07T01:57:03.000Z,2964,Nashik,238591,Power Play Turf,2070846,HCC TOURNAMENT ,,4046244,League Matches,13829186,Maruti,64/5,13829181,Mahindra,66/5,Toss: Maruti opt to bat,2 wickets,Mahindra,Resulted,0,0,2026-09-01T20:30:29.296971+00:00
25339411,Box Cricket,TENNIS,past,2026-06-07T02:27:14.000Z,2964,Nashik,238591,Power Play Turf,2070846,HCC TOURNAMENT ,,4046244,League Matches,13829173,Tata,49/6,13829181,Mahindra,50/4,Toss: Mahindra opt to field,3 wickets,Mahindra,Resulted,0,0,2026-09-01T20:30:29.296971+00:00
25342819,Box Cricket,TENNIS,past,2026-06-07T03:29:27.000Z,2964,Nashik,238591,Power Play Turf,2070846,HCC TOURNAMENT ,,4046245,Final,13829181,Mahindra,107/3,13829186,Maruti,96/7,Toss: Maruti opt to field,11 runs,Mahindra,Resulted,0,0,2026-09-01T20:30:29.296971+00:00
25357703,Limited Overs,LEATHER,past,2026-06-07T11:03:31.000Z,3003,Pune,1141483,SIOO Cricket Ground,1855664,Open Ground Arena by RCC Prometheus,,3604880,League Matches,13357007,Prometheus Dominators,87/9,13357010,Prometheus Inferno,93/3,Toss: Prometheus Dominators opt to bat,7 wickets,Prometheus Inferno,Resulted,0,0,2026-09-01T20:30:29.296971+00:00
25358495,Limited Overs,LEATHER,past,2026-06-14T13:38:58.000Z,3003,Pune,282913,Cricathon Cricket Ground,2006387,Cricathon Night Weekend S7 T20,,3923314,League Matches,2223945,Life Republic Royals,211/3,13389422,Trident,154/10,Toss: Life Republic Royals opt to bat,57 runs,Life Republic Royals,Resulted,0,0,2026-09-01T20:30:29.296971+00:00
25359198,Limited Overs,TENNIS,past,2026-06-07T09:54:22.000Z,3003,Pune,336557,Tembekar Farm,2050870,Sparsh Cricket Championship Season 02,,4007269,League Matches,13696522,Water World Warriors,113/5,13696514,Bafna Strikers,77/2,Toss: Bafna Strikers opt to field,36 runs,Water World Warriors,Resulted,0,0,2026-09-01T20:30:29.296971+00:00
25369148,Limited Overs,TENNIS,past,2026-06-07T14:03:16.000Z,3003,Pune,336557,Tembekar Farm,2050870,Sparsh Cricket Championship Season 02,,4007269,League Matches,13696522,Water World Warriors,80/5,13696519,Manilaxmi Mavericks,57/6,Toss: Water World Warriors opt to bat,23 runs,Water World Warriors,Resulted,0,0,2026-09-01T20:30:29.296971+00:00
25369957,Limited Overs,TENNIS,past,2026-06-13T10:52:05.000Z,3003,Pune,242457,Hajare Sports Club,,,,,,12285314,Epam CC,158/6,13562418,The Address Heroes,160/8,Toss: Epam CC opt to bat,2 wickets,The Address Heroes,Resulted,0,0,2026-09-01T20:30:29.296971+00:00
25372643,Limited Overs,TENNIS,past,2026-06-07T16:42:42.000Z,3003,Pune,797471,Match Day Arena,2041457,MVS Premier League Season 8,,3987792,Final,13630293,Shaktiman Strikers,79/3,13630277,Chacha Chaudhary Avengers,80/4,Toss: Chacha Chaudhary Avengers opt to field,5 wickets,Chacha Chaudhary Avengers,Resulted,0,0,2026-09-01T20:30:29.296971+00:00
25374521,Limited Overs,TENNIS,past,2026-06-07T18:40:40.000Z,3003,Pune,336557,Tembekar Farm,2050870,Sparsh Cricket Championship Season 02,,4051958,Final,13696514,Bafna Strikers,73/4,13696522,Water World Warriors,74/2,Toss: Water World Warriors opt to field,8 wickets,Water World Warriors,Resulted,0,0,2026-09-01T20:30:29.296971+00:00
25381855,Limited Overs,LEATHER,past,2026-06-11T13:51:00.000Z,3003,Pune,282913,Cricathon Cricket Ground,1784457,Cricathon Jatayu Cup Weekday Night T20 ,,4053052,Final,2223945,Life Republic Royals,162/5,3510777,CrickFitNet Academy,138/10,Toss: Life Republic Royals opt to bat,24 runs,Life Republic Royals,Resulted,0,0,2026-09-01T20:30:29.296971+00:00
25382307,Limited Overs,LEATHER,past,2026-06-13T04:11:00.000Z,3003,Pune,1153384,TRIPLE CROWN CRICKET GROUND,1986989,Triple Crown Day Night T20,,3878986,League Matches,10922659,S.I Warriors,238/4,9175480,Glory Cricket Club,165/8,Toss: Glory Cricket Club opt to field,73 runs (Players short),S.I Warriors,Resulted,0,0,2026-09-01T20:30:29.296971+00:00
25389198,Limited Overs,TENNIS,past,2026-06-13T08:51:08.000Z,3003,Pune,214029,Forza Football,2073936,Forza Premier League,,4054164,League Matches,13852300,Team B,68/5,13852308,Team C,72/1,Toss: Team C opt to field,6 wickets,Team C,Resulted,0,0,2026-09-01T20:30:29.296971+00:00
25389247,Limited Overs,TENNIS,past,2026-06-13T10:24:54.000Z,3003,Pune,214029,Forza Football,2073936,Forza Premier League,,4054164,League Matches,13852297,Team A,75/6,13852308,Team C,51/6,Toss: Team C opt to field,24 runs,Team A,Resulted,0,0,2026-09-01T20:30:29.296971+00:00
25389314,Limited Overs,TENNIS,past,2026-06-13T12:40:40.000Z,3003,Pune,214029,Forza Football,2073936,Forza Premier League,,4054164,League Matches,13852308,Team C,74/7,13852320,Team E,78/2,Toss: Team E opt to field,5 wickets,Team E,Resulted,0,0,2026-09-01T20:30:29.296971+00:00
25389396,Limited Overs,TENNIS,past,2026-06-14T08:37:06.000Z,3003,Pune,214029,Forza Football,2073936,Forza Premier League,,4054164,League Matches,13852330,Team Shoeb,106/4,13852308,Team C,70/6,Toss: Team C opt to field,36 runs,Team Shoeb,Resulted,0,0,2026-09-01T20:30:29.296971+00:00
25389428,Limited Overs,TENNIS,past,2026-06-14T11:50:59.000Z,3003,Pune,214029,Forza Football,2073936,Forza Premier League,,4054164,League Matches,13852308,Team C,85/2,13852314,Team D,84/5,Toss: Team D opt to field,1 run,Team C,Resulted,0,0,2026-09-01T20:30:29.296971+00:00
25392717,Limited Overs,TENNIS,past,2026-06-13T01:34:00.000Z,3003,Pune,59762,Barne Academy Ground Pusane,,,,,,11656889,Signature Strikers,175/9,7942283,LR R16 Maratha Warriors,119/10,Toss: Signature Strikers opt to bat,56 runs,Signature Strikers,Resulted,0,0,2026-09-01T20:30:29.296971+00:00
25397053,Limited Overs,TENNIS,past,2026-06-14T05:42:32.000Z,3003,Pune,987380,"Lords Of Mulshi, Kasarsai",,,,,,11478847,Serenity Titans,173/7,3482011,Range Hills Rangers,64/10,Toss: Range Hills Rangers opt to field,109 runs,Serenity Titans,Resulted,0,0,2026-09-01T20:30:29.296971+00:00
25398108,Limited Overs,TENNIS,past,2026-06-13T01:19:00.000Z,3003,Pune,409003,Eden Park,,,,,,11322242,Rising GW 11,136/7,10966034,NitroJains CC,137/4,Toss: Rising GW 11 opt to bat,6 wickets,NitroJains CC,Resulted,0,0,2026-09-01T20:30:29.296971+00:00
25405715,Limited Overs,TENNIS,past,2026-06-10T15:46:33.000Z,3003,Pune,773490,Cricket Heaven Sports Club,,,,,,12765678,Megapolis Black Hawks,96/8,7126437,Rising Champions,98/7,Toss: Rising Champions opt to field,3 wickets,Rising Champions,Resulted,0,0,2026-09-01T20:30:29.296971+00:00
25408550,Limited Overs,LEATHER,past,2026-06-09T14:37:38.000Z,3003,Pune,402793,"Crickathon Cricket Ground, Sangawade",,,,,,2141371,Cricathon Sports Club,134/10,6176630,LR Invincible X1,107/10,Toss: Cricathon Sports Club opt to bat,27 runs,Cricathon Sports Club,Resulted,0,0,2026-09-01T20:30:29.296971+00:00
25417520,Limited Overs,TENNIS,past,2026-06-17T01:31:47.000Z,3003,Pune,1153384,TRIPLE CROWN CRICKET GROUND,,,,,,3694193,Old Monk XI Cricket Club,121/10,5742614,SHRINATH TIGERS,122/7,Toss: SHRINATH TIGERS opt to field,3 wickets,SHRINATH TIGERS,Resulted,0,0,2026-09-01T20:30:29.296971+00:00
25423116,Limited Overs,TENNIS,past,2026-06-13T15:54:30.000Z,3003,Pune,987380,"Lords Of Mulshi, Kasarsai",,,,,,13349483,Boundary Blasters,136/7,13690018,Gathbandhan 11,111/2,Toss: Boundary Blasters opt to bat,Match Abandoned,,Abandoned,0,0,2026-09-01T20:30:29.296971+00:00
25423223,Limited Overs,TENNIS,past,2026-06-17T01:23:00.000Z,3003,Pune,6853,Infinity Cricket Ground,1766823,Avengers Practice Matches Season 2026,,3421939,League Matches,2698730,KS Avengers,133/9,9646363,Overtime Hitters,135/1,Toss: KS Avengers opt to bat,9 wickets,Overtime Hitters,Resulted,0,0,2026-09-01T20:30:29.296971+00:00
25429999,Limited Overs,TENNIS,past,2026-06-14T01:14:39.000Z,3003,Pune,406981,"30YCA Cricket Ground, Chandkhed",,,,,,11656889,Signature Strikers,124/8,8798478,Ocean Warriors,125/1,Toss: Signature Strikers opt to bat,9 wickets,Ocean Warriors,Resulted,0,0,2026-09-01T20:30:29.296971+00:00
25440818,Limited Overs,TENNIS,past,2026-06-18T01:33:24.000Z,3003,Pune,242457,Hajare Sports Club,,,,,,12064759,The Voyagers,200/4,11818626,Mantra Tigers,164/10,Toss: Mantra Tigers opt to field,36 runs,The Voyagers,Resulted,0,0,2026-09-01T20:30:29.296971+00:00
25446534,Limited Overs,TENNIS,past,2026-06-16T18:03:15.000Z,3003,Pune,536358,Ravet GripX,,,,,,6830244,IVORY STRIKERS,87/3 & 10/1,13883949,Topaz-Ruby Mavericks,87/3 & 10/1,Toss: IVORY STRIKERS opt to bat,Tie,,Tie,0,1,2026-09-01T20:30:29.296971+00:00
25446597,Limited Overs,TENNIS,past,2026-06-14T01:26:34.000Z,3003,Pune,25806,"Masters Cricket Club Ground, Kolwadi",,,,,,8967314,RA Spartans,195/6,10560695,Sky kings,161/6,Toss: Sky kings opt to field,34 runs,RA Spartans,Resulted,0,0,2026-09-01T20:30:29.296971+00:00
25450073,Limited Overs,TENNIS,past,2026-06-18T15:41:00.000Z,3003,Pune,536358,Ravet GripX,,,,,,13436003,Urban United XI,157/7,6830244,IVORY STRIKERS,124/7,Toss: Urban United XI opt to bat,33 runs,Urban United XI,Resulted,0,0,2026-09-01T20:30:29.296971+00:00
25460455,Limited Overs,TENNIS,past,2026-06-18T01:36:17.000Z,3003,Pune,987380,"Lords Of Mulshi, Kasarsai",,,,,,5742614,SHRINATH TIGERS,157/6,13349483,Boundary Blasters,117/10,Toss: SHRINATH TIGERS opt to bat,40 runs,SHRINATH TIGERS,Resulted,0,0,2026-09-01T20:30:29.296971+00:00
25465537,Limited Overs,LEATHER,past,2026-06-13T04:08:00.000Z,3003,Pune,409201,"Walke Sports Ground, Bhosari Alandi Road",1141318,KPL  Match ,,2191835,Super Knockout,12406616,Cricketers,137/9,2765155,CricUnited XI,141/3,Toss: Cricketers opt to bat,7 wickets,CricUnited XI,Resulted,0,0,2026-09-01T20:30:29.296971+00:00
25466766,Limited Overs,TENNIS,past,2026-06-16T16:30:00.000Z,3003,Pune,536358,Ravet GripX,,,,,,6830244,IVORY STRIKERS,105/3,13883949,Topaz-Ruby Mavericks,91/5,Toss: IVORY STRIKERS opt to bat,14 runs,IVORY STRIKERS,Resulted,0,0,2026-09-01T20:30:29.296971+00:00
25470581,Limited Overs,TENNIS,past,2026-06-13T01:06:15.000Z,3003,Pune,36645,embassy tech zone,,,,,,10933879,Desi Dynamos,205/6,9161647,Desi Challengers,208/5,Toss: Desi Challengers opt to field,3 wickets,Desi Challengers,Resulted,0,0,2026-09-01T20:30:29.296971+00:00
25476050,Box Cricket,TENNIS,past,2026-06-14T02:47:35.000Z,3003,Pune,188404,GK Silverland Residency PHASE 1,2081576,MONSOON SERIES,,4067867,League Matches,13902947,Storm Kings,52/6,13902944,Monsoon Titans,44/6,Toss: Monsoon Titans opt to field,8 runs,Storm Kings,Resulted,0,0,2026-09-01T20:30:29.296971+00:00
25476070,Box Cricket,TENNIS,past,2026-06-14T03:22:27.000Z,3003,Pune,188404,GK Silverland Residency PHASE 1,2081576,MONSOON SERIES,,4067867,League Matches,13902950,Lightning Legends,84/3,13902944,Monsoon Titans,75/5,Toss: Monsoon Titans opt to field,9 runs,Lightning Legends,Resulted,0,0,2026-09-01T20:30:29.296971+00:00
25476102,Box Cricket,TENNIS,past,2026-06-14T04:03:42.000Z,3003,Pune,188404,GK Silverland Residency PHASE 1,2081576,MONSOON SERIES,,4067867,League Matches,13902947,Storm Kings,89/4,13902950,Lightning Legends,73/6,Toss: Lightning Legends opt to field,16 runs,Storm Kings,Resulted,0,0,2026-09-01T20:30:29.296971+00:00
25476127,Box Cricket,TENNIS,past,2026-06-14T06:46:58.000Z,3003,Pune,188404,GK Silverland Residency PHASE 1,2081576,MONSOON SERIES,,4067867,League Matches,13902944,Monsoon Titans,107/3,13902947,Storm Kings,71/6,Toss: Monsoon Titans opt to bat,36 runs,Monsoon Titans,Resulted,0,0,2026-09-01T20:30:29.296971+00:00
25476168,Box Cricket,TENNIS,past,2026-06-14T05:59:56.000Z,3003,Pune,188404,GK Silverland Residency PHASE 1,2081576,MONSOON SERIES,,4067867,League Matches,13902944,Monsoon Titans,77/1,13902950,Lightning Legends,79/1,Toss: Lightning Legends opt to field,4 wickets,Lightning Legends,Resulted,0,0,2026-09-01T20:30:29.296971+00:00
25476197,Box Cricket,TENNIS,past,2026-06-14T05:16:28.000Z,3003,Pune,188404,GK Silverland Residency PHASE 1,2081576,MONSOON SERIES,,4067867,League Matches,13902947,Storm Kings,88/2,13902950,Lightning Legends,74/2,Toss: Lightning Legends opt to field,14 runs,Storm Kings,Resulted,0,0,2026-09-01T20:30:29.296971+00:00
25476612,Limited Overs,TENNIS,past,2026-06-13T01:41:52.000Z,2811,Dombivli,62593,Umbarli,2065810,Friendly cricket match,,4041390,Round One,13898630,Pradeep XI,152/7,13898637,AMOL XI,157/6,Toss: AMOL XI opt to field,4 wickets,AMOL XI,Resulted,0,0,2026-09-01T20:30:29.296971+00:00
25479677,Limited Overs,TENNIS,past,2026-06-13T05:49:57.000Z,3003,Pune,1034782,Kings Sports Club Dhanori,,,,,,9638201,The Cultivators,156/5,9325150,Manhattan Cricket Team,124/4,Toss: The Cultivators opt to bat,32 runs,The Cultivators,Resulted,0,0,2026-09-01T20:30:29.296971+00:00
25488091,Limited Overs,TENNIS,past,2026-06-13T16:43:13.000Z,3003,Pune,402793,"Crickathon Cricket Ground, Sangawade",,,,,,10772747,Rudra Boys,127/7,12765678,Megapolis Black Hawks,123/8,Toss: Rudra Boys opt to bat,4 runs,Rudra Boys,Resulted,0,0,2026-09-01T20:30:29.296971+00:00
25503476,Limited Overs,TENNIS,past,2026-06-14T01:04:24.000Z,3003,Pune,36645,embassy tech zone,,,,,,9161647,Desi Challengers,258/4,10933879,Desi Dynamos,187/9,Toss: Desi Challengers opt to bat,71 runs,Desi Challengers,Resulted,0,0,2026-09-01T20:30:29.296971+00:00
25509109,Limited Overs,TENNIS,past,2026-06-14T01:39:06.000Z,2811,Dombivli,62593,Umbarli,2065810,Friendly cricket match,,4041390,Round One,13898637,AMOL XI,126/12,13898630,Pradeep XI,127/9,Toss: Pradeep XI opt to field,1 wicket,Pradeep XI,Resulted,0,0,2026-09-01T20:30:29.296971+00:00
25522824,Limited Overs,LEATHER,past,2026-06-20T09:01:00.000Z,3003,Pune,282913,Cricathon Cricket Ground,2032609,Cricathon Hexagon Cup S2 T20,,3980703,League Matches,5182242,Tetra Pak Spartans,178/3,2765155,CricUnited XI,179/8,Toss: Tetra Pak Spartans opt to bat,2 wickets,CricUnited XI,Resulted,0,0,2026-09-01T20:30:29.296971+00:00
25527394,Box Cricket,TENNIS,past,2026-06-14T07:23:33.000Z,3003,Pune,188404,GK Silverland Residency PHASE 1,2081576,MONSOON SERIES,,4074684,Final,13902950,Lightning Legends,101/2,13902947,Storm Kings,73/6,Toss: Storm Kings opt to field,28 runs,Lightning Legends,Resulted,0,0,2026-09-01T20:30:29.296971+00:00
25535555,Limited Overs,TENNIS,past,2026-06-20T03:30:00.000Z,3003,Pune,262327,Kokate Cricket Academy,2039629,VANSH SPORTS WEEKDAYS CRICKET TOURNAMENT SEASON 2,,4073989,Quarter Final,12625083,Eklavya Archers,151/9,3482011,Range Hills Rangers,101/10,Toss: Eklavya Archers opt to bat,50 runs,Eklavya Archers,Resulted,0,0,2026-09-01T20:30:29.296971+00:00
25541996,Limited Overs,TENNIS,past,2026-06-14T14:17:02.000Z,3003,Pune,214029,Forza Football,2073936,Forza Premier League,,4054200,Trophy Play Off,13852308,Team C,58/1,13852297,Team Neekhil,59/6,Toss: Team C opt to bat,1 wicket,Team Neekhil,Resulted,0,0,2026-09-01T20:30:29.296971+00:00
25555905,Limited Overs,LEATHER,past,2026-06-15T14:21:00.000Z,3003,Pune,282913,Cricathon Cricket Ground,2060282,LR Rivalry Championship ,,4026968,League Matches,13760828,Royal Kings,153/10,13761476,Royal Indians,147/7,Toss: Royal Kings opt to bat,6 runs,Royal Kings,Resulted,0,0,2026-09-01T20:30:29.296971+00:00
25558222,Limited Overs,TENNIS,past,2026-06-21T01:14:07.000Z,3003,Pune,964551,Lords of Mulshi,,,,,,12743019,Puneville Strikers,102/10,11656889,Signature Strikers,103/6,Toss: Puneville Strikers opt to bat,4 wickets,Signature Strikers,Resulted,0,0,2026-09-01T20:30:29.296971+00:00
25558531,Limited Overs,TENNIS,past,2026-06-20T01:26:05.000Z,3003,Pune,1042424,Lord of Mulshi,,,,,,11656889,Signature Strikers,133/7,13319036,Revs X1,135/3,Toss: Signature Strikers opt to bat,7 wickets,Revs X1,Resulted,0,0,2026-09-01T20:30:29.296971+00:00
25569436,Limited Overs,TENNIS,past,2026-06-16T01:38:46.000Z,3003,Pune,573701,King Sports Club Dhanori,,,,,,9567091,11 Marvels,153/6,9325150,Manhattan Cricket Team,124/6,Toss: 11 Marvels opt to bat,29 runs,11 Marvels,Resulted,0,0,2026-09-01T20:30:29.296971+00:00
25570801,Limited Overs,TENNIS,past,2026-06-19T01:25:00.000Z,3003,Pune,1163893,Champions Hub Ravet,,,,,,3694193,Old Monk XI Cricket Club,127/10,12747837,The Legends,85/9,Toss: The Legends opt to field,42 runs,Old Monk XI Cricket Club,Resulted,0,0,2026-09-01T20:30:29.296971+00:00
25576158,Limited Overs,TENNIS,past,2026-06-22T01:32:36.000Z,3003,Pune,2838,VDR Cricket Academy Ground,,,,,,4575270,Revanta Risers Ravet (RRR),96/7,3694193,Old Monk XI Cricket Club,97/2,Toss: Revanta Risers Ravet (RRR) opt to bat,8 wickets,Old Monk XI Cricket Club,Resulted,0,0,2026-09-01T20:30:29.296971+00:00
25579050,Limited Overs,LEATHER,past,2026-06-20T05:22:20.000Z,3003,Pune,427292,SILVER CRICKET ACADAMY - CHIKHALI,1141318,KPL  Match ,,2191835,Super Knockout,916636,Rising SuperKings,175/5,12499477,OG Pune,177/5,Toss: Rising SuperKings opt to bat,5 wickets,OG Pune,Resulted,0,0,2026-09-01T20:30:29.296971+00:00
25580592,Limited Overs,LEATHER,past,2026-06-20T05:59:50.000Z,3003,Pune,406981,"30YCA Cricket Ground, Chandkhed",1889067,30YCA Summer Shield 4.0,,4082729,Quarter Final,12778058,JCB MIX CORPORATE TEAM,194/8,2223945,Life Republic Royals,195/7,Toss: JCB MIX CORPORATE TEAM opt to bat,3 wickets,Life Republic Royals,Resulted,0,0,2026-09-01T20:30:29.296971+00:00
25607377,Limited Overs,LEATHER,past,2026-06-20T01:55:00.000Z,3003,Pune,427292,SILVER CRICKET ACADAMY - CHIKHALI,1141318,KPL  Match ,,2191835,Super Knockout,9209446,RudraRoyal,151/1,9175480,Glory Cricket Club,152/8,Toss: Glory Cricket Club opt to field,2 wickets,Glory Cricket Club,Resulted,0,0,2026-09-01T20:30:29.296971+00:00
25616925,Limited Overs,LEATHER,past,2026-06-21T04:21:58.000Z,3003,Pune,1130386,Shourya Cricket Ground,1911211,Shourya Sports T20 Championship ,,3724123,League Matches,6356807,Cap Crusaders,79/10,8490459,Elite Rising Stars,80/6,Toss: Elite Rising Stars opt to field,4 wickets,Elite Rising Stars,Resulted,0,0,2026-09-01T20:30:29.296971+00:00
25629933,Limited Overs,TENNIS,past,2026-06-20T11:41:22.000Z,3003,Pune,242457,Hajare Sports Club,,,,,,13562418,The Address Heroes,98/8,5204357,FEARLESS WARRIORS,81/10,Toss: The Address Heroes opt to bat,17 runs,The Address Heroes,Resulted,0,0,2026-09-01T20:30:29.296971+00:00
25633867,Limited Overs,TENNIS,past,2026-06-20T03:23:54.000Z,3003,Pune,343490,"Pune Cricket Club, Wagholi",,,,,,10989084,MCC XI,137/3,9310932,Wildwoods Lions,137/10,Toss: MCC XI opt to bat,137 runs,,Tie,0,0,2026-09-01T20:30:29.296971+00:00
25634023,Limited Overs,TENNIS,past,2026-06-23T01:46:00.000Z,3003,Pune,242457,Hajare Sports Club,,,,,,12064759,The Voyagers,139/8,13278783,Spartan Cricket Club,70/10,Toss: The Voyagers opt to bat,69 runs,The Voyagers,Resulted,0,0,2026-09-01T20:30:29.296971+00:00
25635636,Limited Overs,TENNIS,past,2026-06-20T01:43:54.000Z,3003,Pune,64537,DN Parande,,,,,,9325150,Manhattan Cricket Team,165/6,11350837,Champions,65/10,Toss: Manhattan Cricket Team opt to bat,100 runs,Manhattan Cricket Team,Resulted,0,0,2026-09-01T20:30:29.296971+00:00
25644783,Limited Overs,TENNIS,past,2026-06-20T01:58:00.000Z,2811,Dombivli,62593,Umbarli,2065810,Friendly cricket match,,4090006,Super Eight,13978117,Sandip XI,115/12,13978115,Reddy XI,118/7,Toss: Reddy XI opt to field,3 wickets,Reddy XI,Resulted,0,0,2026-09-01T20:30:29.296971+00:00
25662447,Limited Overs,TENNIS,past,2026-06-20T16:11:10.000Z,2782,Chinchwad,878449,Cricket Haven Sports Club,,,,,,13994516,Rising 11 Rangers,129/10,13994334,19 GW Smashers,113/7,Toss: 19 GW Smashers opt to field,16 runs,Rising 11 Rangers,Resulted,0,0,2026-09-01T20:30:29.296971+00:00
25668683,Limited Overs,TENNIS,past,2026-06-21T01:07:58.000Z,3003,Pune,439566,"Embassy TechZone Cricket Ground, Hinjewadi",,,,,,13643783,Bindass Bhide,101/10,13643771,Zabardast Jetha,105/3,Toss: Bindass Bhide opt to bat,6 wickets,Zabardast Jetha,Resulted,0,0,2026-09-01T20:30:29.296971+00:00
25674502,Limited Overs,TENNIS,past,2026-06-21T01:44:51.000Z,2811,Dombivli,62593,Umbarli,2065810,Friendly cricket match,,4041390,Round One,13978115,Reddy XI,102/13,13978117,Sandip XI,70/11,Toss: Sandip XI opt to field,32 runs,Reddy XI,Resulted,0,0,2026-09-01T20:30:29.296971+00:00
25680883,Limited Overs,TENNIS,past,2026-06-21T03:35:00.000Z,3003,Pune,802288,AKPC,,,,,,4224957,Aeropolis Indians,158/5,9325150,Manhattan Cricket Team,130/9,Toss: Aeropolis Indians opt to bat,28 runs,Aeropolis Indians,Resulted,0,0,2026-09-01T20:30:29.296971+00:00
25734091,Limited Overs,TENNIS,past,2026-06-26T01:30:06.000Z,3003,Pune,1158146,Tripple Crown Jambe,1363924,Performance League ,,2629026,League Matches,3636749,CricMasters,127/9,3694193,Old Monk X1 Cricket Club,133/2,Toss: Old Monk X1 Cricket Club opt to field,8 wickets,Old Monk X1 Cricket Club,Resulted,0,0,2026-09-01T20:30:29.296971+00:00
25756897,Limited Overs,TENNIS,past,2026-06-25T01:52:18.000Z,3003,Pune,987380,"Lords Of Mulshi, Kasarsai",,,,,,13319036,Revs X1,171/6,13349483,Boundary Blasters,93/10,Toss: Boundary Blasters opt to field,78 runs,Revs X1,Resulted,0,0,2026-09-01T20:30:29.296971+00:00
25758056,Limited Overs,TENNIS,past,2026-06-25T01:45:51.000Z,3003,Pune,242457,Hajare Sports Club,,,,,,12064759,The Voyagers,90/10,13278783,Spartan Cricket Club,91/4,Toss: The Voyagers opt to bat,6 wickets,Spartan Cricket Club,Resulted,0,0,2026-09-01T20:30:29.296971+00:00
25765780,Limited Overs,TENNIS,past,2026-06-28T01:26:39.000Z,3003,Pune,343490,"Pune Cricket Club, Wagholi",,,,,,7499674,Purvanchal Hunters,120/10,10989084,MCC XI,124/5,Toss: Purvanchal Hunters opt to bat,5 wickets,MCC XI,Resulted,0,0,2026-09-01T20:30:29.296971+00:00
25789390,Limited Overs,TENNIS,past,2026-06-27T01:34:00.000Z,3003,Pune,423486,AK Kotkar DY Patil Ground Salumbre,,,,,,12285314,Epam CC,147/7,5302849,LR TUSKERS,73/10,Toss: LR TUSKERS opt to field,74 runs,Epam CC,Resulted,0,0,2026-09-01T20:30:29.296971+00:00
25790587,Limited Overs,LEATHER,past,2026-06-28T12:28:57.000Z,3003,Pune,282913,Cricathon Cricket Ground,2006387,Cricathon Night Weekend S7 T20,,3923314,League Matches,2223945,Life Republic Royals,163/8,13391833,Cambridge Parents Forum,164/8,Toss: Cambridge Parents Forum opt to field,2 wickets,Cambridge Parents Forum,Resulted,0,0,2026-09-01T20:30:29.296971+00:00
25794276,Limited Overs,TENNIS,past,2026-06-27T01:29:05.000Z,3003,Pune,837481,CHANGBHALE CRICKET GROUND,,,,,,4737856,Province Strikers Cricket Club,110/9 & 10/0,4950563,Adiamville Avengers,110/10 & 9/0,Toss: Province Strikers Cricket Club opt to bat,Match Tied (Province Strikers Cricket Club won the super over),Province Strikers Cricket Club,Resulted,0,1,2026-09-01T20:30:29.296971+00:00
25795735,Limited Overs,TENNIS,past,2026-06-29T01:45:49.000Z,3003,Pune,1153384,TRIPLE CROWN CRICKET GROUND,,,,,,3694193,Old Monk X1 Cricket Club,172/6,13171800,Shivneri XI Ravet,89/9,Toss: Old Monk X1 Cricket Club opt to bat,83 runs,Old Monk X1 Cricket Club,Resulted,0,0,2026-09-01T20:30:29.296971+00:00
25797544,Limited Overs,TENNIS,past,2026-06-28T01:15:14.000Z,3003,Pune,423486,AK Kotkar DY Patil Ground Salumbre,,,,,,5146670,LR Fearless Fighters,131/9,11656889,Signature Strikers,127/10,Toss: Signature Strikers opt to field,4 runs,LR Fearless Fighters,Resulted,0,0,2026-09-01T20:30:29.296971+00:00
25808412,Limited Overs,LEATHER,past,2026-06-27T11:53:43.000Z,3003,Pune,1153384,TRIPLE CROWN CRICKET GROUND,,,,,,9175480,Glory Cricket Club,51/10,7333870,V THE WARRIORS,53/1,Toss: Glory Cricket Club opt to bat,9 wickets,V THE WARRIORS,Resulted,0,0,2026-09-01T20:30:29.296971+00:00
25824185,Limited Overs,LEATHER,past,2026-06-27T14:21:03.000Z,3003,Pune,1153384,TRIPLE CROWN CRICKET GROUND,,,,,,7333870,V THE WARRIORS,98/4,9175480,Glory Cricket Club,83/4,Toss: V THE WARRIORS opt to bat,15 runs,V THE WARRIORS,Resulted,0,0,2026-09-01T20:30:29.296971+00:00
25826095,Limited Overs,TENNIS,past,2026-06-28T01:38:18.000Z,3003,Pune,641311,Prandwal Sports,,,,,,6026127,Trojans,185/7,11818626,Mantra Tigers,81/10,Toss: Mantra Tigers opt to field,104 runs,Trojans,Resulted,0,0,2026-09-01T20:30:29.296971+00:00
25828246,Limited Overs,TENNIS,past,2026-06-28T01:35:30.000Z,3003,Pune,439566,"Embassy TechZone Cricket Ground, Hinjewadi",,,,,,14074609,House Lannister,150/10,14074503,House Stark,152/6,Toss: House Lannister opt to bat,4 wickets,House Stark,Resulted,0,0,2026-09-01T20:30:29.296971+00:00
25836193,Limited Overs,TENNIS,past,2026-06-28T03:42:06.000Z,3003,Pune,964551,Lords of Mulshi,,,,,,9770927,Hanumankinda,128/10,3482011,Range Hills Rangers,129/5,Toss: Hanumankinda opt to bat,5 wickets,Range Hills Rangers,Resulted,0,0,2026-09-01T20:30:29.296971+00:00
25842483,Limited Overs,TENNIS,past,2026-06-28T06:12:01.000Z,3003,Pune,6853,Infinity Cricket Ground,,,,,,12285314,Epam CC,97/5,13870046,Cricket Addicts,Yet to bat,Toss: Epam CC opt to bat,Match Abandoned Due to Rain,,Abandoned,0,0,2026-09-01T20:30:29.296971+00:00
25886225,Limited Overs,TENNIS,past,2026-06-30T01:44:11.000Z,3003,Pune,765099,Kings Dhanori,,,,,,9567091,11 Marvels,86/9,9325150,Manhattan Cricket Team,87/7,Toss: 11 Marvels opt to bat,3 wickets,Manhattan Cricket Team,Resulted,0,0,2026-09-01T20:30:29.296971+00:00
25887394,Limited Overs,TENNIS,past,2026-06-30T03:07:56.000Z,3003,Pune,765099,Kings Dhanori,,,,,,9325150,Manhattan Cricket Team,68/3,9567091,11 Marvels,52/7,Toss: Manhattan Cricket Team opt to bat,16 runs,Manhattan Cricket Team,Resulted,0,0,2026-09-01T20:30:29.296971+00:00
26058850,Limited Overs,TENNIS,past,2026-07-12T05:49:59.000Z,3003,Pune,600252,MOZE GROUND LOHGAON,,,,,,9325150,Manhattan Cricket Team,171/4,13981554,Fighters XI,135/6,Toss: Fighters XI opt to field,36 runs,Manhattan Cricket Team,Resulted,0,0,2026-09-01T20:30:29.296971+00:00
26113420,Limited Overs,TENNIS,past,2026-07-15T01:40:28.000Z,3003,Pune,1153384,TRIPLE CROWN CRICKET GROUND,,,,,,3694193,Old Monk X1 Cricket Club,135/8,5425634,Swarajya,104/9,Toss: Swarajya opt to field,31 runs,Old Monk X1 Cricket Club,Resulted,0,0,2026-09-01T20:30:29.296971+00:00
26128142,Limited Overs,TENNIS,past,2026-07-18T01:24:39.000Z,3003,Pune,1153384,TRIPLE CROWN CRICKET GROUND,,,,,,11656889,Signature Strikers,66/10,6756233,The Underdogs,70/2,Toss: The Underdogs opt to field,8 wickets,The Underdogs,Resulted,0,0,2026-09-01T20:30:29.296971+00:00
26136627,Box Cricket,TENNIS,past,2026-07-19T06:07:20.000Z,2964,Nashik,673902,Battle Ground Turf,2128517,Serene Meadows Monsoon Cup 2026,,4161347,League Matches,14207858,MIRABEL MARVELS,49/7,14207856,ROYAL WARRIORS,55/1,Toss: ROYAL WARRIORS opt to field,6 wickets,ROYAL WARRIORS,Resulted,0,0,2026-09-01T20:30:29.296971+00:00
26136630,Box Cricket,TENNIS,past,2026-07-19T07:12:42.000Z,2964,Nashik,673902,Battle Ground Turf,2128517,Serene Meadows Monsoon Cup 2026,,4161347,League Matches,14207856,ROYAL WARRIORS,60/5,14207855,NOVA STRIKERS,62/4,Toss: NOVA STRIKERS opt to field,3 wickets,NOVA STRIKERS,Resulted,0,0,2026-09-01T20:30:29.296971+00:00
26136632,Box Cricket,TENNIS,past,2026-07-19T08:03:34.000Z,2964,Nashik,673902,Battle Ground Turf,2128517,Serene Meadows Monsoon Cup 2026,,4161347,League Matches,14207859,ROARING LIONS,48/7,14207856,ROYAL WARRIORS,50/3,Toss: ROYAL WARRIORS opt to field,4 wickets,ROYAL WARRIORS,Resulted,0,0,2026-09-01T20:30:29.296971+00:00
26136634,Box Cricket,TENNIS,past,2026-07-19T09:00:52.000Z,2964,Nashik,673902,Battle Ground Turf,2128517,Serene Meadows Monsoon Cup 2026,,4161347,League Matches,14207856,ROYAL WARRIORS,79/4,14207854,DYNASTIC BLASTERS,73/5,Toss: DYNASTIC BLASTERS opt to field,6 runs,ROYAL WARRIORS,Resulted,0,0,2026-09-01T20:30:29.296971+00:00
26136638,Box Cricket,TENNIS,past,2026-07-19T10:43:22.000Z,2964,Nashik,673902,Battle Ground Turf,2128517,Serene Meadows Monsoon Cup 2026,,4161347,League Matches,14207862,ARJUN ARCHERS,75/7,14207856,ROYAL WARRIORS,73/6,Toss: ARJUN ARCHERS opt to bat,2 runs,ARJUN ARCHERS,Resulted,0,0,2026-09-01T20:30:29.296971+00:00
26137572,Limited Overs,TENNIS,past,2026-07-17T01:31:00.000Z,3003,Pune,1158146,Tripple Crown Jambe,1363924,Performance League ,,2629026,League Matches,3636749,CricMasters,136/9,3694193,Old Monk X1 Cricket Club,120/8,Toss: Old Monk X1 Cricket Club opt to field,16 runs,CricMasters,Resulted,0,0,2026-09-01T20:30:29.296971+00:00
26139280,Limited Overs,TENNIS,past,2026-07-18T06:16:06.000Z,3003,Pune,1007350,"TEERTH CRICKET GROUND, Lower (Sus)",2097687,Samanvay MONSOON Cricket Season,,4101086,League Matches,6830244,IVORY STRIKERS,84/8,6941126,SAMANVAY,86/3,Toss: IVORY STRIKERS opt to bat,9 wickets,SAMANVAY,Resulted,0,0,2026-09-01T20:30:29.296971+00:00
26140056,Limited Overs,TENNIS,past,2026-07-17T01:43:48.000Z,3003,Pune,1080953,"Spark A1 Cricket Ground, Jambhe",,,,,,11100295,Decepticons,104/9,12746092,FRIENDS UNITED,86/10,Toss: FRIENDS UNITED opt to field,18 runs,Decepticons,Resulted,0,0,2026-09-01T20:30:29.296971+00:00
26180553,Limited Overs,TENNIS,past,2026-07-18T02:55:26.000Z,3003,Pune,1153384,TRIPLE CROWN CRICKET GROUND,,,,,,6756233,The Underdogs,46/4,11656889,Signature Strikers,33/8,Toss: The Underdogs opt to bat,13 runs,The Underdogs,Resulted,0,0,2026-09-01T20:30:29.296971+00:00
26215530,Limited Overs,TENNIS,past,2026-07-19T06:00:29.000Z,3003,Pune,1049592,Munjaba Cricket Ground (MCG),,,,,,12005945,Shivray 11,115/6,11403591,Op 11,109/7,Toss: Shivray 11 opt to bat,6 runs,Shivray 11,Resulted,0,0,2026-09-01T20:30:29.296971+00:00
26219742,Limited Overs,TENNIS,past,2026-07-19T08:11:04.000Z,3003,Pune,1049592,Munjaba Cricket Ground (MCG),,,,,,12005945,Shivray 11,77/2,11403591,Op 11,80/1,Toss: Shivray 11 opt to bat,9 wickets,Op 11,Resulted,0,0,2026-09-01T20:30:29.296971+00:00
26227784,Box Cricket,TENNIS,past,2026-07-19T11:40:15.000Z,2964,Nashik,673902,Battle Ground Turf,2128517,Serene Meadows Monsoon Cup 2026,,4161349,Qualifier 1,14207856,ROYAL WARRIORS,67/5,14207855,NOVA STRIKERS,71/2,Toss: NOVA STRIKERS opt to field,5 wickets,NOVA STRIKERS,Resulted,0,0,2026-09-01T20:30:29.296971+00:00
26229524,Box Cricket,TENNIS,past,2026-07-19T12:41:56.000Z,2964,Nashik,673902,Battle Ground Turf,2128517,Serene Meadows Monsoon Cup 2026,,4161351,Qualifier  2,14207862,ARJUN ARCHERS,61/4,14207856,ROYAL WARRIORS,64/1,Toss: ROYAL WARRIORS opt to field,6 wickets,ROYAL WARRIORS,Resulted,0,0,2026-09-01T20:30:29.296971+00:00
26230096,Box Cricket,TENNIS,past,2026-07-19T13:05:40.000Z,2964,Nashik,673902,Battle Ground Turf,2128517,Serene Meadows Monsoon Cup 2026,,4161348,Final,14207856,ROYAL WARRIORS,75/4,14207855,NOVA STRIKERS,76/1,Toss: NOVA STRIKERS opt to field,6 wickets,NOVA STRIKERS,Resulted,0,0,2026-09-01T20:30:29.296971+00:00
26371246,Box Cricket,TENNIS,past,2026-07-29T12:54:54.000Z,2964,Nashik,1036685,Palm Turff,2138832,Morning star Cricket Tournament July 2026,,4181363,League Matches,14269426,Team Sahyadri Ultimate Legend,71/3,14269456,Team Power Play Golden Worriers,64/4,Toss: Team Sahyadri Ultimate Legend opt to bat,7 runs,Team Sahyadri Ultimate Legend,Resulted,0,0,2026-09-01T20:30:29.296971+00:00
26371251,Box Cricket,TENNIS,past,2026-07-29T13:47:39.000Z,2964,Nashik,1036685,Palm Turff,2138832,Morning star Cricket Tournament July 2026,,4181363,League Matches,14269433,Team Power Play Rising Star,92/4,14269456,Team Power Play Golden Worriers,35/4,Toss: Team Power Play Golden Worriers opt to field,57 runs,Team Power Play Rising Star,Resulted,0,0,2026-09-01T20:30:29.296971+00:00
26371255,Box Cricket,TENNIS,past,2026-07-29T14:44:25.000Z,2964,Nashik,1036685,Palm Turff,2138832,Morning star Cricket Tournament July 2026,,4181363,League Matches,14269429,Team Morning Star Supreme Star,76/4,14269456,Team Power Play Golden Worriers,80/1,Toss: Team Power Play Golden Worriers opt to field,4 wickets,Team Power Play Golden Worriers,Resulted,0,0,2026-09-01T20:30:29.296971+00:00
26371258,Box Cricket,TENNIS,past,2026-07-29T15:09:50.000Z,2964,Nashik,1036685,Palm Turff,2138832,Morning star Cricket Tournament July 2026,,4181363,League Matches,14269456,Team Power Play Golden Worriers,52/3,14269449,Team Powe Play Victory Kings,56/4,Toss: Team Powe Play Victory Kings opt to field,1 wicket,Team Powe Play Victory Kings,Resulted,0,0,2026-09-01T20:30:29.296971+00:00
26371260,Box Cricket,TENNIS,past,2026-07-29T15:48:28.000Z,2964,Nashik,1036685,Palm Turff,2138832,Morning star Cricket Tournament July 2026,,4181363,League Matches,14269431,Team Morning Star Dyanamic Smashers,67/4,14269456,Team Power Play Golden Worriers,68/1,Toss: Team Power Play Golden Worriers opt to field,4 wickets,Team Power Play Golden Worriers,Resulted,0,0,2026-09-01T20:30:29.296971+00:00
26374245,Box Cricket,TENNIS,past,2026-07-29T17:11:53.000Z,2964,Nashik,1036685,Palm Turff,2138832,Morning star Cricket Tournament July 2026,,4181366,Eliminator,14269426,Team Sahyadri Ultimate Legend,96/4,14269456,Team Power Play Golden Worriers,79/5,Toss: Team Sahyadri Ultimate Legend opt to bat,17 runs,Team Sahyadri Ultimate Legend,Resulted,0,0,2026-09-01T20:30:29.296971+00:00
26486266,Limited Overs,OTHER,past,2026-08-09T02:55:00.000Z,2811,Dombivli,62593,Umbarli,2152817,Rubber Ball Cricket Tournament ,,4210251,League Matches,14349527,LSG TEAM C,62/7,14349525,LSG TEAM B,64/3,Toss: LSG TEAM B opt to field,7 wickets,LSG TEAM B,resulted,0,0,2026-09-01T20:30:29.296971+00:00
26486267,Limited Overs,OTHER,past,2026-08-09T05:32:46.000Z,2811,Dombivli,62593,Umbarli,2152817,Rubber Ball Cricket Tournament ,,4210251,League Matches,14349530,LSG TEAM D,75/8,14349527,LSG TEAM C,73/6,Toss: LSG TEAM C opt to field,2 runs,LSG TEAM D,resulted,0,0,2026-09-01T20:30:29.296971+00:00
26486270,Limited Overs,OTHER,past,2026-08-09T09:52:47.000Z,2811,Dombivli,62593,Umbarli,2152817,Rubber Ball Cricket Tournament ,,4210251,League Matches,14349522,LSG TEAM A,83/4,14349527,LSG TEAM C,84/3,Toss: LSG TEAM C opt to field,7 wickets,LSG TEAM C,resulted,0,0,2026-09-01T20:30:29.296971+00:00
26489349,Box Cricket,TENNIS,past,2026-08-08T06:25:32.000Z,2964,Nashik,1098243,CricBox Multisport Turf,2153208,Serene Meadows Independence Cup ,,4210795,League Matches,14351564,Legends,67/7,14351556,Amozon Dominators,69/3,Toss: Amozon Dominators opt to field,4 wickets,Amozon Dominators,resulted,0,0,2026-09-01T20:30:29.296971+00:00
26489352,Box Cricket,TENNIS,past,2026-08-08T07:40:16.000Z,2964,Nashik,1098243,CricBox Multisport Turf,2153208,Serene Meadows Independence Cup ,,4210795,League Matches,14351556,Amozon Dominators,97/2,14351544,Nova Strikers,88/4,Toss: Nova Strikers opt to field,9 runs,Amozon Dominators,resulted,0,0,2026-09-01T20:30:29.296971+00:00
26489354,Box Cricket,TENNIS,past,2026-08-08T08:28:48.000Z,2964,Nashik,1098243,CricBox Multisport Turf,2153208,Serene Meadows Independence Cup ,,4210795,League Matches,14351580,Luxuria Warriors,52/5,14351556,Amozon Dominators,55/1,Toss: Luxuria Warriors opt to bat,7 wickets,Amozon Dominators,resulted,0,0,2026-09-01T20:30:29.296971+00:00
26489357,Box Cricket,TENNIS,past,2026-08-08T09:10:34.000Z,2964,Nashik,1098243,CricBox Multisport Turf,2153208,Serene Meadows Independence Cup ,,4210795,League Matches,14351572,Fortune Super Kings,62/5,14351556,Amozon Dominators,68/3,Toss: Amozon Dominators opt to field,5 wickets,Amozon Dominators,resulted,0,0,2026-09-01T20:30:29.296971+00:00
26489364,Box Cricket,TENNIS,past,2026-08-08T12:05:38.000Z,2964,Nashik,1098243,CricBox Multisport Turf,2153208,Serene Meadows Independence Cup ,,4210795,League Matches,14351556,Amozon Dominators,31/7,14351538,Raya Boys,37/1,Toss: Raya Boys opt to field,6 wickets,Raya Boys,resulted,0,0,2026-09-01T20:30:29.296971+00:00
26489368,Box Cricket,TENNIS,past,2026-08-08T11:35:07.000Z,2964,Nashik,1098243,CricBox Multisport Turf,2153208,Serene Meadows Independence Cup ,,4210795,League Matches,14351575,Arjun Archers,119/5,14351556,Amozon Dominators,95/4,Toss: Arjun Archers opt to bat,24 runs,Arjun Archers,resulted,0,0,2026-09-01T20:30:29.296971+00:00
26512554,Box Cricket,TENNIS,past,2026-08-08T10:06:38.000Z,3003,Pune,639627,"MatchDay Arena, Wakad",2149396,Wakad Olympics Mens 2026,,4213278,League Matches,14338947,KS Hurricanes,79/2,14338050,Panache Paltan,74/2,Toss: KS Hurricanes opt to bat,5 runs,KS Hurricanes,resulted,0,0,2026-09-01T20:30:29.296971+00:00
26512618,Box Cricket,TENNIS,past,2026-08-08T13:06:08.000Z,3003,Pune,639627,"MatchDay Arena, Wakad",2149396,Wakad Olympics Mens 2026,,4213278,League Matches,14339062,RCC,88/6,14338050,Panache Paltan,38/2,Toss: RCC opt to bat,50 runs,RCC,resulted,0,0,2026-09-01T20:30:29.296971+00:00
26518941,Box Cricket,TENNIS,past,2026-08-08T12:04:02.000Z,3003,Pune,639627,"MatchDay Arena, Wakad",2149396,Wakad Olympics Mens 2026,,4213278,League Matches,14338050,Panache Paltan,32/6,14338100,Sara Rising Champions - Wakad Olympic 2026,35/1,Toss: Sara Rising Champions - Wakad Olympic 2026 opt to field,6 wickets,Sara Rising Champions - Wakad Olympic 2026,resulted,0,0,2026-09-01T20:30:29.296971+00:00
26522156,Box Cricket,TENNIS,past,2026-08-08T15:09:49.000Z,2964,Nashik,1098243,CricBox Multisport Turf,2153208,Serene Meadows Independence Cup ,,4215935,Eliminator,14351556,Amozon Dominators,109/4,14351572,Fortune Super Kings,29/7,Toss: Fortune Super Kings opt to field,80 runs,Amozon Dominators,resulted,0,0,2026-09-01T20:30:29.296971+00:00
26522665,Box Cricket,TENNIS,past,2026-08-08T15:35:22.000Z,2964,Nashik,1098243,CricBox Multisport Turf,2153208,Serene Meadows Independence Cup ,,4215936,Qualifier  2,14351556,Amozon Dominators,49/7,14351575,Arjun Archers,53/1,Toss: Amozon Dominators opt to bat,7 wickets,Arjun Archers,resulted,0,0,2026-09-01T20:30:29.296971+00:00
26523383,Limited Overs,TENNIS,past,2026-08-08T16:12:41.000Z,3003,Pune,531658,ground zero Gmall Manjari Keshavnagar,,,,,,11672837,Rajus legend,87/3,12636650,Vaibhav legend,90/3,Toss: Rajus legend opt to bat,7 wickets,Vaibhav legend,resulted,0,0,2026-09-01T20:30:29.296971+00:00
26524427,Limited Overs,TENNIS,past,2026-08-09T10:32:18.000Z,3003,Pune,559750,dighi,2154884,KGF Monsoon Cup 2026,,4216193,League Matches,14365517,KGF WARRIOR,53/3,14360915,Team mavericks,31/2,Toss: Team mavericks opt to field,22 runs,KGF WARRIOR,resulted,0,0,2026-09-01T20:30:29.296971+00:00
26524543,Limited Overs,TENNIS,past,2026-08-09T06:54:50.000Z,3003,Pune,559750,dighi,2154884,KGF Monsoon Cup 2026,,4216193,League Matches,14360915,Team mavericks,77/4,14365992,Winners team,32/6,Toss: Winners team opt to field,45 runs,Team mavericks,resulted,0,0,2026-09-01T20:30:29.296971+00:00
26524613,Limited Overs,TENNIS,past,2026-08-08T17:09:37.000Z,3003,Pune,531658,ground zero Gmall Manjari Keshavnagar,,,,,,12636650,Vaibhav legend,107/6,11672837,Rajus legend,85/4,Toss: Vaibhav legend opt to bat,22 runs,Vaibhav legend,resulted,0,0,2026-09-01T20:30:29.296971+00:00
26551446,Limited Overs,OTHER,past,2026-08-09T11:03:35.000Z,2811,Dombivli,62593,Umbarli,2152817,Rubber Ball Cricket Tournament ,,4210252,Eliminator,14349522,LSG TEAM A,87/6,14349527,LSG TEAM C,88/1,Toss: LSG TEAM A opt to bat,9 wickets,LSG TEAM C,resulted,0,0,2026-09-01T20:30:29.296971+00:00
26553810,Limited Overs,OTHER,past,2026-08-09T12:18:54.000Z,2811,Dombivli,62593,Umbarli,2152817,Rubber Ball Cricket Tournament ,,4210254,Final,14349530,LSG TEAM D,76/9,14349527,LSG TEAM C,77/3,Toss: LSG TEAM D opt to bat,7 wickets,LSG TEAM C,resulted,0,0,2026-09-01T20:30:29.296971+00:00
26555467,Limited Overs,TENNIS,past,2026-08-09T13:30:14.000Z,3003,Pune,559750,dighi,2154884,KGF Monsoon Cup 2026,,4220450,Semi Final,14361115,KGF FITNESS Dighi Dominators,49/3 & 49/3,14360915,Team mavericks,50/0 & 50/0,Toss: KGF FITNESS Dighi Dominators opt to bat,9 wickets,Team mavericks,resulted,0,0,2026-09-01T20:30:29.296971+00:00
26556071,Limited Overs,TENNIS,past,2026-08-09T14:05:56.000Z,3003,Pune,559750,dighi,2154884,KGF Monsoon Cup 2026,,4220730,Final,14360813,Commandos,64/1,14360915,Team mavericks,30/1,Toss: Team mavericks opt to field,34 runs,Commandos,resulted,0,0,2026-09-01T20:30:29.296971+00:00
26615040,Limited Overs,TENNIS,past,2026-08-15T02:27:39.000Z,3003,Pune,414073,Megapolis Sunway Park,2162600,Megapolis Cricket Clash,,4230289,League Matches,14404188,The Titans,50/5,14404219,Defeat Donors,28/7,Toss: Defeat Donors opt to field,22 runs,The Titans,resulted,0,0,2026-09-01T20:30:29.296971+00:00
26615041,Limited Overs,TENNIS,past,2026-08-16T03:23:24.000Z,3003,Pune,414073,Megapolis Sunway Park,2162600,Megapolis Cricket Clash,,4230289,League Matches,14404219,Defeat Donors,35/6,14404097,Team Piyush,36/2,Toss: Team Piyush opt to field,5 wickets,Team Piyush,resulted,0,0,2026-09-01T20:30:29.296971+00:00
26615045,Limited Overs,TENNIS,past,2026-08-16T02:34:04.000Z,3003,Pune,414073,Megapolis Sunway Park,2162600,Megapolis Cricket Clash,,4230289,League Matches,14404188,The Titans,56/4,14404219,Defeat Donors,46/6,Toss: Defeat Donors opt to field,10 runs,The Titans,resulted,0,0,2026-09-01T20:30:29.296971+00:00
26615046,Limited Overs,TENNIS,past,2026-08-15T01:44:16.000Z,3003,Pune,414073,Megapolis Sunway Park,2162600,Megapolis Cricket Clash,,4230289,League Matches,14404097,Team Piyush,42/3,14404219,Defeat Donors,45/2,Toss: Defeat Donors opt to field,5 wickets,Defeat Donors,resulted,0,0,2026-09-01T20:30:29.296971+00:00
26618632,Limited Overs,TENNIS,past,2026-08-15T03:16:35.000Z,2964,Nashik,1036685,Palm Turff,2162987,HCC TOURNAMENT ,,4231022,League Matches,14406371,Tiranga Titans,55/6,14406385,Bharat blasters,56/4,Toss: Tiranga Titans opt to bat,2 wickets,Bharat blasters,resulted,0,0,2026-09-01T20:30:29.296971+00:00
26624314,Limited Overs,TENNIS,past,2026-08-15T01:33:10.000Z,2964,Nashik,1036685,Palm Turff,2162987,HCC TOURNAMENT ,,4231022,League Matches,14406373,Tiranga warriors,43/2,14406385,Bharat blasters,44/3,Toss: Bharat blasters opt to field,3 wickets,Bharat blasters,resulted,0,0,2026-09-01T20:30:29.296971+00:00
26625076,Limited Overs,TENNIS,past,2026-08-15T01:58:52.000Z,2964,Nashik,1036685,Palm Turff,2162987,HCC TOURNAMENT ,,4231022,League Matches,14406385,Bharat blasters,33/6,14406391,Bharat Champions,35/5,Toss: Bharat Champions opt to field,1 wicket,Bharat Champions,resulted,0,0,2026-09-01T20:30:29.296971+00:00
26628517,Limited Overs,TENNIS,past,2026-08-15T04:03:17.000Z,2964,Nashik,1036685,Palm Turff,2162987,HCC TOURNAMENT ,,4232525,Quarter Final,14406385,Bharat blasters,104/2,14406373,Tiranga warriors,84/3,Toss: Bharat blasters opt to bat,20 runs,Bharat blasters,resulted,0,0,2026-09-01T20:30:29.296971+00:00
26630810,Limited Overs,TENNIS,past,2026-08-15T05:24:21.000Z,2964,Nashik,1036685,Palm Turff,2162987,HCC TOURNAMENT ,,4231024,Final,14406385,Bharat blasters,84/2,14406371,Tiranga Titans,68/4,Toss: Bharat blasters opt to bat,16 runs,Bharat blasters,resulted,0,0,2026-09-01T20:30:29.296971+00:00
26714177,Limited Overs,TENNIS,past,2026-08-20T01:31:36.000Z,3003,Pune,980646,Sports Stories Chinchwad,,,,,,13349483,Boundary Blasters,81/10,14441542,Aero Blasters,82/3,Toss: Boundary Blasters opt to bat,7 wickets,Aero Blasters,resulted,0,0,2026-09-01T20:30:29.296971+00:00
26717190,Limited Overs,TENNIS,past,2026-08-20T02:32:39.000Z,3003,Pune,980646,Sports Stories Chinchwad,,,,,,14441542,Aero Blasters,179/6,13349483,Boundary Blasters,180/8,Toss: Aero Blasters opt to bat,2 wickets,Boundary Blasters,resulted,0,0,2026-09-01T20:30:29.296971+00:00
26718566,Limited Overs,TENNIS,past,2026-08-28T01:37:00.000Z,3003,Pune,409201,"Walke Sports Ground, Bhosari Alandi Road",,,,,,13278783,Spartan Cricket Club,164/3,12064759,The Voyagers,105/9,Toss: The Voyagers opt to field,59 runs,Spartan Cricket Club,resulted,0,0,2026-09-01T20:30:29.296971+00:00
26719594,Limited Overs,OTHER,past,2026-08-23T05:48:47.000Z,2811,Dombivli,62593,Umbarli,2169368,RUBBER Ball Cricket Tournament 2,,4246399,Super League,14443968,LSG A,112/8,14443979,OM Sai Diva,93/4,Toss: OM Sai Diva opt to field,19 runs,LSG A,resulted,0,0,2026-09-01T20:30:29.296971+00:00
26719597,Limited Overs,OTHER,past,2026-08-22T02:31:00.000Z,2811,Dombivli,62593,Umbarli,2169368,RUBBER Ball Cricket Tournament 2,,4246399,Super League,14443972,LSG B,104/4,14443968,LSG A,110/1,Toss: LSG A opt to field,9 wickets,LSG A,resulted,0,0,2026-09-01T20:30:29.296971+00:00
26719599,Limited Overs,OTHER,past,2026-08-23T03:09:39.000Z,2811,Dombivli,62593,Umbarli,2169368,RUBBER Ball Cricket Tournament 2,,4246399,Super League,14443976,Veer Maratha Dombivli,135/2,14443968,LSG A,104/10,Toss: Veer Maratha Dombivli opt to bat,31 runs,Veer Maratha Dombivli,resulted,0,0,2026-09-01T20:30:29.296971+00:00
26764815,Limited Overs,TENNIS,past,2026-08-23T03:30:49.000Z,3003,Pune,343490,"Pune Cricket Club, Wagholi",,,,,,8766484,Victory Vipers,163/6,8967314,RA Spartans,137/9,Toss: RA Spartans opt to field,26 runs (all out),Victory Vipers,resulted,0,0,2026-09-01T20:30:29.296971+00:00
26778327,Limited Overs,TENNIS,past,2026-08-23T07:53:23.000Z,2811,Dombivli,62593,Umbarli,2169368,RUBBER Ball Cricket Tournament 2,,4254375,Final,14443976,Veer Maratha Dombivli,135/3,14443968,LSG A,106/6,Toss: Veer Maratha Dombivli opt to bat,29 runs,Veer Maratha Dombivli,resulted,0,0,2026-09-01T20:30:29.296971+00:00
26820321,Limited Overs,TENNIS,past,2026-08-27T01:19:51.000Z,3003,Pune,980646,Sports Stories Chinchwad,,,,,,14441542,Aero Blasters,97/9,14484147,Turf Sixers,98/8,Toss: Aero Blasters opt to bat,2 wickets,Turf Sixers,resulted,0,0,2026-09-01T20:30:29.296971+00:00
26829966,Limited Overs,TENNIS,past,2026-08-27T02:27:45.000Z,3003,Pune,980646,Sports Stories Chinchwad,,,,,,14484147,Turf Sixers,148/9,14441542,Aero Blasters,154/2,Toss: Turf Sixers opt to bat,8 wickets,Aero Blasters,resulted,0,0,2026-09-01T20:30:29.296971+00:00
26849399,Limited Overs,TENNIS,past,2026-08-29T04:00:10.000Z,3003,Pune,1153384,TRIPLE CROWN CRICKET GROUND,,,,,,11100295,Decepticons,98/9,13503595,The Game Changers,99/4,Toss: The Game Changers opt to field,6 wickets,The Game Changers,resulted,0,0,2026-09-01T20:30:29.296971+00:00
26859972,Limited Overs,TENNIS,past,2026-08-29T05:50:37.000Z,3003,Pune,1153384,TRIPLE CROWN CRICKET GROUND,,,,,,13503595,The Game Changers,59/8,11100295,Decepticons,60/5,Toss: The Game Changers opt to bat,5 wickets,Decepticons,resulted,0,0,2026-09-01T20:30:29.296971+00:00
26877632,Limited Overs,TENNIS,past,2026-08-30T01:59:30.000Z,3004,Pune Cantonment,413379,Walke Cricket Ground,,,,,,4030225,Puneri Fighters,141/5,8572824,United Monks,134/6,Toss: United Monks opt to field,7 runs,Puneri Fighters,resulted,0,0,2026-09-01T20:30:29.296971+00:00
